<rss version="2.0" xmlns:atom="http://www.w3.org/2005/Atom">
  <channel>
    <title>Radius Docs – Radius Applications</title>
    <link>https://docs.radapp.io/guides/author-apps/application/</link>
    <description>Recent content in Radius Applications on Radius Docs</description>
    <generator>Hugo -- gohugo.io</generator>
    <language>en-us</language>
    
	  <atom:link href="https://docs.radapp.io/guides/author-apps/application/index.xml" rel="self" type="application/rss+xml" />
    
    
      
        
      
    
    
    <item>
      <title>Guides: Overview: Radius Applications</title>
      <link>https://docs.radapp.io/guides/author-apps/application/overview/</link>
      <pubDate>Mon, 01 Jan 0001 00:00:00 +0000</pubDate>
      
      <guid>https://docs.radapp.io/guides/author-apps/application/overview/</guid>
      <description>
        
        
        &lt;img src=&#34;application.png&#34; alt=&#34;Diagram of an application&#34; width=350px &gt;
&lt;p&gt;A Radius Application is the primary resource that brings all your &amp;ldquo;stuff&amp;rdquo; together. This can include services, dependencies, and relationships. Radius apps give you a single description and view into your entire application, and allow you to deploy and manage it easily.&lt;/p&gt;
&lt;h2 id=&#34;add-portability-to-your-application&#34;&gt;Add portability to your application&lt;/h2&gt;
&lt;p&gt;Radius Applications are designed to be cloud and platform agnostic. This means that you can define your application once, and deploy it to any cloud or platform that Radius supports. This allows you to easily move your application between clouds, or even between cloud and on-premises environments. Developers can define their requirements and dependencies (&lt;em&gt;Redis, SQL, Dapr, etc.&lt;/em&gt;) and operators can define the &lt;a href=&#34;https://docs.radapp.io/guides/deploy-apps/environments/overview/&#34;&gt;environments&lt;/a&gt; and &lt;a href=&#34;https://docs.radapp.io/guides/recipes/overview/&#34;&gt;Recipes&lt;/a&gt; that bind those requirements to the appropriate cloud resources.&lt;/p&gt;
&lt;img src=&#34;portable-resources.png&#34; alt=&#34;Diagram of portable resources binding to different clouds&#34; width=600px &gt;
&lt;p&gt;Learn more about portable resources in the &lt;a href=&#34;https://docs.radapp.io/guides/author-apps/portable-resources/overview/&#34;&gt;portable resources docs&lt;/a&gt; and &lt;a href=&#34;https://docs.radapp.io/guides/author-apps/dapr/overview/&#34;&gt;Dapr docs&lt;/a&gt;&lt;/p&gt;
&lt;h2 id=&#34;customize-your-application-with-extensions&#34;&gt;Customize your application with extensions&lt;/h2&gt;
&lt;p&gt;Extensions allow you to customize how resources are generated or customized as part of deployment.&lt;/p&gt;
&lt;h3 id=&#34;kubernetes-namespace-extension&#34;&gt;Kubernetes Namespace extension&lt;/h3&gt;
&lt;p&gt;The Kubernetes namespace extension allows you to customize how all of the resources within your application generate Kubernetes resources. See the &lt;a href=&#34;https://docs.radapp.io/guides/operations/kubernetes/overview/#resource-mapping&#34;&gt;Kubernetes mapping guide&lt;/a&gt; for more information on namespace mapping behavior&lt;/p&gt;
&lt;h3 id=&#34;kubernetes-metadata-extension&#34;&gt;Kubernetes Metadata extension&lt;/h3&gt;
&lt;p&gt;The &lt;a href=&#34;https://docs.radapp.io/guides/operations/kubernetes/kubernetes-metadata/&#34;&gt;Kubernetes Metadata extension&lt;/a&gt; enables you set and cascade Kubernetes metadata such as labels and Annotations on all the Kubernetes resources defined with in your Radius Application.&lt;/p&gt;
&lt;h2 id=&#34;query-and-understand-your-application-with-the-radius-application-graph&#34;&gt;Query and understand your application with the Radius Application Graph&lt;/h2&gt;
&lt;p&gt;Radius Applications are more than just client-side configuration and automation, they also provide a server-side graph of your application. This graph can be queried and used to understand your application, and can be used to power other Radius features and custom tooling. Refer to the &lt;a href=&#34;https://docs.radapp.io/concepts/api-concept/&#34;&gt;API concept docs&lt;/a&gt; and &lt;a href=&#34;https://docs.radapp.io/guides/operations/control-plane/howto-postman/&#34;&gt;Postman How-To guide&lt;/a&gt; for more information on how to query the application graph.&lt;/p&gt;
&lt;img src=&#34;app-graph.png&#34; alt=&#34;Diagram of the application graph&#34; width=500px &gt;
&lt;h2 id=&#34;resource-schema&#34;&gt;Resource schema&lt;/h2&gt;
&lt;p&gt;Refer to the &lt;a href=&#34;https://docs.radapp.io/reference/resource-schema/core-schema/application-schema/&#34;&gt;application schema docs&lt;/a&gt; for more information on how to define an application.&lt;/p&gt;









&lt;a class=&#34;btn  btn-primary&#34; href=&#34;https://docs.radapp.io/reference/resource-schema/core-schema/application-schema/&#34; role=&#34;button&#34;&gt;📄 Application schema&lt;/a&gt;&lt;br /&gt;
&lt;br /&gt;

      </description>
    </item>
    
  </channel>
</rss>
