<rss version="2.0" xmlns:atom="http://www.w3.org/2005/Atom">
  <channel>
    <title>Radius Docs – Application networking</title>
    <link>https://docs.radapp.io/guides/author-apps/networking/</link>
    <description>Recent content in Application networking on Radius Docs</description>
    <generator>Hugo -- gohugo.io</generator>
    <language>en-us</language>
    
	  <atom:link href="https://docs.radapp.io/guides/author-apps/networking/index.xml" rel="self" type="application/rss+xml" />
    
    
      
        
      
    
    
    <item>
      <title>Guides: Overview: Application networking</title>
      <link>https://docs.radapp.io/guides/author-apps/networking/overview/</link>
      <pubDate>Mon, 01 Jan 0001 00:00:00 +0000</pubDate>
      
      <guid>https://docs.radapp.io/guides/author-apps/networking/overview/</guid>
      <description>
        
        
        &lt;p&gt;Radius networking resources allow you to model:&lt;/p&gt;
&lt;ul&gt;
&lt;li&gt;Communication between services&lt;/li&gt;
&lt;li&gt;Communication between a user and a service&lt;/li&gt;
&lt;/ul&gt;
&lt;img src=&#34;networking.png&#34; alt=&#34;Diagram of a gateway with traffic going to a frontend container, which in turn sends traffic to the basket and catalog containers&#34; width=&#34;400px&#34;&gt;
&lt;h2 id=&#34;service-to-service-communication&#34;&gt;Service to service communication&lt;/h2&gt;
&lt;p&gt;Radius containers can define connections to other containers, just like they can define connections to dependencies.&lt;/p&gt;
&lt;p&gt;Network connections are defined as strings containing:&lt;/p&gt;
&lt;ul&gt;
&lt;li&gt;The &lt;strong&gt;scheme&lt;/strong&gt; (protocol) of the connection &lt;em&gt;(http, https, tcp, etc.)&lt;/em&gt;&lt;/li&gt;
&lt;li&gt;The &lt;strong&gt;target&lt;/strong&gt; container/service to connect to &lt;em&gt;(basket, catalog, etc.)&lt;/em&gt;&lt;/li&gt;
&lt;li&gt;The &lt;strong&gt;port&lt;/strong&gt; to connect to &lt;em&gt;(80, 443, etc.)&lt;/em&gt;&lt;/li&gt;
&lt;/ul&gt;
&lt;p&gt;For example, a frontend container may need to connect to a basket container. The frontend container would define a connection to the basket container, with the scheme &lt;code&gt;http&lt;/code&gt;, the target &lt;code&gt;basket&lt;/code&gt;, and the port &lt;code&gt;3000&lt;/code&gt;. The connection would look like this: &lt;code&gt;http://basket:3000&lt;/code&gt;.&lt;/p&gt;
&lt;img src=&#34;network-connection.png&#34; alt=&#34;Diagram showing the components of a network connection&#34; width=&#34;400px&#34;&gt;
&lt;p&gt;For more information on how to do service to service networking, visit the &lt;a href=&#34;https://docs.radapp.io/guides/author-apps/networking/service-networking/&#34;&gt;service networking how-to guide&lt;/a&gt;:&lt;/p&gt;









&lt;a class=&#34;btn  btn-primary&#34; href=&#34;https://docs.radapp.io/guides/author-apps/networking/service-networking/&#34; role=&#34;button&#34;&gt;How-To: Service to service networking&lt;/a&gt;&lt;br /&gt;
&lt;br /&gt;
&lt;h2 id=&#34;gateways&#34;&gt;Gateways&lt;/h2&gt;
&lt;p&gt;A &lt;code&gt;gateway&lt;/code&gt; defines how requests are routed to different resources, and also provides the ability to expose traffic to the internet. Conceptually, gateways allow you to have a single point of entry for traffic in your application, whether it be internal or external.&lt;/p&gt;
&lt;p&gt;Refer to the &lt;a href=&#34;https://docs.radapp.io/reference/resource-schema/core-schema/gateway/&#34;&gt;Gateway schema&lt;/a&gt; for more information on how to model gateways.&lt;/p&gt;
&lt;h3 id=&#34;tls-termination&#34;&gt;TLS Termination&lt;/h3&gt;
&lt;p&gt;Gateways support TLS termination. This allows incoming encrypted traffic to be decrypted with a user-specific certificate and then routed, unencrypted, to the specified routes. TLS certificates can be stored or referenced via a &lt;a href=&#34;https://docs.radapp.io/reference/resource-schema/core-schema/secretstore/&#34;&gt;Radius secret store&lt;/a&gt;.&lt;/p&gt;
&lt;h3 id=&#34;ssl-passthrough&#34;&gt;SSL Passthrough&lt;/h3&gt;
&lt;p&gt;A gateway can be configured to passthrough encrypted SSL traffic to an HTTP route and container. This is useful for applications that already have SSL termination configured, and do not want to terminate SSL at the gateway.&lt;/p&gt;
&lt;p&gt;To set up SSL passthrough, set &lt;code&gt;tls.sslPassthrough&lt;/code&gt; to &lt;code&gt;true&lt;/code&gt; on the gateway, and set a single route with no &lt;code&gt;path&lt;/code&gt; defined (just &lt;code&gt;destination&lt;/code&gt;).&lt;/p&gt;

      </description>
    </item>
    
    <item>
      <title>Guides: How To: Service to service networking</title>
      <link>https://docs.radapp.io/guides/author-apps/networking/service-networking/</link>
      <pubDate>Mon, 01 Jan 0001 00:00:00 +0000</pubDate>
      
      <guid>https://docs.radapp.io/guides/author-apps/networking/service-networking/</guid>
      <description>
        
        
        &lt;p&gt;This guide will show you how two services can communicate with each other. In this example, we will have a frontend container service that communicates with a backend container service.&lt;/p&gt;
&lt;img src=&#34;overview.png&#34; alt=&#34;Diagram of the frontend talking to the backend over HTTP port 80&#34; width=&#34;400px&#34; &gt;
&lt;h2 id=&#34;prerequisites&#34;&gt;Prerequisites&lt;/h2&gt;
&lt;ul&gt;
&lt;li&gt;&lt;a href=&#34;https://docs.radapp.io/installation/#step-1-install-the-rad-cli&#34;&gt;rad CLI&lt;/a&gt;&lt;/li&gt;
&lt;li&gt;&lt;a href=&#34;https://docs.radapp.io/installation/#step-2-install-the-vs-code-extension&#34;&gt;Radius Bicep VSCode extension&lt;/a&gt;&lt;/li&gt;
&lt;li&gt;&lt;a href=&#34;https://docs.radapp.io/installation/#step-3-initialize-radius&#34;&gt;Radius environment&lt;/a&gt;&lt;/li&gt;
&lt;/ul&gt;
&lt;h2 id=&#34;step-1-define-the-services&#34;&gt;Step 1: Define the services&lt;/h2&gt;
&lt;p&gt;First, define the containers in a file named &lt;code&gt;app.bicep&lt;/code&gt;. We will define two services: &lt;code&gt;frontend&lt;/code&gt; and &lt;code&gt;backend&lt;/code&gt;:&lt;/p&gt;












    

    

    

&lt;div class=&#34;highlight&#34;&gt;&lt;div style=&#34;color:#f8f8f2;background-color:#272822;-moz-tab-size:4;-o-tab-size:4;tab-size:4;&#34;&gt;
&lt;table style=&#34;border-spacing:0;padding:0;margin:0;border:0;&#34;&gt;&lt;tr&gt;&lt;td style=&#34;vertical-align:top;padding:0;margin:0;border:0;&#34;&gt;
&lt;pre tabindex=&#34;0&#34; style=&#34;color:#f8f8f2;background-color:#272822;-moz-tab-size:4;-o-tab-size:4;tab-size:4;&#34;&gt;&lt;code&gt;&lt;span style=&#34;white-space:pre;-webkit-user-select:none;user-select:none;margin-right:0.4em;padding:0 0.4em 0 0.4em;color:#7f7f7f&#34;&gt; 1
&lt;/span&gt;&lt;span style=&#34;white-space:pre;-webkit-user-select:none;user-select:none;margin-right:0.4em;padding:0 0.4em 0 0.4em;color:#7f7f7f&#34;&gt; 2
&lt;/span&gt;&lt;span style=&#34;white-space:pre;-webkit-user-select:none;user-select:none;margin-right:0.4em;padding:0 0.4em 0 0.4em;color:#7f7f7f&#34;&gt; 3
&lt;/span&gt;&lt;span style=&#34;white-space:pre;-webkit-user-select:none;user-select:none;margin-right:0.4em;padding:0 0.4em 0 0.4em;color:#7f7f7f&#34;&gt; 4
&lt;/span&gt;&lt;span style=&#34;white-space:pre;-webkit-user-select:none;user-select:none;margin-right:0.4em;padding:0 0.4em 0 0.4em;color:#7f7f7f&#34;&gt; 5
&lt;/span&gt;&lt;span style=&#34;white-space:pre;-webkit-user-select:none;user-select:none;margin-right:0.4em;padding:0 0.4em 0 0.4em;color:#7f7f7f&#34;&gt; 6
&lt;/span&gt;&lt;span style=&#34;white-space:pre;-webkit-user-select:none;user-select:none;margin-right:0.4em;padding:0 0.4em 0 0.4em;color:#7f7f7f&#34;&gt; 7
&lt;/span&gt;&lt;span style=&#34;white-space:pre;-webkit-user-select:none;user-select:none;margin-right:0.4em;padding:0 0.4em 0 0.4em;color:#7f7f7f&#34;&gt; 8
&lt;/span&gt;&lt;span style=&#34;white-space:pre;-webkit-user-select:none;user-select:none;margin-right:0.4em;padding:0 0.4em 0 0.4em;color:#7f7f7f&#34;&gt; 9
&lt;/span&gt;&lt;span style=&#34;white-space:pre;-webkit-user-select:none;user-select:none;margin-right:0.4em;padding:0 0.4em 0 0.4em;color:#7f7f7f&#34;&gt;10
&lt;/span&gt;&lt;span style=&#34;white-space:pre;-webkit-user-select:none;user-select:none;margin-right:0.4em;padding:0 0.4em 0 0.4em;color:#7f7f7f&#34;&gt;11
&lt;/span&gt;&lt;span style=&#34;white-space:pre;-webkit-user-select:none;user-select:none;margin-right:0.4em;padding:0 0.4em 0 0.4em;color:#7f7f7f&#34;&gt;12
&lt;/span&gt;&lt;span style=&#34;white-space:pre;-webkit-user-select:none;user-select:none;margin-right:0.4em;padding:0 0.4em 0 0.4em;color:#7f7f7f&#34;&gt;13
&lt;/span&gt;&lt;span style=&#34;white-space:pre;-webkit-user-select:none;user-select:none;margin-right:0.4em;padding:0 0.4em 0 0.4em;color:#7f7f7f&#34;&gt;14
&lt;/span&gt;&lt;span style=&#34;white-space:pre;-webkit-user-select:none;user-select:none;margin-right:0.4em;padding:0 0.4em 0 0.4em;color:#7f7f7f&#34;&gt;15
&lt;/span&gt;&lt;span style=&#34;white-space:pre;-webkit-user-select:none;user-select:none;margin-right:0.4em;padding:0 0.4em 0 0.4em;color:#7f7f7f&#34;&gt;16
&lt;/span&gt;&lt;span style=&#34;white-space:pre;-webkit-user-select:none;user-select:none;margin-right:0.4em;padding:0 0.4em 0 0.4em;color:#7f7f7f&#34;&gt;17
&lt;/span&gt;&lt;span style=&#34;white-space:pre;-webkit-user-select:none;user-select:none;margin-right:0.4em;padding:0 0.4em 0 0.4em;color:#7f7f7f&#34;&gt;18
&lt;/span&gt;&lt;span style=&#34;white-space:pre;-webkit-user-select:none;user-select:none;margin-right:0.4em;padding:0 0.4em 0 0.4em;color:#7f7f7f&#34;&gt;19
&lt;/span&gt;&lt;span style=&#34;white-space:pre;-webkit-user-select:none;user-select:none;margin-right:0.4em;padding:0 0.4em 0 0.4em;color:#7f7f7f&#34;&gt;20
&lt;/span&gt;&lt;span style=&#34;white-space:pre;-webkit-user-select:none;user-select:none;margin-right:0.4em;padding:0 0.4em 0 0.4em;color:#7f7f7f&#34;&gt;21
&lt;/span&gt;&lt;span style=&#34;white-space:pre;-webkit-user-select:none;user-select:none;margin-right:0.4em;padding:0 0.4em 0 0.4em;color:#7f7f7f&#34;&gt;22
&lt;/span&gt;&lt;span style=&#34;white-space:pre;-webkit-user-select:none;user-select:none;margin-right:0.4em;padding:0 0.4em 0 0.4em;color:#7f7f7f&#34;&gt;23
&lt;/span&gt;&lt;span style=&#34;white-space:pre;-webkit-user-select:none;user-select:none;margin-right:0.4em;padding:0 0.4em 0 0.4em;color:#7f7f7f&#34;&gt;24
&lt;/span&gt;&lt;span style=&#34;white-space:pre;-webkit-user-select:none;user-select:none;margin-right:0.4em;padding:0 0.4em 0 0.4em;color:#7f7f7f&#34;&gt;25
&lt;/span&gt;&lt;span style=&#34;white-space:pre;-webkit-user-select:none;user-select:none;margin-right:0.4em;padding:0 0.4em 0 0.4em;color:#7f7f7f&#34;&gt;26
&lt;/span&gt;&lt;span style=&#34;white-space:pre;-webkit-user-select:none;user-select:none;margin-right:0.4em;padding:0 0.4em 0 0.4em;color:#7f7f7f&#34;&gt;27
&lt;/span&gt;&lt;span style=&#34;white-space:pre;-webkit-user-select:none;user-select:none;margin-right:0.4em;padding:0 0.4em 0 0.4em;color:#7f7f7f&#34;&gt;28
&lt;/span&gt;&lt;span style=&#34;white-space:pre;-webkit-user-select:none;user-select:none;margin-right:0.4em;padding:0 0.4em 0 0.4em;color:#7f7f7f&#34;&gt;29
&lt;/span&gt;&lt;span style=&#34;white-space:pre;-webkit-user-select:none;user-select:none;margin-right:0.4em;padding:0 0.4em 0 0.4em;color:#7f7f7f&#34;&gt;30
&lt;/span&gt;&lt;span style=&#34;white-space:pre;-webkit-user-select:none;user-select:none;margin-right:0.4em;padding:0 0.4em 0 0.4em;color:#7f7f7f&#34;&gt;31
&lt;/span&gt;&lt;span style=&#34;white-space:pre;-webkit-user-select:none;user-select:none;margin-right:0.4em;padding:0 0.4em 0 0.4em;color:#7f7f7f&#34;&gt;32
&lt;/span&gt;&lt;span style=&#34;white-space:pre;-webkit-user-select:none;user-select:none;margin-right:0.4em;padding:0 0.4em 0 0.4em;color:#7f7f7f&#34;&gt;33
&lt;/span&gt;&lt;span style=&#34;white-space:pre;-webkit-user-select:none;user-select:none;margin-right:0.4em;padding:0 0.4em 0 0.4em;color:#7f7f7f&#34;&gt;34
&lt;/span&gt;&lt;/code&gt;&lt;/pre&gt;&lt;/td&gt;
&lt;td style=&#34;vertical-align:top;padding:0;margin:0;border:0;;width:100%&#34;&gt;
&lt;pre tabindex=&#34;0&#34; style=&#34;color:#f8f8f2;background-color:#272822;-moz-tab-size:4;-o-tab-size:4;tab-size:4;&#34;&gt;&lt;code class=&#34;language-bicep&#34; data-lang=&#34;bicep&#34;&gt;&lt;span style=&#34;display:flex;&#34;&gt;&lt;span&gt;import radius as rad
&lt;/span&gt;&lt;/span&gt;&lt;span style=&#34;display:flex;&#34;&gt;&lt;span&gt;
&lt;/span&gt;&lt;/span&gt;&lt;span style=&#34;display:flex;&#34;&gt;&lt;span&gt;@&lt;span style=&#34;color:#a6e22e&#34;&gt;description&lt;/span&gt;(&lt;span style=&#34;color:#e6db74&#34;&gt;&amp;#39;The application ID of the Radius environment. Automatically set by the rad CLI.&amp;#39;&lt;/span&gt;)
&lt;/span&gt;&lt;/span&gt;&lt;span style=&#34;display:flex;&#34;&gt;&lt;span&gt;&lt;span style=&#34;color:#66d9ef&#34;&gt;param&lt;/span&gt; application &lt;span style=&#34;color:#a6e22e&#34;&gt;string&lt;/span&gt;
&lt;/span&gt;&lt;/span&gt;&lt;span style=&#34;display:flex;&#34;&gt;&lt;span&gt;
&lt;/span&gt;&lt;/span&gt;&lt;span style=&#34;display:flex;&#34;&gt;&lt;span&gt;&lt;span style=&#34;color:#66d9ef&#34;&gt;resource&lt;/span&gt; frontend &lt;span style=&#34;color:#e6db74&#34;&gt;&amp;#39;Applications.Core/containers@2023-10-01-preview&amp;#39;&lt;/span&gt; = {
&lt;/span&gt;&lt;/span&gt;&lt;span style=&#34;display:flex;&#34;&gt;&lt;span&gt;  name: &lt;span style=&#34;color:#e6db74&#34;&gt;&amp;#39;frontend&amp;#39;&lt;/span&gt;
&lt;/span&gt;&lt;/span&gt;&lt;span style=&#34;display:flex;&#34;&gt;&lt;span&gt;  properties: {
&lt;/span&gt;&lt;/span&gt;&lt;span style=&#34;display:flex;&#34;&gt;&lt;span&gt;    application: application
&lt;/span&gt;&lt;/span&gt;&lt;span style=&#34;display:flex;&#34;&gt;&lt;span&gt;    container: {
&lt;/span&gt;&lt;/span&gt;&lt;span style=&#34;display:flex;&#34;&gt;&lt;span&gt;      image: &lt;span style=&#34;color:#e6db74&#34;&gt;&amp;#39;radius.azurecr.io/samples/demo:latest&amp;#39;&lt;/span&gt;
&lt;/span&gt;&lt;/span&gt;&lt;span style=&#34;display:flex;&#34;&gt;&lt;span&gt;      ports: {
&lt;/span&gt;&lt;/span&gt;&lt;span style=&#34;display:flex;&#34;&gt;&lt;span&gt;        web: {
&lt;/span&gt;&lt;/span&gt;&lt;span style=&#34;display:flex;&#34;&gt;&lt;span&gt;          containerPort: 3000
&lt;/span&gt;&lt;/span&gt;&lt;span style=&#34;display:flex;&#34;&gt;&lt;span&gt;        }
&lt;/span&gt;&lt;/span&gt;&lt;span style=&#34;display:flex;&#34;&gt;&lt;span&gt;      }
&lt;/span&gt;&lt;/span&gt;&lt;span style=&#34;display:flex;&#34;&gt;&lt;span&gt;    }
&lt;/span&gt;&lt;/span&gt;&lt;span style=&#34;display:flex;&#34;&gt;&lt;span&gt;  }
&lt;/span&gt;&lt;/span&gt;&lt;span style=&#34;display:flex;&#34;&gt;&lt;span&gt;}
&lt;/span&gt;&lt;/span&gt;&lt;span style=&#34;display:flex;&#34;&gt;&lt;span&gt;
&lt;/span&gt;&lt;/span&gt;&lt;span style=&#34;display:flex;&#34;&gt;&lt;span&gt;&lt;span style=&#34;color:#66d9ef&#34;&gt;resource&lt;/span&gt; backend &lt;span style=&#34;color:#e6db74&#34;&gt;&amp;#39;Applications.Core/containers@2023-10-01-preview&amp;#39;&lt;/span&gt; = {
&lt;/span&gt;&lt;/span&gt;&lt;span style=&#34;display:flex;&#34;&gt;&lt;span&gt;  name: &lt;span style=&#34;color:#e6db74&#34;&gt;&amp;#39;backend&amp;#39;&lt;/span&gt;
&lt;/span&gt;&lt;/span&gt;&lt;span style=&#34;display:flex;&#34;&gt;&lt;span&gt;  properties: {
&lt;/span&gt;&lt;/span&gt;&lt;span style=&#34;display:flex;&#34;&gt;&lt;span&gt;    application: application
&lt;/span&gt;&lt;/span&gt;&lt;span style=&#34;display:flex;&#34;&gt;&lt;span&gt;    container: {
&lt;/span&gt;&lt;/span&gt;&lt;span style=&#34;display:flex;&#34;&gt;&lt;span&gt;      image: &amp;#39;nginx:latest&lt;span style=&#34;color:#960050;background-color:#1e0010&#34;&gt;&amp;#39;&lt;/span&gt;
&lt;/span&gt;&lt;/span&gt;&lt;span style=&#34;display:flex;&#34;&gt;&lt;span&gt;      ports: {
&lt;/span&gt;&lt;/span&gt;&lt;span style=&#34;display:flex;&#34;&gt;&lt;span&gt;        web: {
&lt;/span&gt;&lt;/span&gt;&lt;span style=&#34;display:flex;&#34;&gt;&lt;span&gt;          containerPort: 80
&lt;/span&gt;&lt;/span&gt;&lt;span style=&#34;display:flex;&#34;&gt;&lt;span&gt;        }
&lt;/span&gt;&lt;/span&gt;&lt;span style=&#34;display:flex;&#34;&gt;&lt;span&gt;      }
&lt;/span&gt;&lt;/span&gt;&lt;span style=&#34;display:flex;&#34;&gt;&lt;span&gt;    }
&lt;/span&gt;&lt;/span&gt;&lt;span style=&#34;display:flex;&#34;&gt;&lt;span&gt;  }
&lt;/span&gt;&lt;/span&gt;&lt;span style=&#34;display:flex;&#34;&gt;&lt;span&gt;}
&lt;/span&gt;&lt;/span&gt;&lt;/code&gt;&lt;/pre&gt;&lt;/td&gt;&lt;/tr&gt;&lt;/table&gt;
&lt;/div&gt;
&lt;/div&gt;


&lt;p&gt;Note the frontend container doesn&amp;rsquo;t yet have a connection to the backend container. We will add that in the next step.&lt;/p&gt;
&lt;h2 id=&#34;step-2-add-a-connection&#34;&gt;Step 2: Add a connection&lt;/h2&gt;
&lt;p&gt;With the services defined, we can now add the connection between them. Add a connection to &lt;code&gt;frontend&lt;/code&gt;:&lt;/p&gt;











    
    
    


    

    

    

    

&lt;div class=&#34;highlight&#34;&gt;&lt;div style=&#34;color:#f8f8f2;background-color:#272822;-moz-tab-size:4;-o-tab-size:4;tab-size:4;display:grid;&#34;&gt;
&lt;table style=&#34;border-spacing:0;padding:0;margin:0;border:0;&#34;&gt;&lt;tr&gt;&lt;td style=&#34;vertical-align:top;padding:0;margin:0;border:0;&#34;&gt;
&lt;pre tabindex=&#34;0&#34; style=&#34;color:#f8f8f2;background-color:#272822;-moz-tab-size:4;-o-tab-size:4;tab-size:4;display:grid;&#34;&gt;&lt;code&gt;&lt;span style=&#34;white-space:pre;-webkit-user-select:none;user-select:none;margin-right:0.4em;padding:0 0.4em 0 0.4em;color:#7f7f7f&#34;&gt; 5
&lt;/span&gt;&lt;span style=&#34;white-space:pre;-webkit-user-select:none;user-select:none;margin-right:0.4em;padding:0 0.4em 0 0.4em;color:#7f7f7f&#34;&gt; 6
&lt;/span&gt;&lt;span style=&#34;white-space:pre;-webkit-user-select:none;user-select:none;margin-right:0.4em;padding:0 0.4em 0 0.4em;color:#7f7f7f&#34;&gt; 7
&lt;/span&gt;&lt;span style=&#34;white-space:pre;-webkit-user-select:none;user-select:none;margin-right:0.4em;padding:0 0.4em 0 0.4em;color:#7f7f7f&#34;&gt; 8
&lt;/span&gt;&lt;span style=&#34;white-space:pre;-webkit-user-select:none;user-select:none;margin-right:0.4em;padding:0 0.4em 0 0.4em;color:#7f7f7f&#34;&gt; 9
&lt;/span&gt;&lt;span style=&#34;white-space:pre;-webkit-user-select:none;user-select:none;margin-right:0.4em;padding:0 0.4em 0 0.4em;color:#7f7f7f&#34;&gt;10
&lt;/span&gt;&lt;span style=&#34;white-space:pre;-webkit-user-select:none;user-select:none;margin-right:0.4em;padding:0 0.4em 0 0.4em;color:#7f7f7f&#34;&gt;11
&lt;/span&gt;&lt;span style=&#34;white-space:pre;-webkit-user-select:none;user-select:none;margin-right:0.4em;padding:0 0.4em 0 0.4em;color:#7f7f7f&#34;&gt;12
&lt;/span&gt;&lt;span style=&#34;white-space:pre;-webkit-user-select:none;user-select:none;margin-right:0.4em;padding:0 0.4em 0 0.4em;color:#7f7f7f&#34;&gt;13
&lt;/span&gt;&lt;span style=&#34;white-space:pre;-webkit-user-select:none;user-select:none;margin-right:0.4em;padding:0 0.4em 0 0.4em;color:#7f7f7f&#34;&gt;14
&lt;/span&gt;&lt;span style=&#34;white-space:pre;-webkit-user-select:none;user-select:none;margin-right:0.4em;padding:0 0.4em 0 0.4em;color:#7f7f7f&#34;&gt;15
&lt;/span&gt;&lt;span style=&#34;white-space:pre;-webkit-user-select:none;user-select:none;margin-right:0.4em;padding:0 0.4em 0 0.4em;color:#7f7f7f&#34;&gt;16
&lt;/span&gt;&lt;span style=&#34;white-space:pre;-webkit-user-select:none;user-select:none;margin-right:0.4em;padding:0 0.4em 0 0.4em;color:#7f7f7f&#34;&gt;17
&lt;/span&gt;&lt;span style=&#34;background-color:#3c3d38&#34;&gt;&lt;span style=&#34;white-space:pre;-webkit-user-select:none;user-select:none;margin-right:0.4em;padding:0 0.4em 0 0.4em;color:#7f7f7f&#34;&gt;18
&lt;/span&gt;&lt;/span&gt;&lt;span style=&#34;background-color:#3c3d38&#34;&gt;&lt;span style=&#34;white-space:pre;-webkit-user-select:none;user-select:none;margin-right:0.4em;padding:0 0.4em 0 0.4em;color:#7f7f7f&#34;&gt;19
&lt;/span&gt;&lt;/span&gt;&lt;span style=&#34;background-color:#3c3d38&#34;&gt;&lt;span style=&#34;white-space:pre;-webkit-user-select:none;user-select:none;margin-right:0.4em;padding:0 0.4em 0 0.4em;color:#7f7f7f&#34;&gt;20
&lt;/span&gt;&lt;/span&gt;&lt;span style=&#34;background-color:#3c3d38&#34;&gt;&lt;span style=&#34;white-space:pre;-webkit-user-select:none;user-select:none;margin-right:0.4em;padding:0 0.4em 0 0.4em;color:#7f7f7f&#34;&gt;21
&lt;/span&gt;&lt;/span&gt;&lt;span style=&#34;background-color:#3c3d38&#34;&gt;&lt;span style=&#34;white-space:pre;-webkit-user-select:none;user-select:none;margin-right:0.4em;padding:0 0.4em 0 0.4em;color:#7f7f7f&#34;&gt;22
&lt;/span&gt;&lt;/span&gt;&lt;span style=&#34;white-space:pre;-webkit-user-select:none;user-select:none;margin-right:0.4em;padding:0 0.4em 0 0.4em;color:#7f7f7f&#34;&gt;23
&lt;/span&gt;&lt;/code&gt;&lt;/pre&gt;&lt;/td&gt;
&lt;td style=&#34;vertical-align:top;padding:0;margin:0;border:0;;width:100%&#34;&gt;
&lt;pre tabindex=&#34;0&#34; style=&#34;color:#f8f8f2;background-color:#272822;-moz-tab-size:4;-o-tab-size:4;tab-size:4;display:grid;&#34;&gt;&lt;code class=&#34;language-bicep&#34; data-lang=&#34;bicep&#34;&gt;&lt;span style=&#34;display:flex;&#34;&gt;&lt;span&gt;&lt;span style=&#34;color:#66d9ef&#34;&gt;resource&lt;/span&gt; frontend &lt;span style=&#34;color:#e6db74&#34;&gt;&amp;#39;Applications.Core/containers@2023-10-01-preview&amp;#39;&lt;/span&gt; = {
&lt;/span&gt;&lt;/span&gt;&lt;span style=&#34;display:flex;&#34;&gt;&lt;span&gt;  name: &lt;span style=&#34;color:#e6db74&#34;&gt;&amp;#39;frontend&amp;#39;&lt;/span&gt;
&lt;/span&gt;&lt;/span&gt;&lt;span style=&#34;display:flex;&#34;&gt;&lt;span&gt;  properties: {
&lt;/span&gt;&lt;/span&gt;&lt;span style=&#34;display:flex;&#34;&gt;&lt;span&gt;    application: application
&lt;/span&gt;&lt;/span&gt;&lt;span style=&#34;display:flex;&#34;&gt;&lt;span&gt;    container: {
&lt;/span&gt;&lt;/span&gt;&lt;span style=&#34;display:flex;&#34;&gt;&lt;span&gt;      image: &lt;span style=&#34;color:#e6db74&#34;&gt;&amp;#39;radius.azurecr.io/samples/demo:latest&amp;#39;&lt;/span&gt;
&lt;/span&gt;&lt;/span&gt;&lt;span style=&#34;display:flex;&#34;&gt;&lt;span&gt;      ports: {
&lt;/span&gt;&lt;/span&gt;&lt;span style=&#34;display:flex;&#34;&gt;&lt;span&gt;        web: {
&lt;/span&gt;&lt;/span&gt;&lt;span style=&#34;display:flex;&#34;&gt;&lt;span&gt;          containerPort: 3000
&lt;/span&gt;&lt;/span&gt;&lt;span style=&#34;display:flex;&#34;&gt;&lt;span&gt;        }
&lt;/span&gt;&lt;/span&gt;&lt;span style=&#34;display:flex;&#34;&gt;&lt;span&gt;      }
&lt;/span&gt;&lt;/span&gt;&lt;span style=&#34;display:flex;&#34;&gt;&lt;span&gt;    }
&lt;/span&gt;&lt;/span&gt;&lt;span style=&#34;display:flex;&#34;&gt;&lt;span&gt;    connections: {
&lt;/span&gt;&lt;/span&gt;&lt;span style=&#34;display:flex; background-color:#3c3d38&#34;&gt;&lt;span&gt;      backend: {
&lt;/span&gt;&lt;/span&gt;&lt;span style=&#34;display:flex; background-color:#3c3d38&#34;&gt;&lt;span&gt;        source: &amp;#39;http:&lt;span style=&#34;color:#75715e&#34;&gt;//backend:80&amp;#39;&lt;/span&gt;
&lt;/span&gt;&lt;/span&gt;&lt;span style=&#34;display:flex; background-color:#3c3d38&#34;&gt;&lt;span&gt;      }
&lt;/span&gt;&lt;/span&gt;&lt;span style=&#34;display:flex; background-color:#3c3d38&#34;&gt;&lt;span&gt;    }
&lt;/span&gt;&lt;/span&gt;&lt;span style=&#34;display:flex; background-color:#3c3d38&#34;&gt;&lt;span&gt;  }
&lt;/span&gt;&lt;/span&gt;&lt;span style=&#34;display:flex;&#34;&gt;&lt;span&gt;}
&lt;/span&gt;&lt;/span&gt;&lt;/code&gt;&lt;/pre&gt;&lt;/td&gt;&lt;/tr&gt;&lt;/table&gt;
&lt;/div&gt;
&lt;/div&gt;


&lt;h2 id=&#34;step-3-deploy-the-application&#34;&gt;Step 3: Deploy the application&lt;/h2&gt;
&lt;p&gt;Deploy the application using the &lt;code&gt;rad deploy&lt;/code&gt; command:&lt;/p&gt;
&lt;div class=&#34;highlight&#34;&gt;&lt;pre tabindex=&#34;0&#34; style=&#34;color:#f8f8f2;background-color:#272822;-moz-tab-size:4;-o-tab-size:4;tab-size:4;&#34;&gt;&lt;code class=&#34;language-bash&#34; data-lang=&#34;bash&#34;&gt;&lt;span style=&#34;display:flex;&#34;&gt;&lt;span&gt;rad run app.bicep -a networking-demo
&lt;/span&gt;&lt;/span&gt;&lt;/code&gt;&lt;/pre&gt;&lt;/div&gt;&lt;p&gt;You should see the application deploy successfully and the log stream start:&lt;/p&gt;
&lt;pre tabindex=&#34;0&#34;&gt;&lt;code&gt;Building app.bicep...
Deploying template &amp;#39;app.bicep&amp;#39; for application &amp;#39;networking-demo&amp;#39; and environment &amp;#39;default&amp;#39; from workspace &amp;#39;default&amp;#39;...

Deployment In Progress...

Completed            backend         Applications.Core/containers
Completed            frontend        Applications.Core/containers

Deployment Complete

Resources:
    backend         Applications.Core/containers
    frontend        Applications.Core/containers

Starting log stream...
&lt;/code&gt;&lt;/pre&gt;&lt;h2 id=&#34;step-4-test-the-connection&#34;&gt;Step 4: Test the connection&lt;/h2&gt;
&lt;p&gt;Visit &lt;a href=&#34;http://localhost:3000&#34;&gt;http://localhost:3000&lt;/a&gt; in your browser. You should see a connection to the backend container, along with the environment variables that have automatically been set on the frontend container:&lt;/p&gt;
&lt;img src=&#34;backend-connection.png&#34; alt=&#34;Screenshot of the demo container showing the backend connections&#34; width=&#34;600px&#34; &gt;
&lt;h2 id=&#34;done&#34;&gt;Done&lt;/h2&gt;
&lt;p&gt;You have successfully added a connection between two containers. Make sure to delete your application to clean up the containers:&lt;/p&gt;
&lt;div class=&#34;highlight&#34;&gt;&lt;pre tabindex=&#34;0&#34; style=&#34;color:#f8f8f2;background-color:#272822;-moz-tab-size:4;-o-tab-size:4;tab-size:4;&#34;&gt;&lt;code class=&#34;language-bash&#34; data-lang=&#34;bash&#34;&gt;&lt;span style=&#34;display:flex;&#34;&gt;&lt;span&gt;rad app delete networking-demo -y
&lt;/span&gt;&lt;/span&gt;&lt;/code&gt;&lt;/pre&gt;&lt;/div&gt;
      </description>
    </item>
    
    <item>
      <title>Guides: How To: Configure a gateway for routing internet traffic</title>
      <link>https://docs.radapp.io/guides/author-apps/networking/gateways/</link>
      <pubDate>Mon, 01 Jan 0001 00:00:00 +0000</pubDate>
      
      <guid>https://docs.radapp.io/guides/author-apps/networking/gateways/</guid>
      <description>
        
        
        &lt;p&gt;This guide will walk you through how to setup a gateway for routing internet traffic to a service.&lt;/p&gt;
&lt;h2 id=&#34;prerequisites&#34;&gt;Prerequisites&lt;/h2&gt;
&lt;ul&gt;
&lt;li&gt;&lt;a href=&#34;https://docs.radapp.io/installation/#step-1-install-the-rad-cli&#34;&gt;rad CLI&lt;/a&gt;&lt;/li&gt;
&lt;li&gt;&lt;a href=&#34;https://docs.radapp.io/installation/#step-2-install-the-vs-code-extension&#34;&gt;Radius Bicep VSCode extension&lt;/a&gt;&lt;/li&gt;
&lt;li&gt;&lt;a href=&#34;https://docs.radapp.io/installation/#step-3-initialize-radius&#34;&gt;Radius environment&lt;/a&gt;&lt;/li&gt;
&lt;/ul&gt;
&lt;h2 id=&#34;step-1-define-a-container&#34;&gt;Step 1: Define a container&lt;/h2&gt;
&lt;p&gt;Begin by defining the service you wish to expose to the internet in a new file named &lt;code&gt;app.bicep&lt;/code&gt;. This example uses the Radius demo container:&lt;/p&gt;











    
    
    


    

    

    

&lt;div class=&#34;highlight&#34;&gt;&lt;pre tabindex=&#34;0&#34; style=&#34;color:#f8f8f2;background-color:#272822;-moz-tab-size:4;-o-tab-size:4;tab-size:4;&#34;&gt;&lt;code class=&#34;language-bicep&#34; data-lang=&#34;bicep&#34;&gt;&lt;span style=&#34;display:flex;&#34;&gt;&lt;span&gt;import radius as rad
&lt;/span&gt;&lt;/span&gt;&lt;span style=&#34;display:flex;&#34;&gt;&lt;span&gt;
&lt;/span&gt;&lt;/span&gt;&lt;span style=&#34;display:flex;&#34;&gt;&lt;span&gt;@&lt;span style=&#34;color:#a6e22e&#34;&gt;description&lt;/span&gt;(&lt;span style=&#34;color:#e6db74&#34;&gt;&amp;#39;The application ID being deployed. Injected automtically by the rad CLI&amp;#39;&lt;/span&gt;)
&lt;/span&gt;&lt;/span&gt;&lt;span style=&#34;display:flex;&#34;&gt;&lt;span&gt;&lt;span style=&#34;color:#66d9ef&#34;&gt;param&lt;/span&gt; application &lt;span style=&#34;color:#a6e22e&#34;&gt;string&lt;/span&gt;
&lt;/span&gt;&lt;/span&gt;&lt;span style=&#34;display:flex;&#34;&gt;&lt;span&gt;
&lt;/span&gt;&lt;/span&gt;&lt;span style=&#34;display:flex;&#34;&gt;&lt;span&gt;&lt;span style=&#34;color:#66d9ef&#34;&gt;resource&lt;/span&gt; frontend &lt;span style=&#34;color:#e6db74&#34;&gt;&amp;#39;Applications.Core/containers@2023-10-01-preview&amp;#39;&lt;/span&gt; = {
&lt;/span&gt;&lt;/span&gt;&lt;span style=&#34;display:flex;&#34;&gt;&lt;span&gt;  name: &lt;span style=&#34;color:#e6db74&#34;&gt;&amp;#39;frontend&amp;#39;&lt;/span&gt;
&lt;/span&gt;&lt;/span&gt;&lt;span style=&#34;display:flex;&#34;&gt;&lt;span&gt;  properties: {
&lt;/span&gt;&lt;/span&gt;&lt;span style=&#34;display:flex;&#34;&gt;&lt;span&gt;    application: application
&lt;/span&gt;&lt;/span&gt;&lt;span style=&#34;display:flex;&#34;&gt;&lt;span&gt;    container: {
&lt;/span&gt;&lt;/span&gt;&lt;span style=&#34;display:flex;&#34;&gt;&lt;span&gt;      image: &lt;span style=&#34;color:#e6db74&#34;&gt;&amp;#39;radius.azurecr.io/samples/demo:latest&amp;#39;&lt;/span&gt;
&lt;/span&gt;&lt;/span&gt;&lt;span style=&#34;display:flex;&#34;&gt;&lt;span&gt;      ports: {
&lt;/span&gt;&lt;/span&gt;&lt;span style=&#34;display:flex;&#34;&gt;&lt;span&gt;        web: {
&lt;/span&gt;&lt;/span&gt;&lt;span style=&#34;display:flex;&#34;&gt;&lt;span&gt;          containerPort: 3000
&lt;/span&gt;&lt;/span&gt;&lt;span style=&#34;display:flex;&#34;&gt;&lt;span&gt;        }
&lt;/span&gt;&lt;/span&gt;&lt;span style=&#34;display:flex;&#34;&gt;&lt;span&gt;      }
&lt;/span&gt;&lt;/span&gt;&lt;span style=&#34;display:flex;&#34;&gt;&lt;span&gt;    }
&lt;/span&gt;&lt;/span&gt;&lt;span style=&#34;display:flex;&#34;&gt;&lt;span&gt;  }
&lt;/span&gt;&lt;/span&gt;&lt;span style=&#34;display:flex;&#34;&gt;&lt;span&gt;}
&lt;/span&gt;&lt;/span&gt;&lt;/code&gt;&lt;/pre&gt;&lt;/div&gt;


&lt;h2 id=&#34;step-2-add-a-gateway&#34;&gt;Step 2: Add a gateway&lt;/h2&gt;
&lt;p&gt;Next, add a gateway to &lt;code&gt;app.bicep&lt;/code&gt;, routing traffic to the root path (&amp;quot;/&amp;quot;) to the frontend container. Note that when a hostname is not specified one is generated automatically.&lt;/p&gt;











    
    
    


    

    

    

&lt;div class=&#34;highlight&#34;&gt;&lt;pre tabindex=&#34;0&#34; style=&#34;color:#f8f8f2;background-color:#272822;-moz-tab-size:4;-o-tab-size:4;tab-size:4;&#34;&gt;&lt;code class=&#34;language-bicep&#34; data-lang=&#34;bicep&#34;&gt;&lt;span style=&#34;display:flex;&#34;&gt;&lt;span&gt;&lt;span style=&#34;color:#66d9ef&#34;&gt;resource&lt;/span&gt; gateway &lt;span style=&#34;color:#e6db74&#34;&gt;&amp;#39;Applications.Core/gateways@2023-10-01-preview&amp;#39;&lt;/span&gt; = {
&lt;/span&gt;&lt;/span&gt;&lt;span style=&#34;display:flex;&#34;&gt;&lt;span&gt;  name: &lt;span style=&#34;color:#e6db74&#34;&gt;&amp;#39;gateway&amp;#39;&lt;/span&gt;
&lt;/span&gt;&lt;/span&gt;&lt;span style=&#34;display:flex;&#34;&gt;&lt;span&gt;  properties: {
&lt;/span&gt;&lt;/span&gt;&lt;span style=&#34;display:flex;&#34;&gt;&lt;span&gt;    application: application
&lt;/span&gt;&lt;/span&gt;&lt;span style=&#34;display:flex;&#34;&gt;&lt;span&gt;    routes: [
&lt;/span&gt;&lt;/span&gt;&lt;span style=&#34;display:flex;&#34;&gt;&lt;span&gt;      {
&lt;/span&gt;&lt;/span&gt;&lt;span style=&#34;display:flex;&#34;&gt;&lt;span&gt;        path: &lt;span style=&#34;color:#e6db74&#34;&gt;&amp;#39;/&amp;#39;&lt;/span&gt;
&lt;/span&gt;&lt;/span&gt;&lt;span style=&#34;display:flex;&#34;&gt;&lt;span&gt;        destination: &amp;#39;http:&lt;span style=&#34;color:#75715e&#34;&gt;//${frontend.name}:3000&amp;#39;&lt;/span&gt;
&lt;/span&gt;&lt;/span&gt;&lt;span style=&#34;display:flex;&#34;&gt;&lt;span&gt;      }
&lt;/span&gt;&lt;/span&gt;&lt;span style=&#34;display:flex;&#34;&gt;&lt;span&gt;    ]
&lt;/span&gt;&lt;/span&gt;&lt;span style=&#34;display:flex;&#34;&gt;&lt;span&gt;  }
&lt;/span&gt;&lt;/span&gt;&lt;span style=&#34;display:flex;&#34;&gt;&lt;span&gt;}
&lt;/span&gt;&lt;/span&gt;&lt;/code&gt;&lt;/pre&gt;&lt;/div&gt;


&lt;h2 id=&#34;step-3-deploy-the-app&#34;&gt;Step 3: Deploy the app&lt;/h2&gt;
&lt;p&gt;Deploy the application with &lt;a href=&#34;https://docs.radapp.io/reference/cli/rad_run/&#34;&gt;&lt;code&gt;rad deploy&lt;/code&gt;&lt;/a&gt;:&lt;/p&gt;
&lt;div class=&#34;highlight&#34;&gt;&lt;pre tabindex=&#34;0&#34; style=&#34;color:#f8f8f2;background-color:#272822;-moz-tab-size:4;-o-tab-size:4;tab-size:4;&#34;&gt;&lt;code class=&#34;language-bash&#34; data-lang=&#34;bash&#34;&gt;&lt;span style=&#34;display:flex;&#34;&gt;&lt;span&gt;rad deploy app.bicep -a gatewaydemo
&lt;/span&gt;&lt;/span&gt;&lt;/code&gt;&lt;/pre&gt;&lt;/div&gt;&lt;p&gt;The gateway endpoint will be printed at the end of the deployment:&lt;/p&gt;
&lt;pre tabindex=&#34;0&#34;&gt;&lt;code&gt;Building app.bicep...
   Deploying template &amp;#39;./app.bicep&amp;#39; for application &amp;#39;gatewaydemo&amp;#39; and environment &amp;#39;default&amp;#39; from workspace &amp;#39;default&amp;#39;...

   Deployment In Progress...

   Completed            gateway         Applications.Core/gateways
   Completed            frontend        Applications.Core/containers

   Deployment Complete

   Resources:
      gateway         Applications.Core/gateways
      frontend        Applications.Core/containers

    Public endpoint http://1.1.1.1.nip.io/
&lt;/code&gt;&lt;/pre&gt;&lt;h2 id=&#34;step-4-interact-with-the-application&#34;&gt;Step 4: Interact with the application&lt;/h2&gt;
&lt;p&gt;Visit the endpoint to interact with the demo Radius container:&lt;/p&gt;
&lt;img src=&#34;demo-screenshot.png&#34; alt=&#34;Screenshot of te demo application&#34; width=&#34;500px&#34; &gt;
&lt;h2 id=&#34;done&#34;&gt;Done&lt;/h2&gt;
&lt;p&gt;Cleanup the application with &lt;a href=&#34;https://docs.radapp.io/reference/cli/rad_application_delete/&#34;&gt;&amp;lsquo;rad app delete&amp;rsquo;&lt;/a&gt;:&lt;/p&gt;
&lt;div class=&#34;highlight&#34;&gt;&lt;pre tabindex=&#34;0&#34; style=&#34;color:#f8f8f2;background-color:#272822;-moz-tab-size:4;-o-tab-size:4;tab-size:4;&#34;&gt;&lt;code class=&#34;language-bash&#34; data-lang=&#34;bash&#34;&gt;&lt;span style=&#34;display:flex;&#34;&gt;&lt;span&gt;rad app delete gatewaydemo -y
&lt;/span&gt;&lt;/span&gt;&lt;/code&gt;&lt;/pre&gt;&lt;/div&gt;&lt;h2 id=&#34;further-reading&#34;&gt;Further reading&lt;/h2&gt;
&lt;ul&gt;
&lt;li&gt;&lt;a href=&#34;https://docs.radapp.io/guides/author-apps/networking/overview/&#34;&gt;Networking overview&lt;/a&gt;&lt;/li&gt;
&lt;li&gt;&lt;a href=&#34;https://docs.radapp.io/reference/resource-schema/core-schema/gateway/&#34;&gt;Gateway reference&lt;/a&gt;&lt;/li&gt;
&lt;/ul&gt;

      </description>
    </item>
    
    <item>
      <title>Guides: How To: Add TLS termination to a gateway</title>
      <link>https://docs.radapp.io/guides/author-apps/networking/tls/</link>
      <pubDate>Mon, 01 Jan 0001 00:00:00 +0000</pubDate>
      
      <guid>https://docs.radapp.io/guides/author-apps/networking/tls/</guid>
      <description>
        
        
        &lt;p&gt;This guide will show you how to add TLS and HTTPS to an application with a gateway.&lt;/p&gt;
&lt;h2 id=&#34;prerequisites&#34;&gt;Prerequisites&lt;/h2&gt;
&lt;ul&gt;
&lt;li&gt;&lt;a href=&#34;https://docs.radapp.io/installation/#step-1-install-the-rad-cli&#34;&gt;rad CLI&lt;/a&gt;&lt;/li&gt;
&lt;li&gt;&lt;a href=&#34;https://docs.radapp.io/installation/#step-2-install-the-vs-code-extension&#34;&gt;Radius Bicep VSCode extension&lt;/a&gt;&lt;/li&gt;
&lt;li&gt;&lt;a href=&#34;https://docs.radapp.io/installation/#step-3-initialize-radius&#34;&gt;Radius environment&lt;/a&gt;&lt;/li&gt;
&lt;li&gt;Domain name + DNS A-record pointing to your Kubernetes cluster
&lt;ul&gt;
&lt;li&gt;If running Radius on an Azure Kubernetes Service (AKS) cluster you can optionally use a &lt;a href=&#34;https://learn.microsoft.com/azure/virtual-network/ip-services/public-ip-addresses#dns-name-label&#34;&gt;DNS label&lt;/a&gt; to create a DNS A-record pointing to your cluster.&lt;/li&gt;
&lt;li&gt;If running Radius on an Elastic Kubernetes Service (EKS) cluster you can optionally leverage an &lt;a href=&#34;https://docs.aws.amazon.com/eks/latest/userguide/alb-ingress.html&#34;&gt;Application Load Balancer&lt;/a&gt; for a hosted DNS name and record.&lt;/li&gt;
&lt;/ul&gt;
&lt;/li&gt;
&lt;/ul&gt;
&lt;h2 id=&#34;step-1-define-a-container&#34;&gt;Step 1: Define a container&lt;/h2&gt;
&lt;p&gt;Begin by creating a file named &lt;code&gt;app.bicep&lt;/code&gt;. Add a container which will be exposed to the internet:&lt;/p&gt;











    
    
    


    

    

    

&lt;div class=&#34;highlight&#34;&gt;&lt;pre tabindex=&#34;0&#34; style=&#34;color:#f8f8f2;background-color:#272822;-moz-tab-size:4;-o-tab-size:4;tab-size:4;&#34;&gt;&lt;code class=&#34;language-bicep&#34; data-lang=&#34;bicep&#34;&gt;&lt;span style=&#34;display:flex;&#34;&gt;&lt;span&gt;import radius as rad
&lt;/span&gt;&lt;/span&gt;&lt;span style=&#34;display:flex;&#34;&gt;&lt;span&gt;
&lt;/span&gt;&lt;/span&gt;&lt;span style=&#34;display:flex;&#34;&gt;&lt;span&gt;@&lt;span style=&#34;color:#a6e22e&#34;&gt;description&lt;/span&gt;(&lt;span style=&#34;color:#e6db74&#34;&gt;&amp;#39;The application ID being deployed. Injected automtically by the rad CLI&amp;#39;&lt;/span&gt;)
&lt;/span&gt;&lt;/span&gt;&lt;span style=&#34;display:flex;&#34;&gt;&lt;span&gt;&lt;span style=&#34;color:#66d9ef&#34;&gt;param&lt;/span&gt; application &lt;span style=&#34;color:#a6e22e&#34;&gt;string&lt;/span&gt;
&lt;/span&gt;&lt;/span&gt;&lt;span style=&#34;display:flex;&#34;&gt;&lt;span&gt;
&lt;/span&gt;&lt;/span&gt;&lt;span style=&#34;display:flex;&#34;&gt;&lt;span&gt;&lt;span style=&#34;color:#66d9ef&#34;&gt;resource&lt;/span&gt; frontend &lt;span style=&#34;color:#e6db74&#34;&gt;&amp;#39;Applications.Core/containers@2023-10-01-preview&amp;#39;&lt;/span&gt; = {
&lt;/span&gt;&lt;/span&gt;&lt;span style=&#34;display:flex;&#34;&gt;&lt;span&gt;  name: &lt;span style=&#34;color:#e6db74&#34;&gt;&amp;#39;frontend&amp;#39;&lt;/span&gt;
&lt;/span&gt;&lt;/span&gt;&lt;span style=&#34;display:flex;&#34;&gt;&lt;span&gt;  properties: {
&lt;/span&gt;&lt;/span&gt;&lt;span style=&#34;display:flex;&#34;&gt;&lt;span&gt;    application: application
&lt;/span&gt;&lt;/span&gt;&lt;span style=&#34;display:flex;&#34;&gt;&lt;span&gt;    container: {
&lt;/span&gt;&lt;/span&gt;&lt;span style=&#34;display:flex;&#34;&gt;&lt;span&gt;      image: &lt;span style=&#34;color:#e6db74&#34;&gt;&amp;#39;radius.azurecr.io/samples/demo:latest&amp;#39;&lt;/span&gt;
&lt;/span&gt;&lt;/span&gt;&lt;span style=&#34;display:flex;&#34;&gt;&lt;span&gt;      ports: {
&lt;/span&gt;&lt;/span&gt;&lt;span style=&#34;display:flex;&#34;&gt;&lt;span&gt;        web: {
&lt;/span&gt;&lt;/span&gt;&lt;span style=&#34;display:flex;&#34;&gt;&lt;span&gt;          containerPort: 3000
&lt;/span&gt;&lt;/span&gt;&lt;span style=&#34;display:flex;&#34;&gt;&lt;span&gt;        }
&lt;/span&gt;&lt;/span&gt;&lt;span style=&#34;display:flex;&#34;&gt;&lt;span&gt;      }
&lt;/span&gt;&lt;/span&gt;&lt;span style=&#34;display:flex;&#34;&gt;&lt;span&gt;    }
&lt;/span&gt;&lt;/span&gt;&lt;span style=&#34;display:flex;&#34;&gt;&lt;span&gt;  }
&lt;/span&gt;&lt;/span&gt;&lt;span style=&#34;display:flex;&#34;&gt;&lt;span&gt;}
&lt;/span&gt;&lt;/span&gt;&lt;/code&gt;&lt;/pre&gt;&lt;/div&gt;


&lt;h2 id=&#34;step-2-add-a-secret-store&#34;&gt;Step 2: Add a secret store&lt;/h2&gt;
&lt;p&gt;TLS certificates need to be referenced via a Radius &lt;a href=&#34;https://docs.radapp.io/guides/author-apps/secrets/&#34;&gt;secret store&lt;/a&gt;. You can either reference an existing secret, or define a new one with certificate data.&lt;/p&gt;
&lt;ul class=&#34;nav nav-tabs&#34; id=&#34;tabs-5&#34; role=&#34;tablist&#34;&gt;&lt;li class=&#34;nav-item&#34;&gt;&lt;a class=&#34;nav-link active&#34;
    id=&#34;tabs-5-reference-existing-secrets-tab&#34; data-toggle=&#34;tab&#34; href=&#34;#tabs-5-reference-existing-secrets&#34; role=&#34;tab&#34;
    aria-controls=&#34;tabs-5-reference-existing-secrets&#34; aria-selected=&#34;true&#34;&gt;
    Reference existing secrets
  &lt;/a&gt;
  &lt;/li&gt;&lt;li class=&#34;nav-item&#34;&gt;&lt;a class=&#34;nav-link&#34;
    id=&#34;tabs-5-define-new-secrets-tab&#34; data-toggle=&#34;tab&#34; href=&#34;#tabs-5-define-new-secrets&#34; role=&#34;tab&#34;
    aria-controls=&#34;tabs-5-define-new-secrets&#34; aria-selected=&#34;false&#34;&gt;
    Define new secrets
  &lt;/a&gt;
  &lt;/li&gt;&lt;/ul&gt;


&lt;div class=&#34;tab-content&#34; id=&#34;tabs-5-content&#34;&gt;


&lt;div class=&#34;tab-pane fade show active&#34; id=&#34;tabs-5-reference-existing-secrets&#34; role=&#34;tabpanel&#34; aria-labelled-by=&#34;tabs-5-reference-existing-secrets-tab&#34;&gt;
&lt;br /&gt;



&lt;div class=&#34;alert alert-info&#34; role=&#34;alert&#34;&gt;
&lt;h4 class=&#34;alert-heading&#34;&gt;Managing certificates in Kubernetes&lt;/h4&gt;

    &lt;a href=&#34;https://cert-manager.io/docs/&#34;&gt;cert-manager&lt;/a&gt; is a great way to manage certificates in Kubernetes and make them available as a Kubernetes secret. This example uses a Kubernetes secret that was setup by cert-manager

&lt;/div&gt;














    
    
    


    

    

    

&lt;div class=&#34;highlight&#34;&gt;&lt;pre tabindex=&#34;0&#34; style=&#34;color:#f8f8f2;background-color:#272822;-moz-tab-size:4;-o-tab-size:4;tab-size:4;&#34;&gt;&lt;code class=&#34;language-bicep&#34; data-lang=&#34;bicep&#34;&gt;&lt;span style=&#34;display:flex;&#34;&gt;&lt;span&gt;&lt;span style=&#34;color:#66d9ef&#34;&gt;resource&lt;/span&gt; secretstore &lt;span style=&#34;color:#e6db74&#34;&gt;&amp;#39;Applications.Core/secretStores@2023-10-01-preview&amp;#39;&lt;/span&gt; = {
&lt;/span&gt;&lt;/span&gt;&lt;span style=&#34;display:flex;&#34;&gt;&lt;span&gt;  name: &lt;span style=&#34;color:#e6db74&#34;&gt;&amp;#39;secretstore&amp;#39;&lt;/span&gt;
&lt;/span&gt;&lt;/span&gt;&lt;span style=&#34;display:flex;&#34;&gt;&lt;span&gt;  properties: {
&lt;/span&gt;&lt;/span&gt;&lt;span style=&#34;display:flex;&#34;&gt;&lt;span&gt;    application: application
&lt;/span&gt;&lt;/span&gt;&lt;span style=&#34;display:flex;&#34;&gt;&lt;span&gt;    type: &lt;span style=&#34;color:#e6db74&#34;&gt;&amp;#39;certificate&amp;#39;&lt;/span&gt;
&lt;/span&gt;&lt;/span&gt;&lt;span style=&#34;display:flex;&#34;&gt;&lt;span&gt;    &lt;span style=&#34;color:#75715e&#34;&gt;// Reference the existing tls-certificate Kubernetes secret in the default namespace&lt;/span&gt;
&lt;/span&gt;&lt;/span&gt;&lt;span style=&#34;display:flex;&#34;&gt;&lt;span&gt;    &lt;span style=&#34;color:#75715e&#34;&gt;// Change this if your Kubernetes secret is in a different namespace or is named differently&lt;/span&gt;
&lt;/span&gt;&lt;/span&gt;&lt;span style=&#34;display:flex;&#34;&gt;&lt;span&gt;    resource: &lt;span style=&#34;color:#e6db74&#34;&gt;&amp;#39;default/tls-certificate&amp;#39;&lt;/span&gt;
&lt;/span&gt;&lt;/span&gt;&lt;span style=&#34;display:flex;&#34;&gt;&lt;span&gt;    data: {
&lt;/span&gt;&lt;/span&gt;&lt;span style=&#34;display:flex;&#34;&gt;&lt;span&gt;      &lt;span style=&#34;color:#75715e&#34;&gt;// Make the tls.crt and tls.key secrets available to the application&lt;/span&gt;
&lt;/span&gt;&lt;/span&gt;&lt;span style=&#34;display:flex;&#34;&gt;&lt;span&gt;      &lt;span style=&#34;color:#75715e&#34;&gt;// Change these if your secrets are named differently&lt;/span&gt;
&lt;/span&gt;&lt;/span&gt;&lt;span style=&#34;display:flex;&#34;&gt;&lt;span&gt;      &lt;span style=&#34;color:#e6db74&#34;&gt;&amp;#39;tls.crt&amp;#39;&lt;/span&gt;: {}
&lt;/span&gt;&lt;/span&gt;&lt;span style=&#34;display:flex;&#34;&gt;&lt;span&gt;      &lt;span style=&#34;color:#e6db74&#34;&gt;&amp;#39;tls.key&amp;#39;&lt;/span&gt;: {}
&lt;/span&gt;&lt;/span&gt;&lt;span style=&#34;display:flex;&#34;&gt;&lt;span&gt;    }
&lt;/span&gt;&lt;/span&gt;&lt;span style=&#34;display:flex;&#34;&gt;&lt;span&gt;  }
&lt;/span&gt;&lt;/span&gt;&lt;span style=&#34;display:flex;&#34;&gt;&lt;span&gt;}
&lt;/span&gt;&lt;/span&gt;&lt;/code&gt;&lt;/pre&gt;&lt;/div&gt;



&lt;/div&gt;

&lt;div class=&#34;tab-pane fade&#34; id=&#34;tabs-5-define-new-secrets&#34; role=&#34;tabpanel&#34; aria-labelled-by=&#34;tabs-5-define-new-secrets-tab&#34;&gt;
&lt;br /&gt;&lt;div class=&#34;highlight&#34;&gt;&lt;pre tabindex=&#34;0&#34; style=&#34;color:#f8f8f2;background-color:#272822;-moz-tab-size:4;-o-tab-size:4;tab-size:4;&#34;&gt;&lt;code class=&#34;language-bicep&#34; data-lang=&#34;bicep&#34;&gt;&lt;span style=&#34;display:flex;&#34;&gt;&lt;span&gt;@&lt;span style=&#34;color:#a6e22e&#34;&gt;description&lt;/span&gt;(&lt;span style=&#34;color:#e6db74&#34;&gt;&amp;#39;TLS certificate data&amp;#39;&lt;/span&gt;)
&lt;/span&gt;&lt;/span&gt;&lt;span style=&#34;display:flex;&#34;&gt;&lt;span&gt;@&lt;span style=&#34;color:#a6e22e&#34;&gt;secure&lt;/span&gt;()
&lt;/span&gt;&lt;/span&gt;&lt;span style=&#34;display:flex;&#34;&gt;&lt;span&gt;&lt;span style=&#34;color:#66d9ef&#34;&gt;param&lt;/span&gt; tlscrt &lt;span style=&#34;color:#a6e22e&#34;&gt;string&lt;/span&gt;
&lt;/span&gt;&lt;/span&gt;&lt;span style=&#34;display:flex;&#34;&gt;&lt;span&gt;
&lt;/span&gt;&lt;/span&gt;&lt;span style=&#34;display:flex;&#34;&gt;&lt;span&gt;@&lt;span style=&#34;color:#a6e22e&#34;&gt;description&lt;/span&gt;(&lt;span style=&#34;color:#e6db74&#34;&gt;&amp;#39;TLS certificate key&amp;#39;&lt;/span&gt;)
&lt;/span&gt;&lt;/span&gt;&lt;span style=&#34;display:flex;&#34;&gt;&lt;span&gt;@&lt;span style=&#34;color:#a6e22e&#34;&gt;secure&lt;/span&gt;()
&lt;/span&gt;&lt;/span&gt;&lt;span style=&#34;display:flex;&#34;&gt;&lt;span&gt;&lt;span style=&#34;color:#66d9ef&#34;&gt;param&lt;/span&gt; tlskey &lt;span style=&#34;color:#a6e22e&#34;&gt;string&lt;/span&gt;
&lt;/span&gt;&lt;/span&gt;&lt;span style=&#34;display:flex;&#34;&gt;&lt;span&gt;
&lt;/span&gt;&lt;/span&gt;&lt;span style=&#34;display:flex;&#34;&gt;&lt;span&gt;&lt;span style=&#34;color:#66d9ef&#34;&gt;resource&lt;/span&gt; secretstore &lt;span style=&#34;color:#e6db74&#34;&gt;&amp;#39;Applications.Core/secretStores@2023-10-01-preview&amp;#39;&lt;/span&gt; = {
&lt;/span&gt;&lt;/span&gt;&lt;span style=&#34;display:flex;&#34;&gt;&lt;span&gt;  name: &lt;span style=&#34;color:#e6db74&#34;&gt;&amp;#39;secretstore&amp;#39;&lt;/span&gt;
&lt;/span&gt;&lt;/span&gt;&lt;span style=&#34;display:flex;&#34;&gt;&lt;span&gt;  properties: {
&lt;/span&gt;&lt;/span&gt;&lt;span style=&#34;display:flex;&#34;&gt;&lt;span&gt;    application: application
&lt;/span&gt;&lt;/span&gt;&lt;span style=&#34;display:flex;&#34;&gt;&lt;span&gt;    type: &lt;span style=&#34;color:#e6db74&#34;&gt;&amp;#39;certificate&amp;#39;&lt;/span&gt;
&lt;/span&gt;&lt;/span&gt;&lt;span style=&#34;display:flex;&#34;&gt;&lt;span&gt;    data: {
&lt;/span&gt;&lt;/span&gt;&lt;span style=&#34;display:flex;&#34;&gt;&lt;span&gt;      &lt;span style=&#34;color:#e6db74&#34;&gt;&amp;#39;tls.crt&amp;#39;&lt;/span&gt;: {
&lt;/span&gt;&lt;/span&gt;&lt;span style=&#34;display:flex;&#34;&gt;&lt;span&gt;        encoding: &lt;span style=&#34;color:#e6db74&#34;&gt;&amp;#39;base64&amp;#39;&lt;/span&gt;
&lt;/span&gt;&lt;/span&gt;&lt;span style=&#34;display:flex;&#34;&gt;&lt;span&gt;        value: tlscrt
&lt;/span&gt;&lt;/span&gt;&lt;span style=&#34;display:flex;&#34;&gt;&lt;span&gt;      }
&lt;/span&gt;&lt;/span&gt;&lt;span style=&#34;display:flex;&#34;&gt;&lt;span&gt;      &lt;span style=&#34;color:#e6db74&#34;&gt;&amp;#39;tls.key&amp;#39;&lt;/span&gt;: {
&lt;/span&gt;&lt;/span&gt;&lt;span style=&#34;display:flex;&#34;&gt;&lt;span&gt;        encoding: &lt;span style=&#34;color:#e6db74&#34;&gt;&amp;#39;base64&amp;#39;&lt;/span&gt;
&lt;/span&gt;&lt;/span&gt;&lt;span style=&#34;display:flex;&#34;&gt;&lt;span&gt;        value: tlskey
&lt;/span&gt;&lt;/span&gt;&lt;span style=&#34;display:flex;&#34;&gt;&lt;span&gt;      }
&lt;/span&gt;&lt;/span&gt;&lt;span style=&#34;display:flex;&#34;&gt;&lt;span&gt;    }
&lt;/span&gt;&lt;/span&gt;&lt;span style=&#34;display:flex;&#34;&gt;&lt;span&gt;  }
&lt;/span&gt;&lt;/span&gt;&lt;span style=&#34;display:flex;&#34;&gt;&lt;span&gt;}
&lt;/span&gt;&lt;/span&gt;&lt;/code&gt;&lt;/pre&gt;&lt;/div&gt;
&lt;/div&gt;


&lt;/div&gt;
&lt;h2 id=&#34;step-3-add-a-gateway&#34;&gt;Step 3: Add a gateway&lt;/h2&gt;
&lt;p&gt;Now that your certificate data is ready add a gateway and reference the secret store:&lt;/p&gt;











    
    
    


    

    

    

&lt;div class=&#34;highlight&#34;&gt;&lt;pre tabindex=&#34;0&#34; style=&#34;color:#f8f8f2;background-color:#272822;-moz-tab-size:4;-o-tab-size:4;tab-size:4;&#34;&gt;&lt;code class=&#34;language-bicep&#34; data-lang=&#34;bicep&#34;&gt;&lt;span style=&#34;display:flex;&#34;&gt;&lt;span&gt;&lt;span style=&#34;color:#66d9ef&#34;&gt;resource&lt;/span&gt; gateway &lt;span style=&#34;color:#e6db74&#34;&gt;&amp;#39;Applications.Core/gateways@2023-10-01-preview&amp;#39;&lt;/span&gt; = {
&lt;/span&gt;&lt;/span&gt;&lt;span style=&#34;display:flex;&#34;&gt;&lt;span&gt;  name: &lt;span style=&#34;color:#e6db74&#34;&gt;&amp;#39;gateway&amp;#39;&lt;/span&gt;
&lt;/span&gt;&lt;/span&gt;&lt;span style=&#34;display:flex;&#34;&gt;&lt;span&gt;  properties: {
&lt;/span&gt;&lt;/span&gt;&lt;span style=&#34;display:flex;&#34;&gt;&lt;span&gt;    application: application
&lt;/span&gt;&lt;/span&gt;&lt;span style=&#34;display:flex;&#34;&gt;&lt;span&gt;    hostname: {
&lt;/span&gt;&lt;/span&gt;&lt;span style=&#34;display:flex;&#34;&gt;&lt;span&gt;      fullyQualifiedHostname: &lt;span style=&#34;color:#e6db74&#34;&gt;&amp;#39;YOUR_DOMAIN&amp;#39;&lt;/span&gt; &lt;span style=&#34;color:#75715e&#34;&gt;// Replace with your domain name.&lt;/span&gt;
&lt;/span&gt;&lt;/span&gt;&lt;span style=&#34;display:flex;&#34;&gt;&lt;span&gt;    }
&lt;/span&gt;&lt;/span&gt;&lt;span style=&#34;display:flex;&#34;&gt;&lt;span&gt;    tls: {
&lt;/span&gt;&lt;/span&gt;&lt;span style=&#34;display:flex;&#34;&gt;&lt;span&gt;      certificateFrom: secretstore.id
&lt;/span&gt;&lt;/span&gt;&lt;span style=&#34;display:flex;&#34;&gt;&lt;span&gt;      minimumProtocolVersion: &lt;span style=&#34;color:#e6db74&#34;&gt;&amp;#39;1.2&amp;#39;&lt;/span&gt;
&lt;/span&gt;&lt;/span&gt;&lt;span style=&#34;display:flex;&#34;&gt;&lt;span&gt;    }
&lt;/span&gt;&lt;/span&gt;&lt;span style=&#34;display:flex;&#34;&gt;&lt;span&gt;    routes: [
&lt;/span&gt;&lt;/span&gt;&lt;span style=&#34;display:flex;&#34;&gt;&lt;span&gt;      {
&lt;/span&gt;&lt;/span&gt;&lt;span style=&#34;display:flex;&#34;&gt;&lt;span&gt;        path: &lt;span style=&#34;color:#e6db74&#34;&gt;&amp;#39;/&amp;#39;&lt;/span&gt;
&lt;/span&gt;&lt;/span&gt;&lt;span style=&#34;display:flex;&#34;&gt;&lt;span&gt;        destination: &amp;#39;http:&lt;span style=&#34;color:#75715e&#34;&gt;//${frontend.name}:3000&amp;#39;&lt;/span&gt;
&lt;/span&gt;&lt;/span&gt;&lt;span style=&#34;display:flex;&#34;&gt;&lt;span&gt;      }
&lt;/span&gt;&lt;/span&gt;&lt;span style=&#34;display:flex;&#34;&gt;&lt;span&gt;    ]
&lt;/span&gt;&lt;/span&gt;&lt;span style=&#34;display:flex;&#34;&gt;&lt;span&gt;  }
&lt;/span&gt;&lt;/span&gt;&lt;span style=&#34;display:flex;&#34;&gt;&lt;span&gt;}
&lt;/span&gt;&lt;/span&gt;&lt;/code&gt;&lt;/pre&gt;&lt;/div&gt;


&lt;h2 id=&#34;step-4-deploy-the-application&#34;&gt;Step 4: Deploy the application&lt;/h2&gt;
&lt;ul class=&#34;nav nav-tabs&#34; id=&#34;tabs-7&#34; role=&#34;tablist&#34;&gt;&lt;li class=&#34;nav-item&#34;&gt;&lt;a class=&#34;nav-link active&#34;
    id=&#34;tabs-7-reference-existing-secrets-tab&#34; data-toggle=&#34;tab&#34; href=&#34;#tabs-7-reference-existing-secrets&#34; role=&#34;tab&#34;
    aria-controls=&#34;tabs-7-reference-existing-secrets&#34; aria-selected=&#34;true&#34;&gt;
    Reference existing secrets
  &lt;/a&gt;
  &lt;/li&gt;&lt;li class=&#34;nav-item&#34;&gt;&lt;a class=&#34;nav-link&#34;
    id=&#34;tabs-7-define-new-secrets-tab&#34; data-toggle=&#34;tab&#34; href=&#34;#tabs-7-define-new-secrets&#34; role=&#34;tab&#34;
    aria-controls=&#34;tabs-7-define-new-secrets&#34; aria-selected=&#34;false&#34;&gt;
    Define new secrets
  &lt;/a&gt;
  &lt;/li&gt;&lt;/ul&gt;


&lt;div class=&#34;tab-content&#34; id=&#34;tabs-7-content&#34;&gt;


&lt;div class=&#34;tab-pane fade show active&#34; id=&#34;tabs-7-reference-existing-secrets&#34; role=&#34;tabpanel&#34; aria-labelled-by=&#34;tabs-7-reference-existing-secrets-tab&#34;&gt;
&lt;br /&gt;&lt;div class=&#34;highlight&#34;&gt;&lt;pre tabindex=&#34;0&#34; style=&#34;color:#f8f8f2;background-color:#272822;-moz-tab-size:4;-o-tab-size:4;tab-size:4;&#34;&gt;&lt;code class=&#34;language-sh&#34; data-lang=&#34;sh&#34;&gt;&lt;span style=&#34;display:flex;&#34;&gt;&lt;span&gt;rad deploy app.bicep -a tlsdemo
&lt;/span&gt;&lt;/span&gt;&lt;/code&gt;&lt;/pre&gt;&lt;/div&gt;&lt;/div&gt;

&lt;div class=&#34;tab-pane fade&#34; id=&#34;tabs-7-define-new-secrets&#34; role=&#34;tabpanel&#34; aria-labelled-by=&#34;tabs-7-define-new-secrets-tab&#34;&gt;
&lt;br /&gt;&lt;div class=&#34;highlight&#34;&gt;&lt;pre tabindex=&#34;0&#34; style=&#34;color:#f8f8f2;background-color:#272822;-moz-tab-size:4;-o-tab-size:4;tab-size:4;&#34;&gt;&lt;code class=&#34;language-sh&#34; data-lang=&#34;sh&#34;&gt;&lt;span style=&#34;display:flex;&#34;&gt;&lt;span&gt;rad deploy app.bicep -a tlsdemo -p tlscrt&lt;span style=&#34;color:#f92672&#34;&gt;=&lt;/span&gt;&amp;lt;base64-encoded TLS certificate&amp;gt; -p tlskey&lt;span style=&#34;color:#f92672&#34;&gt;=&lt;/span&gt;&amp;lt;base64-encoded TLS certificate private key&amp;gt;
&lt;/span&gt;&lt;/span&gt;&lt;/code&gt;&lt;/pre&gt;&lt;/div&gt;&lt;/div&gt;


&lt;/div&gt;
&lt;p&gt;You should see the application deploy successfully, with the public endpoint printed automatically:&lt;/p&gt;
&lt;pre tabindex=&#34;0&#34;&gt;&lt;code&gt;Building app.bicep...
   Deploying template &amp;#39;./app.bicep&amp;#39; for application &amp;#39;tlsdemo&amp;#39; and environment &amp;#39;default&amp;#39; from workspace &amp;#39;default&amp;#39;...

   Deployment In Progress...

   Completed            gateway         Applications.Core/gateways
   Completed            frontend        Applications.Core/containers
   Completed            secretstore     Applications.Core/secretstores

   Deployment Complete

   Resources:
      gateway         Applications.Core/gateways
      secretstore     Applications.Core/secretstores
      frontend        Applications.Core/containers

    Public endpoint https://MYDOMAIN/
&lt;/code&gt;&lt;/pre&gt;&lt;h2 id=&#34;step-5-access-https-endpoint&#34;&gt;Step 5: Access HTTPS endpoint&lt;/h2&gt;
&lt;p&gt;Once the deployment is complete you should see a public endpoint displayed at the end. Navigating to this public endpoint should show you your application that is accessed via HTTPS, assuming that you have a valid TLS certificate:&lt;/p&gt;
&lt;img src=&#34;https-app.png&#34; alt=&#34;View TLS certificate&#34; width=&#34;400px&#34; /&gt;
&lt;h2 id=&#34;done&#34;&gt;Done&lt;/h2&gt;
&lt;p&gt;You&amp;rsquo;ve successfully deployed an application with TLS termination. Make sure to cleanup your resources:&lt;/p&gt;
&lt;div class=&#34;highlight&#34;&gt;&lt;pre tabindex=&#34;0&#34; style=&#34;color:#f8f8f2;background-color:#272822;-moz-tab-size:4;-o-tab-size:4;tab-size:4;&#34;&gt;&lt;code class=&#34;language-bash&#34; data-lang=&#34;bash&#34;&gt;&lt;span style=&#34;display:flex;&#34;&gt;&lt;span&gt;rad app delete tlsdemo -y
&lt;/span&gt;&lt;/span&gt;&lt;/code&gt;&lt;/pre&gt;&lt;/div&gt;&lt;h2 id=&#34;further-reading&#34;&gt;Further reading&lt;/h2&gt;
&lt;ul&gt;
&lt;li&gt;&lt;a href=&#34;https://docs.radapp.io/guides/author-apps/networking/overview/&#34;&gt;Networking overview&lt;/a&gt;&lt;/li&gt;
&lt;li&gt;&lt;a href=&#34;https://docs.radapp.io/reference/resource-schema/core-schema/gateway/&#34;&gt;Gateway reference&lt;/a&gt;&lt;/li&gt;
&lt;/ul&gt;

      </description>
    </item>
    
  </channel>
</rss>
