<rss version="2.0" xmlns:atom="http://www.w3.org/2005/Atom">
  <channel>
    <title>Radius Docs – Applications.Datastores API reference</title>
    <link>https://docs.radapp.io/reference/api/applications.datastores/</link>
    <description>Recent content in Applications.Datastores API reference on Radius Docs</description>
    <generator>Hugo -- gohugo.io</generator>
    <language>en-us</language>
    
	  <atom:link href="https://docs.radapp.io/reference/api/applications.datastores/index.xml" rel="self" type="application/rss+xml" />
    
    
      
        
      
    
    
    <item>
      <title>Reference: Applications.Datastores/mongoDatabases API reference</title>
      <link>https://docs.radapp.io/reference/api/applications.datastores/mongodatabases/</link>
      <pubDate>Mon, 01 Jan 0001 00:00:00 +0000</pubDate>
      
      <guid>https://docs.radapp.io/reference/api/applications.datastores/mongodatabases/</guid>
      <description>
        
        
        
  
    
&lt;style&gt;
  #redoc input {
    height: 64px;
  }

  #redoc span[type=&#34;put&#34;],
  span[type=&#34;get&#34;],
  span[type=&#34;delete&#34;],
  span[type=&#34;post&#34;],
  span[type=&#34;options&#34;],
  span[type=&#34;patch&#34;],
  span[type=&#34;basic&#34;],
  span[type=&#34;link&#34;],
  span[type=&#34;head&#34;] {
    border-radius: 4px;
  }

  #redoc h2 {
    margin-top: 0px;
  }
&lt;/style&gt;


&lt;style&gt;
  #myBtn {
    display: none;
    position: fixed;
    bottom: 20px;
    right: 30px;
    z-index: 99;
    font-size: 18px;
    border: none;
    outline: none;
    background-color: #30638E;
    color: white;
    cursor: pointer;
    padding: 15px;
    border-radius: 4px;
  }

  #myBtn:hover {
    background-color: #555;
  }
&lt;/style&gt;
&lt;button onclick=&#34;topFunction()&#34; id=&#34;myBtn&#34; title=&#34;Go to top&#34;&gt;Top&lt;/button&gt;
&lt;script&gt;
  
  var mybutton = document.getElementById(&#34;myBtn&#34;);

  
  window.onscroll = function () { scrollFunction() };

  function scrollFunction() {
    if (document.body.scrollTop &gt; 20 || document.documentElement.scrollTop &gt; 20) {
      mybutton.style.display = &#34;block&#34;;
    } else {
      mybutton.style.display = &#34;none&#34;;
    }
  }

  
  function topFunction() {
    document.body.scrollTop = 0;
    document.documentElement.scrollTop = 0;
  }
&lt;/script&gt;



&lt;style&gt;
  body {
    margin: 0;
    padding: 0;
  }
&lt;/style&gt;


&lt;div id=&#34;redoc-container&#34;&gt;&lt;/div&gt;


&lt;script src=&#34;https://cdn.jsdelivr.net/npm/redoc@latest/bundles/redoc.standalone.js&#34;&gt;&lt;/script&gt;


&lt;script&gt;
  Redoc.init(
    &#39;https:\/\/docs.radapp.io\/swagger\/specification\/applications\/resource-manager\/Applications.Datastores\/preview\/2023-10-01-preview\/openapi.json&#39;,
    {
      hideHostname: true,
      nativeScrollbars: true,
      scrollYOffset: &#34;.js-navbar-scroll&#34;
    },
    document.getElementById(&#39;redoc-container&#39;)
  )
&lt;/script&gt;  

      </description>
    </item>
    
    <item>
      <title>Reference: Applications.Datastores/redisCaches API reference</title>
      <link>https://docs.radapp.io/reference/api/applications.datastores/rediscaches/</link>
      <pubDate>Mon, 01 Jan 0001 00:00:00 +0000</pubDate>
      
      <guid>https://docs.radapp.io/reference/api/applications.datastores/rediscaches/</guid>
      <description>
        
        
        
  
    
&lt;style&gt;
  #redoc input {
    height: 64px;
  }

  #redoc span[type=&#34;put&#34;],
  span[type=&#34;get&#34;],
  span[type=&#34;delete&#34;],
  span[type=&#34;post&#34;],
  span[type=&#34;options&#34;],
  span[type=&#34;patch&#34;],
  span[type=&#34;basic&#34;],
  span[type=&#34;link&#34;],
  span[type=&#34;head&#34;] {
    border-radius: 4px;
  }

  #redoc h2 {
    margin-top: 0px;
  }
&lt;/style&gt;


&lt;style&gt;
  #myBtn {
    display: none;
    position: fixed;
    bottom: 20px;
    right: 30px;
    z-index: 99;
    font-size: 18px;
    border: none;
    outline: none;
    background-color: #30638E;
    color: white;
    cursor: pointer;
    padding: 15px;
    border-radius: 4px;
  }

  #myBtn:hover {
    background-color: #555;
  }
&lt;/style&gt;
&lt;button onclick=&#34;topFunction()&#34; id=&#34;myBtn&#34; title=&#34;Go to top&#34;&gt;Top&lt;/button&gt;
&lt;script&gt;
  
  var mybutton = document.getElementById(&#34;myBtn&#34;);

  
  window.onscroll = function () { scrollFunction() };

  function scrollFunction() {
    if (document.body.scrollTop &gt; 20 || document.documentElement.scrollTop &gt; 20) {
      mybutton.style.display = &#34;block&#34;;
    } else {
      mybutton.style.display = &#34;none&#34;;
    }
  }

  
  function topFunction() {
    document.body.scrollTop = 0;
    document.documentElement.scrollTop = 0;
  }
&lt;/script&gt;



&lt;style&gt;
  body {
    margin: 0;
    padding: 0;
  }
&lt;/style&gt;


&lt;div id=&#34;redoc-container&#34;&gt;&lt;/div&gt;


&lt;script src=&#34;https://cdn.jsdelivr.net/npm/redoc@latest/bundles/redoc.standalone.js&#34;&gt;&lt;/script&gt;


&lt;script&gt;
  Redoc.init(
    &#39;https:\/\/docs.radapp.io\/swagger\/specification\/applications\/resource-manager\/Applications.Datastores\/preview\/2023-10-01-preview\/openapi.json&#39;,
    {
      hideHostname: true,
      nativeScrollbars: true,
      scrollYOffset: &#34;.js-navbar-scroll&#34;
    },
    document.getElementById(&#39;redoc-container&#39;)
  )
&lt;/script&gt;  

      </description>
    </item>
    
    <item>
      <title>Reference: Applications.Datastores/sqlDatabases API reference</title>
      <link>https://docs.radapp.io/reference/api/applications.datastores/sqldatabases/</link>
      <pubDate>Mon, 01 Jan 0001 00:00:00 +0000</pubDate>
      
      <guid>https://docs.radapp.io/reference/api/applications.datastores/sqldatabases/</guid>
      <description>
        
        
        
  
    
&lt;style&gt;
  #redoc input {
    height: 64px;
  }

  #redoc span[type=&#34;put&#34;],
  span[type=&#34;get&#34;],
  span[type=&#34;delete&#34;],
  span[type=&#34;post&#34;],
  span[type=&#34;options&#34;],
  span[type=&#34;patch&#34;],
  span[type=&#34;basic&#34;],
  span[type=&#34;link&#34;],
  span[type=&#34;head&#34;] {
    border-radius: 4px;
  }

  #redoc h2 {
    margin-top: 0px;
  }
&lt;/style&gt;


&lt;style&gt;
  #myBtn {
    display: none;
    position: fixed;
    bottom: 20px;
    right: 30px;
    z-index: 99;
    font-size: 18px;
    border: none;
    outline: none;
    background-color: #30638E;
    color: white;
    cursor: pointer;
    padding: 15px;
    border-radius: 4px;
  }

  #myBtn:hover {
    background-color: #555;
  }
&lt;/style&gt;
&lt;button onclick=&#34;topFunction()&#34; id=&#34;myBtn&#34; title=&#34;Go to top&#34;&gt;Top&lt;/button&gt;
&lt;script&gt;
  
  var mybutton = document.getElementById(&#34;myBtn&#34;);

  
  window.onscroll = function () { scrollFunction() };

  function scrollFunction() {
    if (document.body.scrollTop &gt; 20 || document.documentElement.scrollTop &gt; 20) {
      mybutton.style.display = &#34;block&#34;;
    } else {
      mybutton.style.display = &#34;none&#34;;
    }
  }

  
  function topFunction() {
    document.body.scrollTop = 0;
    document.documentElement.scrollTop = 0;
  }
&lt;/script&gt;



&lt;style&gt;
  body {
    margin: 0;
    padding: 0;
  }
&lt;/style&gt;


&lt;div id=&#34;redoc-container&#34;&gt;&lt;/div&gt;


&lt;script src=&#34;https://cdn.jsdelivr.net/npm/redoc@latest/bundles/redoc.standalone.js&#34;&gt;&lt;/script&gt;


&lt;script&gt;
  Redoc.init(
    &#39;https:\/\/docs.radapp.io\/swagger\/specification\/applications\/resource-manager\/Applications.Datastores\/preview\/2023-10-01-preview\/openapi.json&#39;,
    {
      hideHostname: true,
      nativeScrollbars: true,
      scrollYOffset: &#34;.js-navbar-scroll&#34;
    },
    document.getElementById(&#39;redoc-container&#39;)
  )
&lt;/script&gt;  

      </description>
    </item>
    
  </channel>
</rss>
