<rss version="2.0" xmlns:atom="http://www.w3.org/2005/Atom">
  <channel>
    <title>Radius Docs – Radius Secret Store</title>
    <link>https://docs.radapp.io/reference/resource-schema/core-schema/secretstore/</link>
    <description>Recent content in Radius Secret Store on Radius Docs</description>
    <generator>Hugo -- gohugo.io</generator>
    <language>en-us</language>
    
	  <atom:link href="https://docs.radapp.io/reference/resource-schema/core-schema/secretstore/index.xml" rel="self" type="application/rss+xml" />
    
    
      
        
      
    
    
  </channel>
</rss>
