<rss version="2.0" xmlns:atom="http://www.w3.org/2005/Atom">
  <channel>
    <title>Radius Docs – Contributing to Radius</title>
    <link>https://docs.radapp.io/community/contributing/</link>
    <description>Recent content in Contributing to Radius on Radius Docs</description>
    <generator>Hugo -- gohugo.io</generator>
    <language>en-us</language>
    
	  <atom:link href="https://docs.radapp.io/community/contributing/index.xml" rel="self" type="application/rss+xml" />
    
    
      
        
      
    
    
    <item>
      <title>Community: Overview: Contributing to Radius</title>
      <link>https://docs.radapp.io/community/contributing/overview/</link>
      <pubDate>Mon, 01 Jan 0001 00:00:00 +0000</pubDate>
      
      <guid>https://docs.radapp.io/community/contributing/overview/</guid>
      <description>
        
        
        &lt;p&gt;We welcome contributions to the Radius! Check  out  the following table to learn where and how you can contribute:&lt;/p&gt;
&lt;table&gt;
&lt;thead&gt;
&lt;tr&gt;
&lt;th&gt;Component&lt;/th&gt;
&lt;th&gt;Description&lt;/th&gt;
&lt;th&gt;Contribution guides&lt;/th&gt;
&lt;/tr&gt;
&lt;/thead&gt;
&lt;tbody&gt;
&lt;tr&gt;
&lt;td&gt;&lt;strong&gt;&lt;code&gt;rad&lt;/code&gt; CLI&lt;/strong&gt;&lt;/td&gt;
&lt;td&gt;Deploys and manages Radius resources&lt;/td&gt;
&lt;td&gt;&lt;a href=&#34;https://github.com/radius-project/radius/blob/main/docs/contributing/contributing-code/contributing-code-cli/running-rad-cli.md&#34;&gt;radius-project/radius&lt;/a&gt;&lt;/td&gt;
&lt;/tr&gt;
&lt;tr&gt;
&lt;td&gt;&lt;strong&gt;Bicep&lt;/strong&gt;&lt;/td&gt;
&lt;td&gt;Language and tools which includes the application model as a set of types. Will eventually be merged with &lt;a href=&#34;https://github.com/azure/bicep&#34;&gt;https://github.com/azure/bicep&lt;/a&gt;&lt;/td&gt;
&lt;td&gt;&lt;a href=&#34;https://github.com/radius-project/bicep/blob/radius-compiler/CONTRIBUTING.md&#34;&gt;radius-project/bicep&lt;/a&gt;&lt;/td&gt;
&lt;/tr&gt;
&lt;tr&gt;
&lt;td&gt;&lt;strong&gt;ARM Deployment Engine&lt;/strong&gt;&lt;/td&gt;
&lt;td&gt;Processes the output of the Bicep compiler and deploys resources.&lt;/td&gt;
&lt;td&gt;&lt;a href=&#34;https://github.com/radius-project/deployment-engine/blob/main/CONTRIBUTING.md&#34;&gt;radius-project/deployment-engine&lt;/a&gt;&lt;/td&gt;
&lt;/tr&gt;
&lt;tr&gt;
&lt;td&gt;&lt;strong&gt;Radius Control Plane&lt;/strong&gt;&lt;/td&gt;
&lt;td&gt;Implements operations on the application model as a sequence of resource management operations&lt;/td&gt;
&lt;td&gt;&lt;a href=&#34;https://github.com/radius-project/radius/tree/main/docs/contributing/contributing-code&#34;&gt;radius-project/radius&lt;/a&gt;&lt;/td&gt;
&lt;/tr&gt;
&lt;tr&gt;
&lt;td&gt;&lt;strong&gt;Templates&lt;/strong&gt;&lt;/td&gt;
&lt;td&gt;Deployable starter templates for getting up and running with Radius&lt;/td&gt;
&lt;td&gt;&lt;a href=&#34;https://github.com/radius-project/templates&#34;&gt;radius-project/templates&lt;/a&gt;&lt;/td&gt;
&lt;/tr&gt;
&lt;tr&gt;
&lt;td&gt;&lt;strong&gt;Docs&lt;/strong&gt;&lt;/td&gt;
&lt;td&gt;Documentation for Radius&lt;/td&gt;
&lt;td&gt;&lt;a href=&#34;https://docs.radapp.io/community/contributing/docs/&#34;&gt;Contributing to docs&lt;/a&gt;&lt;/td&gt;
&lt;/tr&gt;
&lt;/tbody&gt;
&lt;/table&gt;

      </description>
    </item>
    
    <item>
      <title>Community: How-To: Contribute to the Radius documentation</title>
      <link>https://docs.radapp.io/community/contributing/docs/</link>
      <pubDate>Mon, 01 Jan 0001 00:00:00 +0000</pubDate>
      
      <guid>https://docs.radapp.io/community/contributing/docs/</guid>
      <description>
        
        
        &lt;p&gt;The Radius docs are built on &lt;a href=&#34;https://gohugo.io&#34;&gt;Hugo&lt;/a&gt; with the &lt;a href=&#34;https://docsy.dev&#34;&gt;Docsy&lt;/a&gt; theme. GitHub Actions are used to build and deploy the docs upon each PR.&lt;/p&gt;
&lt;p&gt;Radius uses the &lt;a href=&#34;https://diataxis.fr/&#34;&gt;Diátaxis framework&lt;/a&gt; for its documentation:&lt;/p&gt;
&lt;img src=&#34;diataxis.png&#34; alt=&#34;Diagram showing the diataxis framework&#34; width=800px &gt;
&lt;p&gt;Follow the guidance on this page to learn how to get started, how to contribute, and how to use the Diátaxis framework to create new docs.&lt;/p&gt;
&lt;h2 id=&#34;setup-your-docs-environment&#34;&gt;Setup your docs environment&lt;/h2&gt;
&lt;h3 id=&#34;github-codespace-easiest&#34;&gt;GitHub Codespace (easiest)&lt;/h3&gt;
&lt;p&gt;It&amp;rsquo;s easy to get up and running with a GitHub Codespace. This will give you a fully configured environment with all the tools you need to build the docs, all in your browser.&lt;/p&gt;









&lt;a class=&#34;btn  btn-primary&#34; href=&#34;https://github.com/codespaces/new?hide_repo_select=true&amp;amp;repo=421982809&#34; role=&#34;button&#34;&gt;Create codespace&lt;/a&gt;&lt;br /&gt;
&lt;br /&gt;
&lt;blockquote&gt;
&lt;p&gt;Note the &lt;code&gt;postCreateCommand&lt;/code&gt; may take up to 3 minutes to complete after the codespace is created to complete.&lt;/p&gt;
&lt;/blockquote&gt;
&lt;ol&gt;
&lt;li&gt;Start Codespace&lt;/li&gt;
&lt;li&gt;Wait for &lt;code&gt;postCreateCommand&lt;/code&gt; to complete&lt;/li&gt;
&lt;li&gt;Run &lt;code&gt;cd docs&lt;/code&gt; to enter the hugo site directory&lt;/li&gt;
&lt;li&gt;Run &lt;code&gt;hugo server&lt;/code&gt; to start the local server&lt;/li&gt;
&lt;li&gt;Click on the link in the terminal to open the docs in your browser&lt;/li&gt;
&lt;/ol&gt;
&lt;h3 id=&#34;local-machine&#34;&gt;Local machine&lt;/h3&gt;
&lt;h3 id=&#34;pre-requisites&#34;&gt;Pre-requisites&lt;/h3&gt;
&lt;ul&gt;
&lt;li&gt;&lt;a href=&#34;https://gohugo.io/getting-started/installing&#34;&gt;Hugo extended version&lt;/a&gt;&lt;/li&gt;
&lt;li&gt;&lt;a href=&#34;https://nodejs.org/en/&#34;&gt;Node.js&lt;/a&gt;&lt;/li&gt;
&lt;li&gt;&lt;a href=&#34;https://git-scm.com/downloads&#34;&gt;git&lt;/a&gt;&lt;/li&gt;
&lt;/ul&gt;
&lt;h3 id=&#34;environment-setup&#34;&gt;Environment setup&lt;/h3&gt;
&lt;ol&gt;
&lt;li&gt;
&lt;p&gt;Ensure pre-requisites are installed&lt;/p&gt;
&lt;/li&gt;
&lt;li&gt;
&lt;p&gt;Clone this repository and the radius repository&lt;/p&gt;
&lt;div class=&#34;highlight&#34;&gt;&lt;pre tabindex=&#34;0&#34; style=&#34;color:#f8f8f2;background-color:#272822;-moz-tab-size:4;-o-tab-size:4;tab-size:4;&#34;&gt;&lt;code class=&#34;language-sh&#34; data-lang=&#34;sh&#34;&gt;&lt;span style=&#34;display:flex;&#34;&gt;&lt;span&gt;git clone https://github.com/radius-project/radius.git
&lt;/span&gt;&lt;/span&gt;&lt;span style=&#34;display:flex;&#34;&gt;&lt;span&gt;git clone https://github.com/radius-project/docs.git
&lt;/span&gt;&lt;/span&gt;&lt;/code&gt;&lt;/pre&gt;&lt;/div&gt;&lt;/li&gt;
&lt;li&gt;
&lt;p&gt;Generate CLI docs:&lt;/p&gt;
&lt;div class=&#34;highlight&#34;&gt;&lt;pre tabindex=&#34;0&#34; style=&#34;color:#f8f8f2;background-color:#272822;-moz-tab-size:4;-o-tab-size:4;tab-size:4;&#34;&gt;&lt;code class=&#34;language-sh&#34; data-lang=&#34;sh&#34;&gt;&lt;span style=&#34;display:flex;&#34;&gt;&lt;span&gt;pushd radius
&lt;/span&gt;&lt;/span&gt;&lt;span style=&#34;display:flex;&#34;&gt;&lt;span&gt;go run ./cmd/docgen/main.go ../docs/docs/content/reference/cli
&lt;/span&gt;&lt;/span&gt;&lt;span style=&#34;display:flex;&#34;&gt;&lt;span&gt;popd
&lt;/span&gt;&lt;/span&gt;&lt;/code&gt;&lt;/pre&gt;&lt;/div&gt;&lt;/li&gt;
&lt;li&gt;
&lt;p&gt;Update submodules:&lt;/p&gt;
&lt;div class=&#34;highlight&#34;&gt;&lt;pre tabindex=&#34;0&#34; style=&#34;color:#f8f8f2;background-color:#272822;-moz-tab-size:4;-o-tab-size:4;tab-size:4;&#34;&gt;&lt;code class=&#34;language-sh&#34; data-lang=&#34;sh&#34;&gt;&lt;span style=&#34;display:flex;&#34;&gt;&lt;span&gt;cd docs
&lt;/span&gt;&lt;/span&gt;&lt;span style=&#34;display:flex;&#34;&gt;&lt;span&gt;git submodule update --init --recursive
&lt;/span&gt;&lt;/span&gt;&lt;/code&gt;&lt;/pre&gt;&lt;/div&gt;&lt;/li&gt;
&lt;li&gt;
&lt;p&gt;Install npm packages:&lt;/p&gt;
&lt;div class=&#34;highlight&#34;&gt;&lt;pre tabindex=&#34;0&#34; style=&#34;color:#f8f8f2;background-color:#272822;-moz-tab-size:4;-o-tab-size:4;tab-size:4;&#34;&gt;&lt;code class=&#34;language-sh&#34; data-lang=&#34;sh&#34;&gt;&lt;span style=&#34;display:flex;&#34;&gt;&lt;span&gt;npm install
&lt;/span&gt;&lt;/span&gt;&lt;/code&gt;&lt;/pre&gt;&lt;/div&gt;&lt;/li&gt;
&lt;li&gt;
&lt;p&gt;Initialize the docsy theme:&lt;/p&gt;
&lt;div class=&#34;highlight&#34;&gt;&lt;pre tabindex=&#34;0&#34; style=&#34;color:#f8f8f2;background-color:#272822;-moz-tab-size:4;-o-tab-size:4;tab-size:4;&#34;&gt;&lt;code class=&#34;language-sh&#34; data-lang=&#34;sh&#34;&gt;&lt;span style=&#34;display:flex;&#34;&gt;&lt;span&gt;cd themes/docsy
&lt;/span&gt;&lt;/span&gt;&lt;span style=&#34;display:flex;&#34;&gt;&lt;span&gt;npm install
&lt;/span&gt;&lt;/span&gt;&lt;span style=&#34;display:flex;&#34;&gt;&lt;span&gt;cd ..
&lt;/span&gt;&lt;/span&gt;&lt;/code&gt;&lt;/pre&gt;&lt;/div&gt;&lt;/li&gt;
&lt;/ol&gt;
&lt;h3 id=&#34;run-local-server&#34;&gt;Run local server&lt;/h3&gt;
&lt;ol&gt;
&lt;li&gt;
&lt;p&gt;Make sure you&amp;rsquo;re still in the &lt;code&gt;docs&lt;/code&gt; directory&lt;/p&gt;
&lt;/li&gt;
&lt;li&gt;
&lt;p&gt;Run&lt;/p&gt;
&lt;div class=&#34;highlight&#34;&gt;&lt;pre tabindex=&#34;0&#34; style=&#34;color:#f8f8f2;background-color:#272822;-moz-tab-size:4;-o-tab-size:4;tab-size:4;&#34;&gt;&lt;code class=&#34;language-sh&#34; data-lang=&#34;sh&#34;&gt;&lt;span style=&#34;display:flex;&#34;&gt;&lt;span&gt;hugo server
&lt;/span&gt;&lt;/span&gt;&lt;/code&gt;&lt;/pre&gt;&lt;/div&gt;&lt;/li&gt;
&lt;li&gt;
&lt;p&gt;Navigate to &lt;code&gt;http://localhost:1313/&lt;/code&gt;&lt;/p&gt;
&lt;/li&gt;
&lt;/ol&gt;
&lt;h2 id=&#34;types-of-docs&#34;&gt;Types of docs&lt;/h2&gt;
&lt;p&gt;There are 5 types of docs in Radius:&lt;/p&gt;
&lt;ol&gt;
&lt;li&gt;&lt;strong&gt;Concept&lt;/strong&gt; - A concept doc is a high-level overview of the project or an area of the project.&lt;/li&gt;
&lt;li&gt;&lt;strong&gt;Overview&lt;/strong&gt; - A overview page documents a specific feature or capability of the project, with information on what the feature is and additional context and links on how to use it.&lt;/li&gt;
&lt;li&gt;&lt;strong&gt;How-To&lt;/strong&gt; - A how-to guide is a step-by-step guide to help the reader achieve a specific task. It assumes the reader has a basic understanding of the project and its concepts. For more information on how-to guides, see &lt;a href=&#34;https://diataxis.fr/how-to-guides/&#34;&gt;Diátaxis&lt;/a&gt;.&lt;/li&gt;
&lt;li&gt;&lt;strong&gt;Reference&lt;/strong&gt; - A reference doc is a detailed description of a specific feature or capability of the project. It assumes the reader has a basic understanding of the project and its concepts. For more information on reference docs, see &lt;a href=&#34;https://diataxis.fr/reference/&#34;&gt;Diátaxis&lt;/a&gt;.&lt;/li&gt;
&lt;/ol&gt;
&lt;p&gt;Overall:&lt;/p&gt;
&lt;ul&gt;
&lt;li&gt;Avoid creating new sections where possible, there is a good chance a proper place in the docs hierarchy already exists.&lt;/li&gt;
&lt;li&gt;Make sure to include a complete &lt;a href=&#34;#front-matter&#34;&gt;Hugo front-matter&lt;/a&gt;.&lt;/li&gt;
&lt;li&gt;Determine the &lt;a href=&#34;#types-of-docs&#34;&gt;type of doc&lt;/a&gt; you are contributing&lt;/li&gt;
&lt;/ul&gt;
&lt;h3 id=&#34;concept-docs&#34;&gt;Concept docs&lt;/h3&gt;
&lt;p&gt;Visit &lt;a href=&#34;https://diataxis.fr/explanation/&#34;&gt;Diátaxis&lt;/a&gt; for more information on explanatory documentation that helps the user understand the project or a specific area of the project.&lt;/p&gt;
&lt;ul&gt;
&lt;li&gt;Ensure the reader can understand why they should care about the project or the concept. What problems does it help them solve?&lt;/li&gt;
&lt;li&gt;Provide a link to the overview page of the feature that justifies the concept(s)&lt;/li&gt;
&lt;li&gt;Provide the reader with related links if needed (this can be other concepts, overviews, how-to guides, or references)&lt;/li&gt;
&lt;li&gt;Set the &lt;code&gt;category&lt;/code&gt; as &lt;code&gt;Concept&lt;/code&gt; in &lt;a href=&#34;#front-matter&#34;&gt;Hugo front-matter&lt;/a&gt;.&lt;/li&gt;
&lt;/ul&gt;
&lt;h3 id=&#34;overview-docs&#34;&gt;Overview docs&lt;/h3&gt;
&lt;p&gt;Visit &lt;a href=&#34;https://diataxis.fr/explanation/&#34;&gt;Diátaxis&lt;/a&gt; for more information on explanatory documentation that helps the user understand the project or a specific area of the project.&lt;/p&gt;
&lt;ul&gt;
&lt;li&gt;Ensure the reader can understand why they should care about the feature and what it enables them to do.&lt;/li&gt;
&lt;li&gt;If applicable, ensure the doc references the reference spec document.&lt;/li&gt;
&lt;li&gt;If applicable, ensure the doc is consistent with any related concepts or specs in terms of names, parameters, and terminology. Update both the concept, spec, and the doc as needed. Avoid repeating the spec. The idea is to give the reader more information and background on the capability so that they can try this out.&lt;/li&gt;
&lt;li&gt;Provide the reader with related links if needed (this can be other concepts, overviews, how-to guides, or references)&lt;/li&gt;
&lt;li&gt;Set the &lt;code&gt;category&lt;/code&gt; as &lt;code&gt;Overview&lt;/code&gt; in &lt;a href=&#34;#front-matter&#34;&gt;Hugo front-matter&lt;/a&gt;.&lt;/li&gt;
&lt;/ul&gt;
&lt;h3 id=&#34;how-to-guides&#34;&gt;How-To guides&lt;/h3&gt;
&lt;p&gt;Visit &lt;a href=&#34;https://diataxis.fr/how-to-guides/&#34;&gt;Diátaxis&lt;/a&gt; for more information on how-to documentation that helps the user accomplish a specific task.&lt;/p&gt;
&lt;ul&gt;
&lt;li&gt;Do not assume the reader is using a specific environment unless the article itself is specific to an environment. This includes OS (Windows/Linux/MacOS), deployment target (Kubernetes, IoT, etc.), or programming language. If instructions vary between operating systems, provide guidance for all.&lt;/li&gt;
&lt;li&gt;Include code/sample/config snippets that can be easily copied and pasted.&lt;/li&gt;
&lt;li&gt;Provide the reader with related links if needed (this can be other concepts, overviews, how-to guides, or references)&lt;/li&gt;
&lt;li&gt;Set the &lt;code&gt;category&lt;/code&gt; as &lt;code&gt;How To&lt;/code&gt; in &lt;a href=&#34;#front-matter&#34;&gt;Hugo front-matter&lt;/a&gt;.&lt;/li&gt;
&lt;/ul&gt;
&lt;h3 id=&#34;reference-docs&#34;&gt;Reference docs&lt;/h3&gt;
&lt;p&gt;Visit &lt;a href=&#34;https://diataxis.fr/reference/&#34;&gt;Diátaxis&lt;/a&gt; for more information on reference documentation that helps the user understand the details of a specific feature or capability of the project.&lt;/p&gt;
&lt;p&gt;Reference docs should be auto-generated from source-code whenever possible. Please contact the maintainers if you need to add a new reference doc, or open an Issue to discuss.&lt;/p&gt;
&lt;h2 id=&#34;writing-styles-and-tips&#34;&gt;Writing styles and tips&lt;/h2&gt;
&lt;h3 id=&#34;style-and-tone&#34;&gt;Style and tone&lt;/h3&gt;
&lt;p&gt;These conventions should be followed throughout all Radius documentation to ensure a consistent experience across all docs.&lt;/p&gt;
&lt;table&gt;
&lt;thead&gt;
&lt;tr&gt;
&lt;th&gt;Style/Tone&lt;/th&gt;
&lt;th&gt;Guidance&lt;/th&gt;
&lt;/tr&gt;
&lt;/thead&gt;
&lt;tbody&gt;
&lt;tr&gt;
&lt;td&gt;&lt;strong&gt;Casing&lt;/strong&gt;&lt;/td&gt;
&lt;td&gt;Use upper case only:&lt;ul&gt;&lt;li&gt;At the start of a sentence or header&lt;/li&gt;&lt;li&gt;For proper nouns including names of technologies (Redis, Kubernetes, etc.)&lt;/li&gt; &lt;li&gt;Names of Radius concepts (Radius Recipe, Radius Environment, Radius Application, etc.)&lt;/li&gt;&lt;/ul&gt;&lt;/td&gt;
&lt;/tr&gt;
&lt;tr&gt;
&lt;td&gt;&lt;strong&gt;Headers and titles&lt;/strong&gt;&lt;/td&gt;
&lt;td&gt;Headers and titles must be descriptive and clear, use sentence casing i.e. use the above casing guidance for headers and titles too&lt;/td&gt;
&lt;/tr&gt;
&lt;tr&gt;
&lt;td&gt;&lt;strong&gt;Use simple sentences&lt;/strong&gt;&lt;/td&gt;
&lt;td&gt;Easy-to-read sentences mean the reader can quickly use the guidance you share.&lt;/td&gt;
&lt;/tr&gt;
&lt;tr&gt;
&lt;td&gt;&lt;strong&gt;Avoid the first person&lt;/strong&gt;&lt;/td&gt;
&lt;td&gt;Use second person &amp;ldquo;you&amp;rdquo;, &amp;ldquo;your&amp;rdquo; instead of &amp;ldquo;I&amp;rdquo;, &amp;ldquo;we&amp;rdquo;, &amp;ldquo;our&amp;rdquo;.&lt;/td&gt;
&lt;/tr&gt;
&lt;tr&gt;
&lt;td&gt;&lt;strong&gt;Assume a new developer audience&lt;/strong&gt;&lt;/td&gt;
&lt;td&gt;Some obvious steps can seem hard. E.g. Now set an environment variable Radius to a value X. It is better to give the reader the explicit command to do this, rather than having them figure this out.&lt;/td&gt;
&lt;/tr&gt;
&lt;tr&gt;
&lt;td&gt;&lt;strong&gt;Use present tense&lt;/strong&gt;&lt;/td&gt;
&lt;td&gt;Avoid sentences like &amp;ldquo;this command will install redis&amp;rdquo;, which implies the action is in the future. Instead, use &amp;ldquo;This command installs redis&amp;rdquo; which is in the present tense.&lt;/td&gt;
&lt;/tr&gt;
&lt;/tbody&gt;
&lt;/table&gt;
&lt;h3 id=&#34;spelling&#34;&gt;Spelling&lt;/h3&gt;
&lt;p&gt;The docs pipeline uses &lt;a href=&#34;http://aspell.net/&#34;&gt;aspell&lt;/a&gt; to check for spelling mistakes. If you need to add a new custom word to the allow-list, update &lt;code&gt;.github/config/en-custom.txt&lt;/code&gt;.&lt;/p&gt;
&lt;h2 id=&#34;tips-and-tricks&#34;&gt;Tips and tricks&lt;/h2&gt;
&lt;p&gt;Any contribution must ensure not to break the website build. The way Hugo builds the website requires following the below guidance.&lt;/p&gt;
&lt;h3 id=&#34;front-matter&#34;&gt;Front-matter&lt;/h3&gt;
&lt;p&gt;&lt;a href=&#34;https://www.docsy.dev/docs/adding-content/content/#page-frontmatter&#34;&gt;Front-matter&lt;/a&gt; is what takes regular markdown files and upgrades them into Hugo-compatible docs for rendering into the nav bars and ToCs.&lt;/p&gt;
&lt;p&gt;Every page needs a section at the top of the document like this:&lt;/p&gt;
&lt;div class=&#34;highlight&#34;&gt;&lt;pre tabindex=&#34;0&#34; style=&#34;color:#f8f8f2;background-color:#272822;-moz-tab-size:4;-o-tab-size:4;tab-size:4;&#34;&gt;&lt;code class=&#34;language-yaml&#34; data-lang=&#34;yaml&#34;&gt;&lt;span style=&#34;display:flex;&#34;&gt;&lt;span&gt;---
&lt;/span&gt;&lt;/span&gt;&lt;span style=&#34;display:flex;&#34;&gt;&lt;span&gt;&lt;span style=&#34;color:#f92672&#34;&gt;type&lt;/span&gt;: &lt;span style=&#34;color:#ae81ff&#34;&gt;docs&lt;/span&gt;
&lt;/span&gt;&lt;/span&gt;&lt;span style=&#34;display:flex;&#34;&gt;&lt;span&gt;&lt;span style=&#34;color:#f92672&#34;&gt;title&lt;/span&gt;: &lt;span style=&#34;color:#e6db74&#34;&gt;&amp;#34;TITLE FOR THE PAGE&amp;#34;&lt;/span&gt;
&lt;/span&gt;&lt;/span&gt;&lt;span style=&#34;display:flex;&#34;&gt;&lt;span&gt;&lt;span style=&#34;color:#f92672&#34;&gt;linkTitle&lt;/span&gt;: &lt;span style=&#34;color:#e6db74&#34;&gt;&amp;#34;SHORT TITLE FOR THE NAV BAR&amp;#34;&lt;/span&gt;
&lt;/span&gt;&lt;/span&gt;&lt;span style=&#34;display:flex;&#34;&gt;&lt;span&gt;&lt;span style=&#34;color:#f92672&#34;&gt;weight&lt;/span&gt;: &lt;span style=&#34;color:#ae81ff&#34;&gt;(number)&lt;/span&gt;
&lt;/span&gt;&lt;/span&gt;&lt;span style=&#34;display:flex;&#34;&gt;&lt;span&gt;&lt;span style=&#34;color:#f92672&#34;&gt;description&lt;/span&gt;: &lt;span style=&#34;color:#e6db74&#34;&gt;&amp;#34;1+ SENTENCES DESCRIBING THE ARTICLE&amp;#34;&lt;/span&gt;
&lt;/span&gt;&lt;/span&gt;&lt;span style=&#34;display:flex;&#34;&gt;&lt;span&gt;&lt;span style=&#34;color:#f92672&#34;&gt;categories&lt;/span&gt;: &lt;span style=&#34;color:#e6db74&#34;&gt;&amp;#34;TYPE OF THE DOCUMENT&amp;#34;&lt;/span&gt;
&lt;/span&gt;&lt;/span&gt;&lt;span style=&#34;display:flex;&#34;&gt;&lt;span&gt;&lt;span style=&#34;color:#f92672&#34;&gt;tags&lt;/span&gt;: &lt;span style=&#34;color:#e6db74&#34;&gt;&amp;#34;METADATA ON THE DOCUMENT&amp;#34;&lt;/span&gt;
&lt;/span&gt;&lt;/span&gt;&lt;span style=&#34;display:flex;&#34;&gt;&lt;span&gt;---
&lt;/span&gt;&lt;/span&gt;&lt;/code&gt;&lt;/pre&gt;&lt;/div&gt;&lt;h4 id=&#34;example&#34;&gt;Example&lt;/h4&gt;
&lt;div class=&#34;highlight&#34;&gt;&lt;pre tabindex=&#34;0&#34; style=&#34;color:#f8f8f2;background-color:#272822;-moz-tab-size:4;-o-tab-size:4;tab-size:4;&#34;&gt;&lt;code class=&#34;language-yaml&#34; data-lang=&#34;yaml&#34;&gt;&lt;span style=&#34;display:flex;&#34;&gt;&lt;span&gt;---
&lt;/span&gt;&lt;/span&gt;&lt;span style=&#34;display:flex;&#34;&gt;&lt;span&gt;&lt;span style=&#34;color:#f92672&#34;&gt;type&lt;/span&gt;: &lt;span style=&#34;color:#ae81ff&#34;&gt;docs&lt;/span&gt;
&lt;/span&gt;&lt;/span&gt;&lt;span style=&#34;display:flex;&#34;&gt;&lt;span&gt;&lt;span style=&#34;color:#f92672&#34;&gt;title&lt;/span&gt;: &lt;span style=&#34;color:#e6db74&#34;&gt;&amp;#34;Service invocation overview&amp;#34;&lt;/span&gt;
&lt;/span&gt;&lt;/span&gt;&lt;span style=&#34;display:flex;&#34;&gt;&lt;span&gt;&lt;span style=&#34;color:#f92672&#34;&gt;linkTitle&lt;/span&gt;: &lt;span style=&#34;color:#e6db74&#34;&gt;&amp;#34;Overview&amp;#34;&lt;/span&gt;
&lt;/span&gt;&lt;/span&gt;&lt;span style=&#34;display:flex;&#34;&gt;&lt;span&gt;&lt;span style=&#34;color:#f92672&#34;&gt;weight&lt;/span&gt;: &lt;span style=&#34;color:#ae81ff&#34;&gt;10&lt;/span&gt;
&lt;/span&gt;&lt;/span&gt;&lt;span style=&#34;display:flex;&#34;&gt;&lt;span&gt;&lt;span style=&#34;color:#f92672&#34;&gt;description&lt;/span&gt;: &lt;span style=&#34;color:#e6db74&#34;&gt;&amp;#34;A quick overview of Dapr service invocation and how to use it to invoke services within your application&amp;#34;&lt;/span&gt;
&lt;/span&gt;&lt;/span&gt;&lt;span style=&#34;display:flex;&#34;&gt;&lt;span&gt;&lt;span style=&#34;color:#f92672&#34;&gt;categories&lt;/span&gt;: &lt;span style=&#34;color:#e6db74&#34;&gt;&amp;#34;Concept&amp;#34;&lt;/span&gt;
&lt;/span&gt;&lt;/span&gt;&lt;span style=&#34;display:flex;&#34;&gt;&lt;span&gt;&lt;span style=&#34;color:#f92672&#34;&gt;tags&lt;/span&gt;: &lt;span style=&#34;color:#e6db74&#34;&gt;&amp;#34;Dapr&amp;#34;&lt;/span&gt;
&lt;/span&gt;&lt;/span&gt;&lt;span style=&#34;display:flex;&#34;&gt;&lt;span&gt;---
&lt;/span&gt;&lt;/span&gt;&lt;/code&gt;&lt;/pre&gt;&lt;/div&gt;&lt;blockquote&gt;
&lt;p&gt;&lt;strong&gt;Weight&lt;/strong&gt; determines the order of the pages in the left sidebar, with 0 being the top-most.&lt;/p&gt;
&lt;ul&gt;
&lt;li&gt;Index file weights follow the parent directory&amp;rsquo;s ordering.&lt;/li&gt;
&lt;li&gt;For the first page in a new directory, reset the counter and set the weight to be an order of magnitude greater.&lt;/li&gt;
&lt;/ul&gt;
&lt;/blockquote&gt;
&lt;p&gt;Front-matter should be completed with all fields including type, title, linkTitle, weight, description, categories and tags.&lt;/p&gt;
&lt;ul&gt;
&lt;li&gt;&lt;code&gt;title&lt;/code&gt; should be 1 sentence, with no period at the end&lt;/li&gt;
&lt;li&gt;&lt;code&gt;linkTitle&lt;/code&gt; should be 1-3 words, with the exception of How-to at the front.&lt;/li&gt;
&lt;li&gt;&lt;code&gt;description&lt;/code&gt; should be 1-2 sentences on what the reader will learn, accomplish, or do in this doc.&lt;/li&gt;
&lt;li&gt;&lt;code&gt;categories&lt;/code&gt; should be one of the following:
&lt;ul&gt;
&lt;li&gt;Concept&lt;/li&gt;
&lt;li&gt;Overview&lt;/li&gt;
&lt;li&gt;Tutorial&lt;/li&gt;
&lt;li&gt;How-To&lt;/li&gt;
&lt;li&gt;Reference&lt;/li&gt;
&lt;li&gt;Schema&lt;/li&gt;
&lt;/ul&gt;
&lt;/li&gt;
&lt;li&gt;&lt;code&gt;tags&lt;/code&gt; should be a comma-separated list of metadata tags.&lt;/li&gt;
&lt;/ul&gt;
&lt;p&gt;As per the &lt;a href=&#34;#styling-conventions&#34;&gt;styling conventions&lt;/a&gt;, titles should only capitalize the first word and proper nouns, with the exception of &amp;ldquo;How-To:&amp;rdquo;
- &amp;ldquo;Getting started with Dapr service invocation&amp;rdquo;
- &amp;ldquo;How-To: Setup a local Redis instance&amp;rdquo;&lt;/p&gt;
&lt;h3 id=&#34;referencing-other-pages&#34;&gt;Referencing other pages&lt;/h3&gt;
&lt;p&gt;Hugo &lt;code&gt;ref&lt;/code&gt; and &lt;code&gt;relref&lt;/code&gt; &lt;a href=&#34;https://gohugo.io/content-management/cross-references/&#34;&gt;shortcodes&lt;/a&gt; are used to reference other pages and sections. It also allows the build to break if a page is incorrectly renamed or removed.&lt;/p&gt;
&lt;p&gt;This shortcode, written inline with the rest of the markdown page, will link to the _index.md of the section/folder name:&lt;/p&gt;
&lt;div class=&#34;highlight&#34;&gt;&lt;pre tabindex=&#34;0&#34; style=&#34;color:#f8f8f2;background-color:#272822;-moz-tab-size:4;-o-tab-size:4;tab-size:4;&#34;&gt;&lt;code class=&#34;language-md&#34; data-lang=&#34;md&#34;&gt;&lt;span style=&#34;display:flex;&#34;&gt;&lt;span&gt;{{&amp;lt; &lt;span style=&#34;color:#f92672&#34;&gt;ref&lt;/span&gt; &lt;span style=&#34;color:#960050;background-color:#1e0010&#34;&gt;&amp;#34;&lt;/span&gt;&lt;span style=&#34;color:#a6e22e&#34;&gt;folder&lt;/span&gt;&lt;span style=&#34;color:#960050;background-color:#1e0010&#34;&gt;&amp;#34;&lt;/span&gt; &amp;gt;}}
&lt;/span&gt;&lt;/span&gt;&lt;/code&gt;&lt;/pre&gt;&lt;/div&gt;&lt;p&gt;This shortcode will link to a specific page:&lt;/p&gt;
&lt;div class=&#34;highlight&#34;&gt;&lt;pre tabindex=&#34;0&#34; style=&#34;color:#f8f8f2;background-color:#272822;-moz-tab-size:4;-o-tab-size:4;tab-size:4;&#34;&gt;&lt;code class=&#34;language-md&#34; data-lang=&#34;md&#34;&gt;&lt;span style=&#34;display:flex;&#34;&gt;&lt;span&gt;{{&amp;lt; &lt;span style=&#34;color:#f92672&#34;&gt;ref&lt;/span&gt; &lt;span style=&#34;color:#960050;background-color:#1e0010&#34;&gt;&amp;#34;&lt;/span&gt;&lt;span style=&#34;color:#a6e22e&#34;&gt;page&lt;/span&gt;&lt;span style=&#34;color:#960050;background-color:#1e0010&#34;&gt;.&lt;/span&gt;&lt;span style=&#34;color:#a6e22e&#34;&gt;md&lt;/span&gt;&lt;span style=&#34;color:#960050;background-color:#1e0010&#34;&gt;&amp;#34;&lt;/span&gt; &amp;gt;}}
&lt;/span&gt;&lt;/span&gt;&lt;/code&gt;&lt;/pre&gt;&lt;/div&gt;&lt;blockquote&gt;
&lt;p&gt;Note that all pages and folders need to have globally unique names in order for the ref shortcode to work properly. If there are duplicate names the build will break and an error will be thrown.&lt;/p&gt;
&lt;/blockquote&gt;
&lt;h4 id=&#34;referencing-sections-in-other-pages&#34;&gt;Referencing sections in other pages&lt;/h4&gt;
&lt;p&gt;To reference a specific section on another page, add &lt;code&gt;#section-short-name&lt;/code&gt; to the end of your reference.&lt;/p&gt;
&lt;p&gt;As a general rule, the section&amp;rsquo;s short name is the text of the section title, all lowercase, with spaces changed to &amp;ldquo;-&amp;rdquo;. You can check the section&amp;rsquo;s short name by visiting the website page, clicking the link icon (🔗) next to the section, and see how the URL renders in the nav bar. The content after the &amp;ldquo;#&amp;rdquo; is your section shortname.&lt;/p&gt;
&lt;p&gt;As an example, for this specific section, the complete reference to the page and section would be:&lt;/p&gt;
&lt;div class=&#34;highlight&#34;&gt;&lt;pre tabindex=&#34;0&#34; style=&#34;color:#f8f8f2;background-color:#272822;-moz-tab-size:4;-o-tab-size:4;tab-size:4;&#34;&gt;&lt;code class=&#34;language-md&#34; data-lang=&#34;md&#34;&gt;&lt;span style=&#34;display:flex;&#34;&gt;&lt;span&gt;{{&amp;lt; &lt;span style=&#34;color:#f92672&#34;&gt;ref&lt;/span&gt; &lt;span style=&#34;color:#960050;background-color:#1e0010&#34;&gt;&amp;#34;&lt;/span&gt;&lt;span style=&#34;color:#a6e22e&#34;&gt;contributing-docs&lt;/span&gt;&lt;span style=&#34;color:#960050;background-color:#1e0010&#34;&gt;.&lt;/span&gt;&lt;span style=&#34;color:#a6e22e&#34;&gt;md&lt;/span&gt;&lt;span style=&#34;color:#960050;background-color:#1e0010&#34;&gt;#&lt;/span&gt;&lt;span style=&#34;color:#a6e22e&#34;&gt;referencing-sections-in-other-pages&lt;/span&gt;&lt;span style=&#34;color:#960050;background-color:#1e0010&#34;&gt;&amp;#34;&lt;/span&gt; &amp;gt;}}
&lt;/span&gt;&lt;/span&gt;&lt;/code&gt;&lt;/pre&gt;&lt;/div&gt;&lt;h3 id=&#34;code-snippets&#34;&gt;Code snippets&lt;/h3&gt;
&lt;p&gt;Use the &lt;code&gt;rad&lt;/code&gt; shortcode to reference code snippets from a file. By convention place code snippets in a &lt;code&gt;snippets&lt;/code&gt; folder.&lt;/p&gt;
&lt;div class=&#34;highlight&#34;&gt;&lt;pre tabindex=&#34;0&#34; style=&#34;color:#f8f8f2;background-color:#272822;-moz-tab-size:4;-o-tab-size:4;tab-size:4;&#34;&gt;&lt;code class=&#34;language-md&#34; data-lang=&#34;md&#34;&gt;&lt;span style=&#34;display:flex;&#34;&gt;&lt;span&gt;{{&amp;lt; &lt;span style=&#34;color:#f92672&#34;&gt;rad&lt;/span&gt; &lt;span style=&#34;color:#a6e22e&#34;&gt;file&lt;/span&gt;&lt;span style=&#34;color:#f92672&#34;&gt;=&lt;/span&gt;&lt;span style=&#34;color:#e6db74&#34;&gt;&amp;#34;snippets/mysample.bicep&amp;#34;&lt;/span&gt; &lt;span style=&#34;color:#a6e22e&#34;&gt;embed&lt;/span&gt;&lt;span style=&#34;color:#f92672&#34;&gt;=&lt;/span&gt;&lt;span style=&#34;color:#e6db74&#34;&gt;true&lt;/span&gt; &amp;gt;}}
&lt;/span&gt;&lt;/span&gt;&lt;/code&gt;&lt;/pre&gt;&lt;/div&gt;

&lt;div class=&#34;alert alert-warning&#34; role=&#34;alert&#34;&gt;
&lt;h4 class=&#34;alert-heading&#34;&gt;Warning&lt;/h4&gt;

    All Bicep sample code should be self-contained in separate files, not in markdown. We validate all &lt;code&gt;.bicep&lt;/code&gt; files as part of the build for syntactic and semantic correctness, and so all &lt;code&gt;.bicep&lt;/code&gt; sample code must be complete and correct. Use the techniques described here to highlight the parts of the sample code users should focus on.

&lt;/div&gt;

&lt;p&gt;Use the &lt;code&gt;embed&lt;/code&gt; parameter (default &lt;code&gt;false&lt;/code&gt;) to include a download link and embed the content in the page.&lt;/p&gt;
&lt;p&gt;Use the &lt;code&gt;lang&lt;/code&gt; (default &lt;code&gt;bicep&lt;/code&gt;) parameter to configure the language used for syntax highlighting.&lt;/p&gt;
&lt;p&gt;Use the &lt;code&gt;marker&lt;/code&gt; parameter to limit the embedded snipped to a portion of the sample file. This is useful when you want to show just a portion of a larger file. The typical way to do this is surround the interesting code with comments, and then pass the comment text into &lt;code&gt;marker&lt;/code&gt;.&lt;/p&gt;
&lt;p&gt;The shortcode below and code sample:&lt;/p&gt;
&lt;div class=&#34;highlight&#34;&gt;&lt;pre tabindex=&#34;0&#34; style=&#34;color:#f8f8f2;background-color:#272822;-moz-tab-size:4;-o-tab-size:4;tab-size:4;&#34;&gt;&lt;code class=&#34;language-md&#34; data-lang=&#34;md&#34;&gt;&lt;span style=&#34;display:flex;&#34;&gt;&lt;span&gt;{{&amp;lt; &lt;span style=&#34;color:#f92672&#34;&gt;rad&lt;/span&gt; &lt;span style=&#34;color:#a6e22e&#34;&gt;file&lt;/span&gt;&lt;span style=&#34;color:#f92672&#34;&gt;=&lt;/span&gt;&lt;span style=&#34;color:#e6db74&#34;&gt;&amp;#34;snippets/mysample.bicep&amp;#34;&lt;/span&gt; &lt;span style=&#34;color:#a6e22e&#34;&gt;embed&lt;/span&gt;&lt;span style=&#34;color:#f92672&#34;&gt;=&lt;/span&gt;&lt;span style=&#34;color:#e6db74&#34;&gt;true&lt;/span&gt; &lt;span style=&#34;color:#a6e22e&#34;&gt;marker&lt;/span&gt;&lt;span style=&#34;color:#f92672&#34;&gt;=&lt;/span&gt;&lt;span style=&#34;color:#e6db74&#34;&gt;&amp;#34;//SAMPLE&amp;#34;&lt;/span&gt; &amp;gt;}}
&lt;/span&gt;&lt;/span&gt;&lt;/code&gt;&lt;/pre&gt;&lt;/div&gt;&lt;div class=&#34;highlight&#34;&gt;&lt;pre tabindex=&#34;0&#34; style=&#34;color:#f8f8f2;background-color:#272822;-moz-tab-size:4;-o-tab-size:4;tab-size:4;&#34;&gt;&lt;code class=&#34;language-bicep&#34; data-lang=&#34;bicep&#34;&gt;&lt;span style=&#34;display:flex;&#34;&gt;&lt;span&gt;&lt;span style=&#34;color:#75715e&#34;&gt;// in snippets/mysample.bicep&lt;/span&gt;
&lt;/span&gt;&lt;/span&gt;&lt;span style=&#34;display:flex;&#34;&gt;&lt;span&gt;&lt;span style=&#34;color:#66d9ef&#34;&gt;resource&lt;/span&gt; app &lt;span style=&#34;color:#e6db74&#34;&gt;&amp;#39;radius.dev/Application@v1alpha3&amp;#39;&lt;/span&gt; = {
&lt;/span&gt;&lt;/span&gt;&lt;span style=&#34;display:flex;&#34;&gt;&lt;span&gt;  name: &lt;span style=&#34;color:#e6db74&#34;&gt;&amp;#39;storefront-app&amp;#39;&lt;/span&gt;
&lt;/span&gt;&lt;/span&gt;&lt;span style=&#34;display:flex;&#34;&gt;&lt;span&gt;
&lt;/span&gt;&lt;/span&gt;&lt;span style=&#34;display:flex;&#34;&gt;&lt;span&gt;  &lt;span style=&#34;color:#75715e&#34;&gt;//SAMPLE&lt;/span&gt;
&lt;/span&gt;&lt;/span&gt;&lt;span style=&#34;display:flex;&#34;&gt;&lt;span&gt;  &lt;span style=&#34;color:#66d9ef&#34;&gt;resource&lt;/span&gt; store &lt;span style=&#34;color:#e6db74&#34;&gt;&amp;#39;Container&amp;#39;&lt;/span&gt; = {
&lt;/span&gt;&lt;/span&gt;&lt;span style=&#34;display:flex;&#34;&gt;&lt;span&gt;    name: &lt;span style=&#34;color:#e6db74&#34;&gt;&amp;#39;storefront&amp;#39;&lt;/span&gt;
&lt;/span&gt;&lt;/span&gt;&lt;span style=&#34;display:flex;&#34;&gt;&lt;span&gt;    properties: {
&lt;/span&gt;&lt;/span&gt;&lt;span style=&#34;display:flex;&#34;&gt;&lt;span&gt;      container: {
&lt;/span&gt;&lt;/span&gt;&lt;span style=&#34;display:flex;&#34;&gt;&lt;span&gt;        image: &lt;span style=&#34;color:#e6db74&#34;&gt;&amp;#39;foo&amp;#39;&lt;/span&gt;
&lt;/span&gt;&lt;/span&gt;&lt;span style=&#34;display:flex;&#34;&gt;&lt;span&gt;      }
&lt;/span&gt;&lt;/span&gt;&lt;span style=&#34;display:flex;&#34;&gt;&lt;span&gt;    }
&lt;/span&gt;&lt;/span&gt;&lt;span style=&#34;display:flex;&#34;&gt;&lt;span&gt;  }
&lt;/span&gt;&lt;/span&gt;&lt;span style=&#34;display:flex;&#34;&gt;&lt;span&gt;  &lt;span style=&#34;color:#75715e&#34;&gt;//SAMPLE&lt;/span&gt;
&lt;/span&gt;&lt;/span&gt;&lt;span style=&#34;display:flex;&#34;&gt;&lt;span&gt;}
&lt;/span&gt;&lt;/span&gt;&lt;/code&gt;&lt;/pre&gt;&lt;/div&gt;&lt;p&gt;Will result in the following output:&lt;/p&gt;
&lt;div class=&#34;highlight&#34;&gt;&lt;pre tabindex=&#34;0&#34; style=&#34;color:#f8f8f2;background-color:#272822;-moz-tab-size:4;-o-tab-size:4;tab-size:4;&#34;&gt;&lt;code class=&#34;language-bicep&#34; data-lang=&#34;bicep&#34;&gt;&lt;span style=&#34;display:flex;&#34;&gt;&lt;span&gt;  &lt;span style=&#34;color:#66d9ef&#34;&gt;resource&lt;/span&gt; store &lt;span style=&#34;color:#e6db74&#34;&gt;&amp;#39;Container&amp;#39;&lt;/span&gt; = {
&lt;/span&gt;&lt;/span&gt;&lt;span style=&#34;display:flex;&#34;&gt;&lt;span&gt;    name: &lt;span style=&#34;color:#e6db74&#34;&gt;&amp;#39;storefront&amp;#39;&lt;/span&gt;
&lt;/span&gt;&lt;/span&gt;&lt;span style=&#34;display:flex;&#34;&gt;&lt;span&gt;    properties: {
&lt;/span&gt;&lt;/span&gt;&lt;span style=&#34;display:flex;&#34;&gt;&lt;span&gt;      container: {
&lt;/span&gt;&lt;/span&gt;&lt;span style=&#34;display:flex;&#34;&gt;&lt;span&gt;        image: &lt;span style=&#34;color:#e6db74&#34;&gt;&amp;#39;foo&amp;#39;&lt;/span&gt;
&lt;/span&gt;&lt;/span&gt;&lt;span style=&#34;display:flex;&#34;&gt;&lt;span&gt;      }
&lt;/span&gt;&lt;/span&gt;&lt;span style=&#34;display:flex;&#34;&gt;&lt;span&gt;    }
&lt;/span&gt;&lt;/span&gt;&lt;span style=&#34;display:flex;&#34;&gt;&lt;span&gt;  }
&lt;/span&gt;&lt;/span&gt;&lt;/code&gt;&lt;/pre&gt;&lt;/div&gt;&lt;p&gt;Use the &lt;code&gt;replace-key-[token]&lt;/code&gt; and &lt;code&gt;replace-value-[token]&lt;/code&gt; parameters to limit the embedded snipped to a portion of the sample file. This is useful when you want abbreviate a portion of the code sample. Multiple replacements are supported with multiple values of &lt;code&gt;token&lt;/code&gt;.&lt;/p&gt;
&lt;p&gt;The shortcode below and code sample:&lt;/p&gt;
&lt;div class=&#34;highlight&#34;&gt;&lt;pre tabindex=&#34;0&#34; style=&#34;color:#f8f8f2;background-color:#272822;-moz-tab-size:4;-o-tab-size:4;tab-size:4;&#34;&gt;&lt;code class=&#34;language-md&#34; data-lang=&#34;md&#34;&gt;&lt;span style=&#34;display:flex;&#34;&gt;&lt;span&gt;{{&amp;lt; &lt;span style=&#34;color:#f92672&#34;&gt;rad&lt;/span&gt; &lt;span style=&#34;color:#a6e22e&#34;&gt;file&lt;/span&gt;&lt;span style=&#34;color:#f92672&#34;&gt;=&lt;/span&gt;&lt;span style=&#34;color:#e6db74&#34;&gt;&amp;#34;snippets/mysample.bicep&amp;#34;&lt;/span&gt; &lt;span style=&#34;color:#a6e22e&#34;&gt;embed&lt;/span&gt;&lt;span style=&#34;color:#f92672&#34;&gt;=&lt;/span&gt;&lt;span style=&#34;color:#e6db74&#34;&gt;true&lt;/span&gt; &lt;span style=&#34;color:#a6e22e&#34;&gt;marker&lt;/span&gt;&lt;span style=&#34;color:#f92672&#34;&gt;=&lt;/span&gt;&lt;span style=&#34;color:#e6db74&#34;&gt;&amp;#34;//SAMPLE&amp;#34;&lt;/span&gt; &lt;span style=&#34;color:#a6e22e&#34;&gt;replace-key-container&lt;/span&gt;&lt;span style=&#34;color:#f92672&#34;&gt;=&lt;/span&gt;&lt;span style=&#34;color:#e6db74&#34;&gt;&amp;#34;//RUN&amp;#34;&lt;/span&gt; &lt;span style=&#34;color:#a6e22e&#34;&gt;replace-value-container&lt;/span&gt;&lt;span style=&#34;color:#f92672&#34;&gt;=&lt;/span&gt;&lt;span style=&#34;color:#e6db74&#34;&gt;&amp;#34;container: {...}&amp;#34;&lt;/span&gt; &lt;span style=&#34;color:#a6e22e&#34;&gt;replace-key-connections&lt;/span&gt;&lt;span style=&#34;color:#f92672&#34;&gt;=&lt;/span&gt;&lt;span style=&#34;color:#e6db74&#34;&gt;&amp;#34;//CONNECTIONS&amp;#34;&lt;/span&gt; &lt;span style=&#34;color:#a6e22e&#34;&gt;replace-value-connections&lt;/span&gt;&lt;span style=&#34;color:#f92672&#34;&gt;=&lt;/span&gt;&lt;span style=&#34;color:#e6db74&#34;&gt;&amp;#34;connections: {...}&amp;#34;&lt;/span&gt; &amp;gt;}}
&lt;/span&gt;&lt;/span&gt;&lt;/code&gt;&lt;/pre&gt;&lt;/div&gt;&lt;div class=&#34;highlight&#34;&gt;&lt;pre tabindex=&#34;0&#34; style=&#34;color:#f8f8f2;background-color:#272822;-moz-tab-size:4;-o-tab-size:4;tab-size:4;&#34;&gt;&lt;code class=&#34;language-bicep&#34; data-lang=&#34;bicep&#34;&gt;&lt;span style=&#34;display:flex;&#34;&gt;&lt;span&gt;&lt;span style=&#34;color:#75715e&#34;&gt;// in snippets/mysample.bicep&lt;/span&gt;
&lt;/span&gt;&lt;/span&gt;&lt;span style=&#34;display:flex;&#34;&gt;&lt;span&gt;&lt;span style=&#34;color:#66d9ef&#34;&gt;resource&lt;/span&gt; app &lt;span style=&#34;color:#e6db74&#34;&gt;&amp;#39;radius.dev/Application@v1alpha1&amp;#39;&lt;/span&gt; = {
&lt;/span&gt;&lt;/span&gt;&lt;span style=&#34;display:flex;&#34;&gt;&lt;span&gt;  name: &lt;span style=&#34;color:#e6db74&#34;&gt;&amp;#39;storefront-app&amp;#39;&lt;/span&gt;
&lt;/span&gt;&lt;/span&gt;&lt;span style=&#34;display:flex;&#34;&gt;&lt;span&gt;
&lt;/span&gt;&lt;/span&gt;&lt;span style=&#34;display:flex;&#34;&gt;&lt;span&gt;  &lt;span style=&#34;color:#75715e&#34;&gt;//SAMPLE&lt;/span&gt;
&lt;/span&gt;&lt;/span&gt;&lt;span style=&#34;display:flex;&#34;&gt;&lt;span&gt;  &lt;span style=&#34;color:#66d9ef&#34;&gt;resource&lt;/span&gt; store &lt;span style=&#34;color:#e6db74&#34;&gt;&amp;#39;Container&amp;#39;&lt;/span&gt; = {
&lt;/span&gt;&lt;/span&gt;&lt;span style=&#34;display:flex;&#34;&gt;&lt;span&gt;    name: &lt;span style=&#34;color:#e6db74&#34;&gt;&amp;#39;storefront&amp;#39;&lt;/span&gt;
&lt;/span&gt;&lt;/span&gt;&lt;span style=&#34;display:flex;&#34;&gt;&lt;span&gt;    properties: {
&lt;/span&gt;&lt;/span&gt;&lt;span style=&#34;display:flex;&#34;&gt;&lt;span&gt;      &lt;span style=&#34;color:#75715e&#34;&gt;//RUN&lt;/span&gt;
&lt;/span&gt;&lt;/span&gt;&lt;span style=&#34;display:flex;&#34;&gt;&lt;span&gt;      container: {
&lt;/span&gt;&lt;/span&gt;&lt;span style=&#34;display:flex;&#34;&gt;&lt;span&gt;        image: &lt;span style=&#34;color:#e6db74&#34;&gt;&amp;#39;foo&amp;#39;&lt;/span&gt;
&lt;/span&gt;&lt;/span&gt;&lt;span style=&#34;display:flex;&#34;&gt;&lt;span&gt;      }
&lt;/span&gt;&lt;/span&gt;&lt;span style=&#34;display:flex;&#34;&gt;&lt;span&gt;      &lt;span style=&#34;color:#75715e&#34;&gt;//RUN&lt;/span&gt;
&lt;/span&gt;&lt;/span&gt;&lt;span style=&#34;display:flex;&#34;&gt;&lt;span&gt;      &lt;span style=&#34;color:#75715e&#34;&gt;//BINDINGS&lt;/span&gt;
&lt;/span&gt;&lt;/span&gt;&lt;span style=&#34;display:flex;&#34;&gt;&lt;span&gt;      connections: {
&lt;/span&gt;&lt;/span&gt;&lt;span style=&#34;display:flex;&#34;&gt;&lt;span&gt;        backend: {
&lt;/span&gt;&lt;/span&gt;&lt;span style=&#34;display:flex;&#34;&gt;&lt;span&gt;          
&lt;/span&gt;&lt;/span&gt;&lt;span style=&#34;display:flex;&#34;&gt;&lt;span&gt;          source: other.id
&lt;/span&gt;&lt;/span&gt;&lt;span style=&#34;display:flex;&#34;&gt;&lt;span&gt;        }
&lt;/span&gt;&lt;/span&gt;&lt;span style=&#34;display:flex;&#34;&gt;&lt;span&gt;      }
&lt;/span&gt;&lt;/span&gt;&lt;span style=&#34;display:flex;&#34;&gt;&lt;span&gt;      &lt;span style=&#34;color:#75715e&#34;&gt;//BINDINGS&lt;/span&gt;
&lt;/span&gt;&lt;/span&gt;&lt;span style=&#34;display:flex;&#34;&gt;&lt;span&gt;    }
&lt;/span&gt;&lt;/span&gt;&lt;span style=&#34;display:flex;&#34;&gt;&lt;span&gt;  }
&lt;/span&gt;&lt;/span&gt;&lt;span style=&#34;display:flex;&#34;&gt;&lt;span&gt;  &lt;span style=&#34;color:#75715e&#34;&gt;//SAMPLE&lt;/span&gt;
&lt;/span&gt;&lt;/span&gt;&lt;span style=&#34;display:flex;&#34;&gt;&lt;span&gt;}
&lt;/span&gt;&lt;/span&gt;&lt;/code&gt;&lt;/pre&gt;&lt;/div&gt;&lt;p&gt;Will result in the following output:&lt;/p&gt;
&lt;div class=&#34;highlight&#34;&gt;&lt;pre tabindex=&#34;0&#34; style=&#34;color:#f8f8f2;background-color:#272822;-moz-tab-size:4;-o-tab-size:4;tab-size:4;&#34;&gt;&lt;code class=&#34;language-bicep&#34; data-lang=&#34;bicep&#34;&gt;&lt;span style=&#34;display:flex;&#34;&gt;&lt;span&gt;  &lt;span style=&#34;color:#66d9ef&#34;&gt;resource&lt;/span&gt; store &lt;span style=&#34;color:#e6db74&#34;&gt;&amp;#39;Container&amp;#39;&lt;/span&gt; = {
&lt;/span&gt;&lt;/span&gt;&lt;span style=&#34;display:flex;&#34;&gt;&lt;span&gt;    name: &lt;span style=&#34;color:#e6db74&#34;&gt;&amp;#39;storefront&amp;#39;&lt;/span&gt;
&lt;/span&gt;&lt;/span&gt;&lt;span style=&#34;display:flex;&#34;&gt;&lt;span&gt;    properties: {
&lt;/span&gt;&lt;/span&gt;&lt;span style=&#34;display:flex;&#34;&gt;&lt;span&gt;      container: {...}
&lt;/span&gt;&lt;/span&gt;&lt;span style=&#34;display:flex;&#34;&gt;&lt;span&gt;      connections: {...}
&lt;/span&gt;&lt;/span&gt;&lt;span style=&#34;display:flex;&#34;&gt;&lt;span&gt;    }
&lt;/span&gt;&lt;/span&gt;&lt;span style=&#34;display:flex;&#34;&gt;&lt;span&gt;  }
&lt;/span&gt;&lt;/span&gt;&lt;/code&gt;&lt;/pre&gt;&lt;/div&gt;&lt;h3 id=&#34;images&#34;&gt;Images&lt;/h3&gt;
&lt;p&gt;The markdown spec used by Docsy and Hugo does not give an option to resize images using markdown notation. Instead, raw HTML is used.&lt;/p&gt;
&lt;p&gt;Begin by placing images under &lt;code&gt;/daprdocs/static/images&lt;/code&gt; with the naming convention of &lt;code&gt;[page-name]-[image-name].[png|jpg|svg]&lt;/code&gt;.&lt;/p&gt;
&lt;p&gt;Then link to the image using:&lt;/p&gt;
&lt;div class=&#34;highlight&#34;&gt;&lt;pre tabindex=&#34;0&#34; style=&#34;color:#f8f8f2;background-color:#272822;-moz-tab-size:4;-o-tab-size:4;tab-size:4;&#34;&gt;&lt;code class=&#34;language-md&#34; data-lang=&#34;md&#34;&gt;&lt;span style=&#34;display:flex;&#34;&gt;&lt;span&gt;&amp;lt;&lt;span style=&#34;color:#f92672&#34;&gt;img&lt;/span&gt; &lt;span style=&#34;color:#a6e22e&#34;&gt;src&lt;/span&gt;&lt;span style=&#34;color:#f92672&#34;&gt;=&lt;/span&gt;&lt;span style=&#34;color:#e6db74&#34;&gt;&amp;#34;/images/[image-filename]&amp;#34;&lt;/span&gt; &lt;span style=&#34;color:#a6e22e&#34;&gt;width&lt;/span&gt;&lt;span style=&#34;color:#f92672&#34;&gt;=&lt;/span&gt;&lt;span style=&#34;color:#e6db74&#34;&gt;1000&lt;/span&gt; &lt;span style=&#34;color:#a6e22e&#34;&gt;alt&lt;/span&gt;&lt;span style=&#34;color:#f92672&#34;&gt;=&lt;/span&gt;&lt;span style=&#34;color:#e6db74&#34;&gt;&amp;#34;Description of image&amp;#34;&lt;/span&gt;&amp;gt;
&lt;/span&gt;&lt;/span&gt;&lt;/code&gt;&lt;/pre&gt;&lt;/div&gt;&lt;blockquote&gt;
&lt;p&gt;Don&amp;rsquo;t forget to set the alt attribute to keep the docs readable for our visually impaired users.&lt;/p&gt;
&lt;/blockquote&gt;
&lt;h4 id=&#34;example-1&#34;&gt;Example&lt;/h4&gt;
&lt;p&gt;This HTML will display the &lt;code&gt;radius-overview.png&lt;/code&gt; image on the &lt;code&gt;overview.md&lt;/code&gt; page:&lt;/p&gt;
&lt;div class=&#34;highlight&#34;&gt;&lt;pre tabindex=&#34;0&#34; style=&#34;color:#f8f8f2;background-color:#272822;-moz-tab-size:4;-o-tab-size:4;tab-size:4;&#34;&gt;&lt;code class=&#34;language-md&#34; data-lang=&#34;md&#34;&gt;&lt;span style=&#34;display:flex;&#34;&gt;&lt;span&gt;&amp;lt;&lt;span style=&#34;color:#f92672&#34;&gt;img&lt;/span&gt; &lt;span style=&#34;color:#a6e22e&#34;&gt;src&lt;/span&gt;&lt;span style=&#34;color:#f92672&#34;&gt;=&lt;/span&gt;&lt;span style=&#34;color:#e6db74&#34;&gt;&amp;#34;/images/radius-overview.png&amp;#34;&lt;/span&gt; &lt;span style=&#34;color:#a6e22e&#34;&gt;width&lt;/span&gt;&lt;span style=&#34;color:#f92672&#34;&gt;=&lt;/span&gt;&lt;span style=&#34;color:#e6db74&#34;&gt;1000&lt;/span&gt; &lt;span style=&#34;color:#a6e22e&#34;&gt;alt&lt;/span&gt;&lt;span style=&#34;color:#f92672&#34;&gt;=&lt;/span&gt;&lt;span style=&#34;color:#e6db74&#34;&gt;&amp;#34;Overview diagram of Dapr and its building blocks&amp;#34;&lt;/span&gt;&amp;gt;
&lt;/span&gt;&lt;/span&gt;&lt;/code&gt;&lt;/pre&gt;&lt;/div&gt;&lt;h3 id=&#34;alerts&#34;&gt;Alerts&lt;/h3&gt;
&lt;p&gt;The &lt;strong&gt;alert&lt;/strong&gt; shortcode creates an alert block that can be used to display notices or warnings.&lt;/p&gt;
&lt;div class=&#34;highlight&#34;&gt;&lt;pre tabindex=&#34;0&#34; style=&#34;color:#f8f8f2;background-color:#272822;-moz-tab-size:4;-o-tab-size:4;tab-size:4;&#34;&gt;&lt;code class=&#34;language-go-html-template&#34; data-lang=&#34;go-html-template&#34;&gt;&lt;span style=&#34;display:flex;&#34;&gt;&lt;span&gt;&lt;span style=&#34;color:#75715e&#34;&gt;{{&lt;/span&gt;&lt;span style=&#34;color:#960050;background-color:#1e0010&#34;&gt;%&lt;/span&gt; &lt;span style=&#34;color:#a6e22e&#34;&gt;alert&lt;/span&gt; &lt;span style=&#34;color:#a6e22e&#34;&gt;title&lt;/span&gt;&lt;span style=&#34;color:#f92672&#34;&gt;=&lt;/span&gt;&lt;span style=&#34;color:#e6db74&#34;&gt;&amp;#34;Warning&amp;#34;&lt;/span&gt; &lt;span style=&#34;color:#a6e22e&#34;&gt;color&lt;/span&gt;&lt;span style=&#34;color:#f92672&#34;&gt;=&lt;/span&gt;&lt;span style=&#34;color:#e6db74&#34;&gt;&amp;#34;warning&amp;#34;&lt;/span&gt; &lt;span style=&#34;color:#960050;background-color:#1e0010&#34;&gt;%&lt;/span&gt;&lt;span style=&#34;color:#75715e&#34;&gt;}}&lt;/span&gt;
&lt;/span&gt;&lt;/span&gt;&lt;span style=&#34;display:flex;&#34;&gt;&lt;span&gt;This is a warning.
&lt;/span&gt;&lt;/span&gt;&lt;span style=&#34;display:flex;&#34;&gt;&lt;span&gt;&lt;span style=&#34;color:#75715e&#34;&gt;{{&lt;/span&gt;&lt;span style=&#34;color:#960050;background-color:#1e0010&#34;&gt;%&lt;/span&gt; &lt;span style=&#34;color:#960050;background-color:#1e0010&#34;&gt;/&lt;/span&gt;&lt;span style=&#34;color:#a6e22e&#34;&gt;alert&lt;/span&gt; &lt;span style=&#34;color:#960050;background-color:#1e0010&#34;&gt;%&lt;/span&gt;&lt;span style=&#34;color:#75715e&#34;&gt;}}&lt;/span&gt;
&lt;/span&gt;&lt;/span&gt;&lt;/code&gt;&lt;/pre&gt;&lt;/div&gt;&lt;p&gt;Renders to:&lt;/p&gt;


&lt;div class=&#34;alert alert-warning&#34; role=&#34;alert&#34;&gt;
&lt;h4 class=&#34;alert-heading&#34;&gt;Warning&lt;/h4&gt;

    This is a warning.

&lt;/div&gt;

&lt;table&gt;
&lt;thead&gt;
&lt;tr&gt;
&lt;th&gt;Parameter&lt;/th&gt;
&lt;th&gt;Default&lt;/th&gt;
&lt;th&gt;Description&lt;/th&gt;
&lt;/tr&gt;
&lt;/thead&gt;
&lt;tbody&gt;
&lt;tr&gt;
&lt;td&gt;color&lt;/td&gt;
&lt;td&gt;primary&lt;/td&gt;
&lt;td&gt;One of the theme colors, eg &lt;code&gt;primary&lt;/code&gt;, &lt;code&gt;info&lt;/code&gt;, &lt;code&gt;warning&lt;/code&gt; etc.&lt;/td&gt;
&lt;/tr&gt;
&lt;/tbody&gt;
&lt;/table&gt;
&lt;h3 id=&#34;page-info-banner&#34;&gt;Page info banner&lt;/h3&gt;
&lt;p&gt;The &lt;strong&gt;pageinfo&lt;/strong&gt; shortcode creates a text box that you can use to add banner information for a page: for example, letting users know that the page contains placeholder content, that the content is deprecated, or that it documents a beta feature.&lt;/p&gt;
&lt;div class=&#34;highlight&#34;&gt;&lt;pre tabindex=&#34;0&#34; style=&#34;color:#f8f8f2;background-color:#272822;-moz-tab-size:4;-o-tab-size:4;tab-size:4;&#34;&gt;&lt;code class=&#34;language-go-html-template&#34; data-lang=&#34;go-html-template&#34;&gt;&lt;span style=&#34;display:flex;&#34;&gt;&lt;span&gt;&lt;span style=&#34;color:#75715e&#34;&gt;{{&lt;/span&gt;&lt;span style=&#34;color:#960050;background-color:#1e0010&#34;&gt;%&lt;/span&gt; &lt;span style=&#34;color:#a6e22e&#34;&gt;pageinfo&lt;/span&gt; &lt;span style=&#34;color:#a6e22e&#34;&gt;color&lt;/span&gt;&lt;span style=&#34;color:#f92672&#34;&gt;=&lt;/span&gt;&lt;span style=&#34;color:#e6db74&#34;&gt;&amp;#34;primary&amp;#34;&lt;/span&gt; &lt;span style=&#34;color:#960050;background-color:#1e0010&#34;&gt;%&lt;/span&gt;&lt;span style=&#34;color:#75715e&#34;&gt;}}&lt;/span&gt;
&lt;/span&gt;&lt;/span&gt;&lt;span style=&#34;display:flex;&#34;&gt;&lt;span&gt;This is placeholder content.
&lt;/span&gt;&lt;/span&gt;&lt;span style=&#34;display:flex;&#34;&gt;&lt;span&gt;&lt;span style=&#34;color:#75715e&#34;&gt;{{&lt;/span&gt;&lt;span style=&#34;color:#960050;background-color:#1e0010&#34;&gt;%&lt;/span&gt; &lt;span style=&#34;color:#960050;background-color:#1e0010&#34;&gt;/&lt;/span&gt;&lt;span style=&#34;color:#a6e22e&#34;&gt;pageinfo&lt;/span&gt; &lt;span style=&#34;color:#960050;background-color:#1e0010&#34;&gt;%&lt;/span&gt;&lt;span style=&#34;color:#75715e&#34;&gt;}}&lt;/span&gt;
&lt;/span&gt;&lt;/span&gt;&lt;/code&gt;&lt;/pre&gt;&lt;/div&gt;&lt;p&gt;Renders to:&lt;/p&gt;


&lt;div class=&#34;pageinfo pageinfo-primary&#34;&gt;
&lt;p&gt;This is placeholder content&lt;/p&gt;

&lt;/div&gt;

&lt;table&gt;
&lt;thead&gt;
&lt;tr&gt;
&lt;th&gt;Parameter&lt;/th&gt;
&lt;th&gt;Default&lt;/th&gt;
&lt;th&gt;Description&lt;/th&gt;
&lt;/tr&gt;
&lt;/thead&gt;
&lt;tbody&gt;
&lt;tr&gt;
&lt;td&gt;color&lt;/td&gt;
&lt;td&gt;primary&lt;/td&gt;
&lt;td&gt;One of the theme colors, eg &lt;code&gt;primary&lt;/code&gt;, &lt;code&gt;info&lt;/code&gt;, &lt;code&gt;warning&lt;/code&gt; etc.&lt;/td&gt;
&lt;/tr&gt;
&lt;/tbody&gt;
&lt;/table&gt;
&lt;h3 id=&#34;tabbed-content&#34;&gt;Tabbed content&lt;/h3&gt;
&lt;p&gt;Tabs are made possible through &lt;a href=&#34;https://gohugo.io/content-management/shortcodes/&#34;&gt;Hugo shortcodes&lt;/a&gt;.&lt;/p&gt;
&lt;p&gt;The overall format is:&lt;/p&gt;
&lt;pre tabindex=&#34;0&#34;&gt;&lt;code&gt;{{&amp;lt; tabs [Tab1] [Tab2]&amp;gt;}}

{{% codetab %}}
[Content for Tab1]
{{% /codetab %}}

{{% codetab %}}
[Content for Tab2]
{{% /codetab %}}

{{&amp;lt; /tabs &amp;gt;}}
&lt;/code&gt;&lt;/pre&gt;&lt;p&gt;All content you author will be rendered to Markdown, so you can include images, code blocks, YouTube videos, and more.&lt;/p&gt;
&lt;h4 id=&#34;example-2&#34;&gt;Example&lt;/h4&gt;
&lt;pre tabindex=&#34;0&#34;&gt;&lt;code&gt;{{&amp;lt; tabs Windows Linux MacOS&amp;gt;}}

{{% codetab %}}
```powershell
powershell -Command &amp;#34;iwr -useb https://raw.githubusercontent.com/dapr/cli/master/install/install.ps1 | iex&amp;#34;
```
{{% /codetab %}}

{{% codetab %}}
```bash
wget -q https://raw.githubusercontent.com/dapr/cli/master/install/install.sh -O - | /bin/bash
```
{{% /codetab %}}

{{% codetab %}}
```bash
brew install dapr/tap/dapr-cli
```
{{% /codetab %}}

{{&amp;lt; /tabs &amp;gt;}}
&lt;/code&gt;&lt;/pre&gt;&lt;p&gt;This example will render to this:&lt;/p&gt;
&lt;ul class=&#34;nav nav-tabs&#34; id=&#34;tabs-4&#34; role=&#34;tablist&#34;&gt;&lt;li class=&#34;nav-item&#34;&gt;&lt;a class=&#34;nav-link active&#34;
    id=&#34;tabs-4-windows-tab&#34; data-toggle=&#34;tab&#34; href=&#34;#tabs-4-windows&#34; role=&#34;tab&#34;
    aria-controls=&#34;tabs-4-windows&#34; aria-selected=&#34;true&#34;&gt;
    Windows
  &lt;/a&gt;
  &lt;/li&gt;&lt;li class=&#34;nav-item&#34;&gt;&lt;a class=&#34;nav-link&#34;
    id=&#34;tabs-4-linux-tab&#34; data-toggle=&#34;tab&#34; href=&#34;#tabs-4-linux&#34; role=&#34;tab&#34;
    aria-controls=&#34;tabs-4-linux&#34; aria-selected=&#34;false&#34;&gt;
    Linux
  &lt;/a&gt;
  &lt;/li&gt;&lt;li class=&#34;nav-item&#34;&gt;&lt;a class=&#34;nav-link&#34;
    id=&#34;tabs-4-macos-tab&#34; data-toggle=&#34;tab&#34; href=&#34;#tabs-4-macos&#34; role=&#34;tab&#34;
    aria-controls=&#34;tabs-4-macos&#34; aria-selected=&#34;false&#34;&gt;
    MacOS
  &lt;/a&gt;
  &lt;/li&gt;&lt;/ul&gt;


&lt;div class=&#34;tab-content&#34; id=&#34;tabs-4-content&#34;&gt;


&lt;div class=&#34;tab-pane fade show active&#34; id=&#34;tabs-4-windows&#34; role=&#34;tabpanel&#34; aria-labelled-by=&#34;tabs-4-windows-tab&#34;&gt;
&lt;br /&gt;&lt;div class=&#34;highlight&#34;&gt;&lt;pre tabindex=&#34;0&#34; style=&#34;color:#f8f8f2;background-color:#272822;-moz-tab-size:4;-o-tab-size:4;tab-size:4;&#34;&gt;&lt;code class=&#34;language-powershell&#34; data-lang=&#34;powershell&#34;&gt;&lt;span style=&#34;display:flex;&#34;&gt;&lt;span&gt;powershell -Command &lt;span style=&#34;color:#e6db74&#34;&gt;&amp;#34;iwr -useb https://raw.githubusercontent.com/dapr/cli/master/install/install.ps1 | iex&amp;#34;&lt;/span&gt;
&lt;/span&gt;&lt;/span&gt;&lt;/code&gt;&lt;/pre&gt;&lt;/div&gt;&lt;/div&gt;

&lt;div class=&#34;tab-pane fade&#34; id=&#34;tabs-4-linux&#34; role=&#34;tabpanel&#34; aria-labelled-by=&#34;tabs-4-linux-tab&#34;&gt;
&lt;br /&gt;&lt;div class=&#34;highlight&#34;&gt;&lt;pre tabindex=&#34;0&#34; style=&#34;color:#f8f8f2;background-color:#272822;-moz-tab-size:4;-o-tab-size:4;tab-size:4;&#34;&gt;&lt;code class=&#34;language-bash&#34; data-lang=&#34;bash&#34;&gt;&lt;span style=&#34;display:flex;&#34;&gt;&lt;span&gt;wget -q https://raw.githubusercontent.com/dapr/cli/master/install/install.sh -O - | /bin/bash
&lt;/span&gt;&lt;/span&gt;&lt;/code&gt;&lt;/pre&gt;&lt;/div&gt;&lt;/div&gt;

&lt;div class=&#34;tab-pane fade&#34; id=&#34;tabs-4-macos&#34; role=&#34;tabpanel&#34; aria-labelled-by=&#34;tabs-4-macos-tab&#34;&gt;
&lt;br /&gt;&lt;div class=&#34;highlight&#34;&gt;&lt;pre tabindex=&#34;0&#34; style=&#34;color:#f8f8f2;background-color:#272822;-moz-tab-size:4;-o-tab-size:4;tab-size:4;&#34;&gt;&lt;code class=&#34;language-bash&#34; data-lang=&#34;bash&#34;&gt;&lt;span style=&#34;display:flex;&#34;&gt;&lt;span&gt;brew install dapr/tap/dapr-cli
&lt;/span&gt;&lt;/span&gt;&lt;/code&gt;&lt;/pre&gt;&lt;/div&gt;&lt;/div&gt;


&lt;/div&gt;
&lt;h3 id=&#34;youtube-videos&#34;&gt;YouTube videos&lt;/h3&gt;
&lt;p&gt;Hugo can automatically embed YouTube videos using a shortcode:&lt;/p&gt;
&lt;pre tabindex=&#34;0&#34;&gt;&lt;code&gt;{{&amp;lt; youtube [VIDEO ID] &amp;gt;}}
&lt;/code&gt;&lt;/pre&gt;&lt;h4 id=&#34;example-3&#34;&gt;Example&lt;/h4&gt;
&lt;p&gt;Given the video &lt;code&gt;https://youtu.be/dQw4w9WgXcQ&lt;/code&gt;&lt;/p&gt;
&lt;p&gt;The shortcode would be:&lt;/p&gt;
&lt;pre tabindex=&#34;0&#34;&gt;&lt;code&gt;{{&amp;lt; youtube dQw4w9WgXcQ &amp;gt;}}
&lt;/code&gt;&lt;/pre&gt;&lt;h3 id=&#34;buttons&#34;&gt;Buttons&lt;/h3&gt;
&lt;p&gt;To create a button in a webpage, use the &lt;code&gt;button&lt;/code&gt; shortcode.&lt;/p&gt;
&lt;p&gt;An optional &lt;code&gt;newtab&lt;/code&gt; parameter will indicate if the page should open in a new tab. Options are &amp;ldquo;true&amp;rdquo; or &amp;ldquo;false&amp;rdquo;. Default is &amp;ldquo;false&amp;rdquo;, where the page will open in the same tab.&lt;/p&gt;
&lt;h4 id=&#34;link-to-an-external-page&#34;&gt;Link to an external page&lt;/h4&gt;
&lt;pre tabindex=&#34;0&#34;&gt;&lt;code&gt;{{&amp;lt; button text=&amp;#34;My Button&amp;#34; link=&amp;#34;https://example.com&amp;#34; &amp;gt;}}
&lt;/code&gt;&lt;/pre&gt;








&lt;a class=&#34;btn  btn-primary&#34; href=&#34;https://example.com&#34; role=&#34;button&#34;&gt;My Button&lt;/a&gt;&lt;br /&gt;
&lt;br /&gt;
&lt;h4 id=&#34;link-to-another-docs-page&#34;&gt;Link to another docs page&lt;/h4&gt;
&lt;p&gt;You can also reference pages in your button as well:&lt;/p&gt;
&lt;pre tabindex=&#34;0&#34;&gt;&lt;code&gt;{{&amp;lt; button text=&amp;#34;My Button&amp;#34; page=&amp;#34;contributing&amp;#34; newtab=&amp;#34;true&amp;#34; &amp;gt;}}
&lt;/code&gt;&lt;/pre&gt;








&lt;a class=&#34;btn  btn-primary&#34; href=&#34;https://docs.radapp.io/community/contributing/&#34; role=&#34;button&#34;target=&#34;_blank&#34;&gt;My Button&lt;/a&gt;&lt;br /&gt;
&lt;br /&gt;
&lt;h4 id=&#34;link-to-a-github-filedirectory&#34;&gt;Link to a GitHub file/directory&lt;/h4&gt;
&lt;p&gt;You can link to a GitHub repo and path with the &lt;code&gt;githubRepo&lt;/code&gt; and &lt;code&gt;githubPath&lt;/code&gt; parameters:&lt;/p&gt;
&lt;pre tabindex=&#34;0&#34;&gt;&lt;code&gt;{{&amp;lt; button text=&amp;#34;My Button&amp;#34; githubRepo=&amp;#34;samples&amp;#34; githubPath=&amp;#34;samples&amp;#34; &amp;gt;}}
&lt;/code&gt;&lt;/pre&gt;








&lt;a class=&#34;btn  btn-primary&#34; href=&#34;https://github.com/radius-project/samples/tree/v0.26/samples&#34; role=&#34;button&#34;&gt;My Button&lt;/a&gt;&lt;br /&gt;
&lt;br /&gt;
&lt;h4 id=&#34;button-colors&#34;&gt;Button colors&lt;/h4&gt;
&lt;p&gt;You can customize the colors using the Bootstrap colors:&lt;/p&gt;
&lt;pre tabindex=&#34;0&#34;&gt;&lt;code&gt;{{&amp;lt; button text=&amp;#34;My Button&amp;#34; link=&amp;#34;https://example.com&amp;#34; color=&amp;#34;primary&amp;#34; &amp;gt;}}
{{&amp;lt; button text=&amp;#34;My Button&amp;#34; link=&amp;#34;https://example.com&amp;#34; color=&amp;#34;secondary&amp;#34; &amp;gt;}}
{{&amp;lt; button text=&amp;#34;My Button&amp;#34; link=&amp;#34;https://example.com&amp;#34; color=&amp;#34;success&amp;#34; &amp;gt;}}
{{&amp;lt; button text=&amp;#34;My Button&amp;#34; link=&amp;#34;https://example.com&amp;#34; color=&amp;#34;danger&amp;#34; &amp;gt;}}
{{&amp;lt; button text=&amp;#34;My Button&amp;#34; link=&amp;#34;https://example.com&amp;#34; color=&amp;#34;warning&amp;#34; &amp;gt;}}
{{&amp;lt; button text=&amp;#34;My Button&amp;#34; link=&amp;#34;https://example.com&amp;#34; color=&amp;#34;info&amp;#34; &amp;gt;}}
&lt;/code&gt;&lt;/pre&gt;&lt;p&gt;








&lt;a class=&#34;btn  btn-primary&#34; href=&#34;https://example.com&#34; role=&#34;button&#34;&gt;My Button&lt;/a&gt;&lt;br /&gt;
&lt;br /&gt;









&lt;a class=&#34;btn  btn-secondary&#34; href=&#34;https://example.com&#34; role=&#34;button&#34;&gt;My Button&lt;/a&gt;&lt;br /&gt;
&lt;br /&gt;









&lt;a class=&#34;btn  btn-success&#34; href=&#34;https://example.com&#34; role=&#34;button&#34;&gt;My Button&lt;/a&gt;&lt;br /&gt;
&lt;br /&gt;









&lt;a class=&#34;btn  btn-danger&#34; href=&#34;https://example.com&#34; role=&#34;button&#34;&gt;My Button&lt;/a&gt;&lt;br /&gt;
&lt;br /&gt;









&lt;a class=&#34;btn  btn-warning&#34; href=&#34;https://example.com&#34; role=&#34;button&#34;&gt;My Button&lt;/a&gt;&lt;br /&gt;
&lt;br /&gt;









&lt;a class=&#34;btn  btn-info&#34; href=&#34;https://example.com&#34; role=&#34;button&#34;&gt;My Button&lt;/a&gt;&lt;br /&gt;
&lt;br /&gt;&lt;/p&gt;
&lt;h4 id=&#34;inline-buttons&#34;&gt;Inline buttons&lt;/h4&gt;
&lt;p&gt;By default, buttons are padded with new lines below the button. To remove these new lines to create multiple buttons in-line, add a &lt;code&gt;newline=&amp;quot;false&amp;quot;&lt;/code&gt; parameter:&lt;/p&gt;
&lt;pre tabindex=&#34;0&#34;&gt;&lt;code&gt;{{&amp;lt; button text=&amp;#34;Previous&amp;#34; link=&amp;#34;https://example.com&amp;#34; newline=&amp;#34;false&amp;#34; &amp;gt;}}
{{&amp;lt; button text=&amp;#34;Next&amp;#34; link=&amp;#34;https://example.com&amp;#34; &amp;gt;}}
&lt;/code&gt;&lt;/pre&gt;&lt;p&gt;








&lt;a class=&#34;btn  btn-primary&#34; href=&#34;https://example.com&#34; role=&#34;button&#34;&gt;Previous&lt;/a&gt;









&lt;a class=&#34;btn  btn-primary&#34; href=&#34;https://example.com&#34; role=&#34;button&#34;&gt;Next&lt;/a&gt;&lt;br /&gt;
&lt;br /&gt;&lt;/p&gt;
&lt;h4 id=&#34;categorize-content&#34;&gt;Categorize content&lt;/h4&gt;
&lt;p&gt;You can use the &lt;code&gt;categorizeby&lt;/code&gt; shortcode to pull and organize content by either categories and tags. This is useful when you want to categorize content by tags and the type of the document&lt;/p&gt;
&lt;pre tabindex=&#34;0&#34;&gt;&lt;code&gt;{{ categorizeby category=&amp;#34;How-To&amp;#34; tag= &amp;#34;containers&amp;#34; }}
&lt;/code&gt;&lt;/pre&gt;&lt;p&gt;This categorizes and lists all the docs that has both &amp;ldquo;How-To&amp;rdquo; as the category and &amp;ldquo;container&amp;rdquo; as the tag.&lt;/p&gt;
&lt;pre tabindex=&#34;0&#34;&gt;&lt;code&gt;{{ categorizeby category=&amp;#34;How-To&amp;#34; }}
&lt;/code&gt;&lt;/pre&gt;&lt;p&gt;This categorizes and lists all the docs that are How-To by the available tags.&lt;/p&gt;
&lt;h3 id=&#34;references&#34;&gt;References&lt;/h3&gt;
&lt;ul&gt;
&lt;li&gt;&lt;a href=&#34;https://www.docsy.dev/docs/adding-content/&#34;&gt;Docsy authoring guide&lt;/a&gt;&lt;/li&gt;
&lt;/ul&gt;

      </description>
    </item>
    
    <item>
      <title>Community: Radius GitHub organization</title>
      <link>https://docs.radapp.io/community/contributing/github/</link>
      <pubDate>Mon, 01 Jan 0001 00:00:00 +0000</pubDate>
      
      <guid>https://docs.radapp.io/community/contributing/github/</guid>
      <description>
        
        
        &lt;p&gt;Radius is a community-driven project that lives on GitHub within the &lt;a href=&#34;https://github.com/radius-project&#34;&gt;Radius organization&lt;/a&gt;.&lt;/p&gt;
&lt;h2 id=&#34;access&#34;&gt;Access&lt;/h2&gt;
&lt;p&gt;Visit &lt;a href=&#34;https://aka.ms/ProjectRadius/GitHubAccess&#34;&gt;https://aka.ms/ProjectRadius/GitHubAccess&lt;/a&gt; to request access to the Radius GitHub organization.&lt;/p&gt;
&lt;h2 id=&#34;source-code&#34;&gt;Source code&lt;/h2&gt;
&lt;p&gt;The source code for Radius is available on GitHub within the &lt;a href=&#34;https://github.com/radius-project/radius&#34;&gt;radius repo&lt;/a&gt;.&lt;/p&gt;
&lt;p&gt;Documentation is housed at &lt;a href=&#34;https://github.com/radius-project/docs&#34;&gt;https://github.com/radius-project/docs&lt;/a&gt;.&lt;/p&gt;
&lt;p&gt;Samples are located at &lt;a href=&#34;https://github.com/radius-project/samples&#34;&gt;https://github.com/radius-project/samples&lt;/a&gt;.&lt;/p&gt;
&lt;h2 id=&#34;troubleshooting-common-issues&#34;&gt;Troubleshooting common issues&lt;/h2&gt;
&lt;h3 id=&#34;visual-studio-not-authorized-for-single-sign-on&#34;&gt;Visual Studio not authorized for single sign-on&lt;/h3&gt;
&lt;p&gt;If you receive an error saying Visual Studio Code or another application is not authorized to clone any of the Radius repositories you may need to re-authorize the GitHub app:&lt;/p&gt;
&lt;ol&gt;
&lt;li&gt;Open a browser to &lt;a href=&#34;https://github.com/settings/applications&#34;&gt;https://github.com/settings/applications&lt;/a&gt;&lt;/li&gt;
&lt;li&gt;Find the applicable app and select Revoke&lt;/li&gt;
&lt;li&gt;Reopen app on local machine and re-auth&lt;/li&gt;
&lt;/ol&gt;

      </description>
    </item>
    
  </channel>
</rss>
