<rss version="2.0" xmlns:atom="http://www.w3.org/2005/Atom">
  <channel>
    <title>Radius Docs – Control plane</title>
    <link>https://docs.radapp.io/guides/operations/control-plane/</link>
    <description>Recent content in Control plane on Radius Docs</description>
    <generator>Hugo -- gohugo.io</generator>
    <language>en-us</language>
    
	  <atom:link href="https://docs.radapp.io/guides/operations/control-plane/index.xml" rel="self" type="application/rss+xml" />
    
    
      
        
      
    
    
    <item>
      <title>Guides: Control plane logging</title>
      <link>https://docs.radapp.io/guides/operations/control-plane/logs/</link>
      <pubDate>Mon, 01 Jan 0001 00:00:00 +0000</pubDate>
      
      <guid>https://docs.radapp.io/guides/operations/control-plane/logs/</guid>
      <description>
        
        
        
      </description>
    </item>
    
    <item>
      <title>Guides: Control plane metrics</title>
      <link>https://docs.radapp.io/guides/operations/control-plane/metrics/</link>
      <pubDate>Mon, 01 Jan 0001 00:00:00 +0000</pubDate>
      
      <guid>https://docs.radapp.io/guides/operations/control-plane/metrics/</guid>
      <description>
        
        
        
      </description>
    </item>
    
    <item>
      <title>Guides: Control plane tracing</title>
      <link>https://docs.radapp.io/guides/operations/control-plane/traces/</link>
      <pubDate>Mon, 01 Jan 0001 00:00:00 +0000</pubDate>
      
      <guid>https://docs.radapp.io/guides/operations/control-plane/traces/</guid>
      <description>
        
        
        
      </description>
    </item>
    
    <item>
      <title>Guides: How-To: Interact with the Radius API in Postman</title>
      <link>https://docs.radapp.io/guides/operations/control-plane/howto-postman/</link>
      <pubDate>Mon, 01 Jan 0001 00:00:00 +0000</pubDate>
      
      <guid>https://docs.radapp.io/guides/operations/control-plane/howto-postman/</guid>
      <description>
        
        
        &lt;p&gt;This guide will show you how to use &lt;a href=&#34;https://postman.com&#34;&gt;Postman&lt;/a&gt; to interact with the Radius API. Postman is a popular tool for interacting with REST APIs, and it can be used to explore the Radius API without writing any code.&lt;/p&gt;
&lt;h3 id=&#34;prerequisites&#34;&gt;Prerequisites&lt;/h3&gt;
&lt;p&gt;Before you get started, you&amp;rsquo;ll need to make sure you have the following tools and resources:&lt;/p&gt;
&lt;ul&gt;
&lt;li&gt;&lt;a href=&#34;https://www.postman.com/&#34;&gt;Postman&lt;/a&gt;&lt;/li&gt;
&lt;li&gt;&lt;a href=&#34;https://kubernetes.io/docs/tasks/tools/install-kubectl/&#34;&gt;kubectl&lt;/a&gt;&lt;/li&gt;
&lt;li&gt;&lt;a href=&#34;https://docs.radapp.io/installation/#step-3-initialize-radius&#34;&gt;Radius environment&lt;/a&gt;&lt;/li&gt;
&lt;/ul&gt;
&lt;h3 id=&#34;step-1-create-kubernetes-objects&#34;&gt;Step 1: Create Kubernetes objects&lt;/h3&gt;
&lt;p&gt;Radius uses the &lt;a href=&#34;https://kubernetes.io/docs/concepts/extend-kubernetes/api-extension/apiserver-aggregation/&#34;&gt;Kubernetes API aggregation layer&lt;/a&gt; to expose its API, so while Radius is not a Kubernetes operator itself, it leverages the Kubernetes platform to expose its own API.&lt;/p&gt;
&lt;p&gt;To access the Radius API, begin by creating the necessary Kubernetes objects.&lt;/p&gt;
&lt;ol&gt;
&lt;li&gt;
&lt;p&gt;Create a new file named &lt;code&gt;postman.yaml&lt;/code&gt; and add the following contents:&lt;/p&gt;
&lt;div class=&#34;highlight&#34;&gt;&lt;pre tabindex=&#34;0&#34; style=&#34;color:#f8f8f2;background-color:#272822;-moz-tab-size:4;-o-tab-size:4;tab-size:4;&#34;&gt;&lt;code class=&#34;language-yaml&#34; data-lang=&#34;yaml&#34;&gt;&lt;span style=&#34;display:flex;&#34;&gt;&lt;span&gt;&lt;span style=&#34;color:#f92672&#34;&gt;apiVersion&lt;/span&gt;: &lt;span style=&#34;color:#ae81ff&#34;&gt;v1&lt;/span&gt;
&lt;/span&gt;&lt;/span&gt;&lt;span style=&#34;display:flex;&#34;&gt;&lt;span&gt;&lt;span style=&#34;color:#f92672&#34;&gt;kind&lt;/span&gt;: &lt;span style=&#34;color:#ae81ff&#34;&gt;ServiceAccount&lt;/span&gt;
&lt;/span&gt;&lt;/span&gt;&lt;span style=&#34;display:flex;&#34;&gt;&lt;span&gt;&lt;span style=&#34;color:#f92672&#34;&gt;metadata&lt;/span&gt;:
&lt;/span&gt;&lt;/span&gt;&lt;span style=&#34;display:flex;&#34;&gt;&lt;span&gt;  &lt;span style=&#34;color:#f92672&#34;&gt;name&lt;/span&gt;: &lt;span style=&#34;color:#ae81ff&#34;&gt;postman-account&lt;/span&gt;
&lt;/span&gt;&lt;/span&gt;&lt;span style=&#34;display:flex;&#34;&gt;&lt;span&gt;  &lt;span style=&#34;color:#f92672&#34;&gt;namespace&lt;/span&gt;: &lt;span style=&#34;color:#ae81ff&#34;&gt;radius-system&lt;/span&gt;
&lt;/span&gt;&lt;/span&gt;&lt;span style=&#34;display:flex;&#34;&gt;&lt;span&gt;---
&lt;/span&gt;&lt;/span&gt;&lt;span style=&#34;display:flex;&#34;&gt;&lt;span&gt;&lt;span style=&#34;color:#f92672&#34;&gt;apiVersion&lt;/span&gt;: &lt;span style=&#34;color:#ae81ff&#34;&gt;rbac.authorization.k8s.io/v1&lt;/span&gt;
&lt;/span&gt;&lt;/span&gt;&lt;span style=&#34;display:flex;&#34;&gt;&lt;span&gt;&lt;span style=&#34;color:#f92672&#34;&gt;kind&lt;/span&gt;: &lt;span style=&#34;color:#ae81ff&#34;&gt;ClusterRole&lt;/span&gt;
&lt;/span&gt;&lt;/span&gt;&lt;span style=&#34;display:flex;&#34;&gt;&lt;span&gt;&lt;span style=&#34;color:#f92672&#34;&gt;metadata&lt;/span&gt;:
&lt;/span&gt;&lt;/span&gt;&lt;span style=&#34;display:flex;&#34;&gt;&lt;span&gt;  &lt;span style=&#34;color:#f92672&#34;&gt;name&lt;/span&gt;: &lt;span style=&#34;color:#ae81ff&#34;&gt;postman-role&lt;/span&gt;
&lt;/span&gt;&lt;/span&gt;&lt;span style=&#34;display:flex;&#34;&gt;&lt;span&gt;  &lt;span style=&#34;color:#f92672&#34;&gt;namespace&lt;/span&gt;: &lt;span style=&#34;color:#ae81ff&#34;&gt;radius-system&lt;/span&gt;
&lt;/span&gt;&lt;/span&gt;&lt;span style=&#34;display:flex;&#34;&gt;&lt;span&gt;&lt;span style=&#34;color:#f92672&#34;&gt;rules&lt;/span&gt;:
&lt;/span&gt;&lt;/span&gt;&lt;span style=&#34;display:flex;&#34;&gt;&lt;span&gt;  - &lt;span style=&#34;color:#f92672&#34;&gt;apiGroups&lt;/span&gt;: [&lt;span style=&#34;color:#e6db74&#34;&gt;&amp;#34;&amp;#34;&lt;/span&gt;, &lt;span style=&#34;color:#e6db74&#34;&gt;&amp;#34;api.ucp.dev&amp;#34;&lt;/span&gt;]
&lt;/span&gt;&lt;/span&gt;&lt;span style=&#34;display:flex;&#34;&gt;&lt;span&gt;    &lt;span style=&#34;color:#f92672&#34;&gt;resources&lt;/span&gt;: [&lt;span style=&#34;color:#e6db74&#34;&gt;&amp;#34;*&amp;#34;&lt;/span&gt;]
&lt;/span&gt;&lt;/span&gt;&lt;span style=&#34;display:flex;&#34;&gt;&lt;span&gt;    &lt;span style=&#34;color:#f92672&#34;&gt;verbs&lt;/span&gt;: [&lt;span style=&#34;color:#e6db74&#34;&gt;&amp;#34;*&amp;#34;&lt;/span&gt;]
&lt;/span&gt;&lt;/span&gt;&lt;span style=&#34;display:flex;&#34;&gt;&lt;span&gt;---
&lt;/span&gt;&lt;/span&gt;&lt;span style=&#34;display:flex;&#34;&gt;&lt;span&gt;&lt;span style=&#34;color:#f92672&#34;&gt;apiVersion&lt;/span&gt;: &lt;span style=&#34;color:#ae81ff&#34;&gt;rbac.authorization.k8s.io/v1&lt;/span&gt;
&lt;/span&gt;&lt;/span&gt;&lt;span style=&#34;display:flex;&#34;&gt;&lt;span&gt;&lt;span style=&#34;color:#f92672&#34;&gt;kind&lt;/span&gt;: &lt;span style=&#34;color:#ae81ff&#34;&gt;ClusterRoleBinding&lt;/span&gt;
&lt;/span&gt;&lt;/span&gt;&lt;span style=&#34;display:flex;&#34;&gt;&lt;span&gt;&lt;span style=&#34;color:#f92672&#34;&gt;metadata&lt;/span&gt;:
&lt;/span&gt;&lt;/span&gt;&lt;span style=&#34;display:flex;&#34;&gt;&lt;span&gt;  &lt;span style=&#34;color:#f92672&#34;&gt;name&lt;/span&gt;: &lt;span style=&#34;color:#ae81ff&#34;&gt;postman-role-binding&lt;/span&gt;
&lt;/span&gt;&lt;/span&gt;&lt;span style=&#34;display:flex;&#34;&gt;&lt;span&gt;  &lt;span style=&#34;color:#f92672&#34;&gt;namespace&lt;/span&gt;: &lt;span style=&#34;color:#ae81ff&#34;&gt;radius-system&lt;/span&gt;
&lt;/span&gt;&lt;/span&gt;&lt;span style=&#34;display:flex;&#34;&gt;&lt;span&gt;&lt;span style=&#34;color:#f92672&#34;&gt;subjects&lt;/span&gt;:
&lt;/span&gt;&lt;/span&gt;&lt;span style=&#34;display:flex;&#34;&gt;&lt;span&gt;  - &lt;span style=&#34;color:#f92672&#34;&gt;kind&lt;/span&gt;: &lt;span style=&#34;color:#ae81ff&#34;&gt;ServiceAccount&lt;/span&gt;
&lt;/span&gt;&lt;/span&gt;&lt;span style=&#34;display:flex;&#34;&gt;&lt;span&gt;    &lt;span style=&#34;color:#f92672&#34;&gt;name&lt;/span&gt;: &lt;span style=&#34;color:#ae81ff&#34;&gt;postman-account&lt;/span&gt;
&lt;/span&gt;&lt;/span&gt;&lt;span style=&#34;display:flex;&#34;&gt;&lt;span&gt;    &lt;span style=&#34;color:#f92672&#34;&gt;namespace&lt;/span&gt;: &lt;span style=&#34;color:#ae81ff&#34;&gt;radius-system&lt;/span&gt;
&lt;/span&gt;&lt;/span&gt;&lt;span style=&#34;display:flex;&#34;&gt;&lt;span&gt;&lt;span style=&#34;color:#f92672&#34;&gt;roleRef&lt;/span&gt;:
&lt;/span&gt;&lt;/span&gt;&lt;span style=&#34;display:flex;&#34;&gt;&lt;span&gt;  &lt;span style=&#34;color:#f92672&#34;&gt;kind&lt;/span&gt;: &lt;span style=&#34;color:#ae81ff&#34;&gt;ClusterRole&lt;/span&gt;
&lt;/span&gt;&lt;/span&gt;&lt;span style=&#34;display:flex;&#34;&gt;&lt;span&gt;  &lt;span style=&#34;color:#f92672&#34;&gt;name&lt;/span&gt;: &lt;span style=&#34;color:#ae81ff&#34;&gt;postman-role&lt;/span&gt;
&lt;/span&gt;&lt;/span&gt;&lt;span style=&#34;display:flex;&#34;&gt;&lt;span&gt;  &lt;span style=&#34;color:#f92672&#34;&gt;apiGroup&lt;/span&gt;: &lt;span style=&#34;color:#ae81ff&#34;&gt;rbac.authorization.k8s.io&lt;/span&gt;
&lt;/span&gt;&lt;/span&gt;&lt;/code&gt;&lt;/pre&gt;&lt;/div&gt;&lt;/li&gt;
&lt;li&gt;
&lt;p&gt;Save the file and then apply it using the following command:&lt;/p&gt;
&lt;div class=&#34;highlight&#34;&gt;&lt;pre tabindex=&#34;0&#34; style=&#34;color:#f8f8f2;background-color:#272822;-moz-tab-size:4;-o-tab-size:4;tab-size:4;&#34;&gt;&lt;code class=&#34;language-bash&#34; data-lang=&#34;bash&#34;&gt;&lt;span style=&#34;display:flex;&#34;&gt;&lt;span&gt;kubectl apply -f postman.yaml
&lt;/span&gt;&lt;/span&gt;&lt;/code&gt;&lt;/pre&gt;&lt;/div&gt;&lt;p&gt;This will create a &lt;code&gt;ServiceAccount&lt;/code&gt; named &lt;code&gt;postman-account&lt;/code&gt;, a &lt;code&gt;ClusterRole&lt;/code&gt; named &lt;code&gt;postman-role&lt;/code&gt; with full access to all &lt;code&gt;api.ucp.dev&lt;/code&gt; resources, and a &lt;code&gt;ClusterRoleBinding&lt;/code&gt; named &lt;code&gt;postman-role-binding&lt;/code&gt; that binds the &lt;code&gt;postman-account&lt;/code&gt; to the &lt;code&gt;postman-role&lt;/code&gt;.&lt;/p&gt;
&lt;/li&gt;
&lt;/ol&gt;
&lt;h3 id=&#34;step-2-generate-a-token&#34;&gt;Step 2: Generate a token&lt;/h3&gt;
&lt;p&gt;Now that you have created the necessary Kubernetes objects, you can generate a token that can be used to authenticate to the Kubernetes API.&lt;/p&gt;
&lt;ol&gt;
&lt;li&gt;
&lt;p&gt;Run the following command to generate a token for the &lt;code&gt;postman-account&lt;/code&gt; service account:&lt;/p&gt;
&lt;div class=&#34;highlight&#34;&gt;&lt;pre tabindex=&#34;0&#34; style=&#34;color:#f8f8f2;background-color:#272822;-moz-tab-size:4;-o-tab-size:4;tab-size:4;&#34;&gt;&lt;code class=&#34;language-bash&#34; data-lang=&#34;bash&#34;&gt;&lt;span style=&#34;display:flex;&#34;&gt;&lt;span&gt;kubectl create token postman-account -n radius-system 
&lt;/span&gt;&lt;/span&gt;&lt;/code&gt;&lt;/pre&gt;&lt;/div&gt;&lt;p&gt;This will create a token with the default expiration time of 1 hour. If you want to set a different expiration time, you can use the &lt;code&gt;--duration&lt;/code&gt; flag to specify a duration in seconds (up to 48 hours).&lt;/p&gt;
&lt;/li&gt;
&lt;/ol&gt;
&lt;h3 id=&#34;step-3-use-postman&#34;&gt;Step 3: Use Postman&lt;/h3&gt;
&lt;p&gt;Next, you&amp;rsquo;ll need to get the control plane API endpoint and use Postman to interact with the Radius API.&lt;/p&gt;
&lt;ol&gt;
&lt;li&gt;
&lt;p&gt;Begin by getting your cluster endpoint:&lt;/p&gt;
&lt;div class=&#34;highlight&#34;&gt;&lt;pre tabindex=&#34;0&#34; style=&#34;color:#f8f8f2;background-color:#272822;-moz-tab-size:4;-o-tab-size:4;tab-size:4;&#34;&gt;&lt;code class=&#34;language-bash&#34; data-lang=&#34;bash&#34;&gt;&lt;span style=&#34;display:flex;&#34;&gt;&lt;span&gt;kubectl cluster-info
&lt;/span&gt;&lt;/span&gt;&lt;/code&gt;&lt;/pre&gt;&lt;/div&gt;&lt;p&gt;This will output information about your Kubernetes cluster, including the control plane API endpoint:&lt;/p&gt;
&lt;pre tabindex=&#34;0&#34;&gt;&lt;code&gt;Kubernetes control plane is running at https://kubernetes.docker.internal:6443
CoreDNS is running at https://kubernetes.docker.internal:6443/api/v1/namespaces/kube-system/services/kube-dns:dns/proxy
&lt;/code&gt;&lt;/pre&gt;&lt;/li&gt;
&lt;li&gt;
&lt;p&gt;Open Postman and create a new request&lt;/p&gt;
&lt;/li&gt;
&lt;li&gt;
&lt;p&gt;Set the method to &lt;code&gt;GET&lt;/code&gt;&lt;/p&gt;
&lt;/li&gt;
&lt;li&gt;
&lt;p&gt;Set the URL to the following, which will &lt;a href=&#34;https://docs.radapp.io/reference/api/api-ucp/&#34;&gt;retrieve all your resource groups&lt;/a&gt;:&lt;/p&gt;
&lt;pre tabindex=&#34;0&#34;&gt;&lt;code&gt;&amp;lt;your-cluster-control-plane&amp;gt;/apis/api.ucp.dev/v1alpha3/planes/radius/local/resourcegroups?api-version=2023-10-01-preview
&lt;/code&gt;&lt;/pre&gt; &lt;img src=&#34;postman-url.png&#34; width=900px alt=&#34;Screenshot of Postman with filled out URL&#34; &gt;
&lt;/li&gt;
&lt;li&gt;
&lt;p&gt;Open the &lt;code&gt;Authorization&lt;/code&gt; tab and select &lt;code&gt;Bearer Token&lt;/code&gt; from the &lt;code&gt;Type&lt;/code&gt; dropdown. Paste the token you generated in step 2 into the &lt;code&gt;Token&lt;/code&gt; field:&lt;/p&gt;
&lt;img src=&#34;postman-auth.png&#34; width=900px alt=&#34;Screenshot of Postman with filled out auth token&#34; &gt;
&lt;/li&gt;
&lt;li&gt;
&lt;p&gt;Click the &lt;code&gt;Send&lt;/code&gt; button to send the request. You will now see your resource groups:&lt;/p&gt;
&lt;pre tabindex=&#34;0&#34;&gt;&lt;code&gt;{
    &amp;#34;value&amp;#34;: [
        {
            &amp;#34;id&amp;#34;: &amp;#34;/planes/radius/local/resourcegroups/default&amp;#34;,
            &amp;#34;location&amp;#34;: &amp;#34;global&amp;#34;,
            &amp;#34;name&amp;#34;: &amp;#34;default&amp;#34;,
            &amp;#34;tags&amp;#34;: {},
            &amp;#34;type&amp;#34;: &amp;#34;System.Resources/resourceGroups&amp;#34;
        }
    ]
}
&lt;/code&gt;&lt;/pre&gt;&lt;/li&gt;
&lt;li&gt;
&lt;p&gt;Update your request URL to &lt;a href=&#34;https://docs.radapp.io/reference/api/applications.core/environments/&#34;&gt;list all the Radius Environments&lt;/a&gt; in your resource group (&lt;em&gt;make sure to update the name of your resource group in the URL. In this example the resource group name is default&lt;/em&gt;):&lt;/p&gt;
&lt;pre tabindex=&#34;0&#34;&gt;&lt;code&gt;&amp;lt;your-cluster-control-plane&amp;gt;/apis/api.ucp.dev/v1alpha3/planes/radius/local/resourcegroups/default/providers/Applications.Core/environments?api-version=2023-10-01-preview
&lt;/code&gt;&lt;/pre&gt;&lt;p&gt;You should now see your Radius Environment(s):&lt;/p&gt;
&lt;pre tabindex=&#34;0&#34;&gt;&lt;code&gt;{
    &amp;#34;value&amp;#34;: [
        {
            &amp;#34;id&amp;#34;: &amp;#34;/planes/radius/local/resourcegroups/default/providers/Applications.Core/environments/default&amp;#34;,
            &amp;#34;location&amp;#34;: &amp;#34;global&amp;#34;,
            &amp;#34;name&amp;#34;: &amp;#34;default&amp;#34;,
            &amp;#34;properties&amp;#34;: {
                &amp;#34;compute&amp;#34;: {
                    &amp;#34;kind&amp;#34;: &amp;#34;kubernetes&amp;#34;,
                    &amp;#34;namespace&amp;#34;: &amp;#34;default&amp;#34;
                },
                &amp;#34;provisioningState&amp;#34;: &amp;#34;Succeeded&amp;#34;,
                &amp;#34;recipes&amp;#34;: {...},
            },
            &amp;#34;systemData&amp;#34;: {...},
            &amp;#34;tags&amp;#34;: {},
            &amp;#34;type&amp;#34;: &amp;#34;Applications.Core/environments&amp;#34;
        }
    ]
}
&lt;/code&gt;&lt;/pre&gt;&lt;/li&gt;
&lt;/ol&gt;
&lt;h2 id=&#34;next-step-explore-the-radius-api&#34;&gt;Next step: Explore the Radius API&lt;/h2&gt;
&lt;p&gt;Now that you have successfully authenticated to the Radius API and interacted with resources, you can explore the API using the &lt;a href=&#34;https://docs.radapp.io/reference/api/&#34;&gt;Radius API reference&lt;/a&gt;.&lt;/p&gt;

      </description>
    </item>
    
  </channel>
</rss>
