<rss version="2.0" xmlns:atom="http://www.w3.org/2005/Atom">
  <channel>
    <title>Radius Docs – Environment operations guides</title>
    <link>https://docs.radapp.io/guides/operations/</link>
    <description>Recent content in Environment operations guides on Radius Docs</description>
    <generator>Hugo -- gohugo.io</generator>
    <language>en-us</language>
    
	  <atom:link href="https://docs.radapp.io/guides/operations/index.xml" rel="self" type="application/rss+xml" />
    
    
      
        
      
    
    
    <item>
      <title>Guides: Kubernetes platform</title>
      <link>https://docs.radapp.io/guides/operations/kubernetes/</link>
      <pubDate>Mon, 01 Jan 0001 00:00:00 +0000</pubDate>
      
      <guid>https://docs.radapp.io/guides/operations/kubernetes/</guid>
      <description>
        
        
        
      </description>
    </item>
    
    <item>
      <title>Guides: Control plane</title>
      <link>https://docs.radapp.io/guides/operations/control-plane/</link>
      <pubDate>Mon, 01 Jan 0001 00:00:00 +0000</pubDate>
      
      <guid>https://docs.radapp.io/guides/operations/control-plane/</guid>
      <description>
        
        
        
      </description>
    </item>
    
    <item>
      <title>Guides: Overview: Radius workspaces</title>
      <link>https://docs.radapp.io/guides/operations/workspaces/</link>
      <pubDate>Mon, 01 Jan 0001 00:00:00 +0000</pubDate>
      
      <guid>https://docs.radapp.io/guides/operations/workspaces/</guid>
      <description>
        
        
        
      </description>
    </item>
    
    <item>
      <title>Guides: Cloud providers</title>
      <link>https://docs.radapp.io/guides/operations/providers/</link>
      <pubDate>Mon, 01 Jan 0001 00:00:00 +0000</pubDate>
      
      <guid>https://docs.radapp.io/guides/operations/providers/</guid>
      <description>
        
        
        
      </description>
    </item>
    
    <item>
      <title>Guides: Resource groups</title>
      <link>https://docs.radapp.io/guides/operations/groups/</link>
      <pubDate>Mon, 01 Jan 0001 00:00:00 +0000</pubDate>
      
      <guid>https://docs.radapp.io/guides/operations/groups/</guid>
      <description>
        
        
        
      </description>
    </item>
    
    <item>
      <title>Guides: Overview: Radius versioning policy</title>
      <link>https://docs.radapp.io/guides/operations/versioning/</link>
      <pubDate>Mon, 01 Jan 0001 00:00:00 +0000</pubDate>
      
      <guid>https://docs.radapp.io/guides/operations/versioning/</guid>
      <description>
        
        
        &lt;h2 id=&#34;overview&#34;&gt;Overview&lt;/h2&gt;
&lt;p&gt;Radius does not currently offer backward compatibility with previous releases. Breaking changes may happen between releases and we recommend doing a fresh installation of the latest version of Radius after every release.&lt;/p&gt;
&lt;p&gt;We are working on the versioning strategy and will be introducing a versioning policy in the future.&lt;/p&gt;

      </description>
    </item>
    
  </channel>
</rss>
