<rss version="2.0" xmlns:atom="http://www.w3.org/2005/Atom">
  <channel>
    <title>Radius Docs – AWS resources</title>
    <link>https://docs.radapp.io/guides/author-apps/aws/</link>
    <description>Recent content in AWS resources on Radius Docs</description>
    <generator>Hugo -- gohugo.io</generator>
    <language>en-us</language>
    
	  <atom:link href="https://docs.radapp.io/guides/author-apps/aws/index.xml" rel="self" type="application/rss+xml" />
    
    
      
        
      
    
    
    <item>
      <title>Guides: Overview: AWS resources</title>
      <link>https://docs.radapp.io/guides/author-apps/aws/overview/</link>
      <pubDate>Mon, 01 Jan 0001 00:00:00 +0000</pubDate>
      
      <guid>https://docs.radapp.io/guides/author-apps/aws/overview/</guid>
      <description>
        
        
        &lt;p&gt;Radius Applications are able to connect to and leverage AWS resource with Bicep. Simply model your AWS resources in Bicep and connect to them from Radius resources.&lt;/p&gt;
&lt;p&gt;Radius uses the &lt;a href=&#34;https://docs.aws.amazon.com/cloudcontrolapi/latest/userguide/what-is-cloudcontrolapi.html&#34;&gt;AWS Cloud Control API&lt;/a&gt; to interact with AWS resources. This means that you can model your AWS resources in Bicep and Radius will be able to deploy and manage them.&lt;/p&gt;
&lt;h2 id=&#34;configure-an-aws-provider&#34;&gt;Configure an AWS Provider&lt;/h2&gt;
&lt;p&gt;The AWS provider allows you to deploy and connect to AWS resources from a Radius Environment on an EKS cluster. To configure an AWS provider, you can follow the documentation &lt;a href=&#34;https://docs.radapp.io/guides/operations/providers/howto-aws-provider/&#34;&gt;here&lt;/a&gt;.&lt;/p&gt;
&lt;h2 id=&#34;example&#34;&gt;Example&lt;/h2&gt;
&lt;ul class=&#34;nav nav-tabs&#34; id=&#34;tabs-1&#34; role=&#34;tablist&#34;&gt;&lt;li class=&#34;nav-item&#34;&gt;&lt;a class=&#34;nav-link active&#34;
    id=&#34;tabs-1-bicep-tab&#34; data-toggle=&#34;tab&#34; href=&#34;#tabs-1-bicep&#34; role=&#34;tab&#34;
    aria-controls=&#34;tabs-1-bicep&#34; aria-selected=&#34;true&#34;&gt;
    Bicep
  &lt;/a&gt;
  &lt;/li&gt;&lt;/ul&gt;


&lt;div class=&#34;tab-content&#34; id=&#34;tabs-1-content&#34;&gt;


&lt;div class=&#34;tab-pane fade show active&#34; id=&#34;tabs-1-bicep&#34; role=&#34;tabpanel&#34; aria-labelled-by=&#34;tabs-1-bicep-tab&#34;&gt;
&lt;br /&gt;&lt;p&gt;In the following example, a &lt;a href=&#34;https://docs.radapp.io/guides/author-apps/containers/&#34;&gt;Container&lt;/a&gt; is connecting to an S3 bucket.&lt;/p&gt;
&lt;div class=&#34;highlight&#34;&gt;&lt;pre tabindex=&#34;0&#34; style=&#34;color:#f8f8f2;background-color:#272822;-moz-tab-size:4;-o-tab-size:4;tab-size:4;&#34;&gt;&lt;code class=&#34;language-bicep&#34; data-lang=&#34;bicep&#34;&gt;&lt;span style=&#34;display:flex;&#34;&gt;&lt;span&gt;import aws as aws
&lt;/span&gt;&lt;/span&gt;&lt;span style=&#34;display:flex;&#34;&gt;&lt;span&gt;
&lt;/span&gt;&lt;/span&gt;&lt;span style=&#34;display:flex;&#34;&gt;&lt;span&gt;import radius as radius
&lt;/span&gt;&lt;/span&gt;&lt;span style=&#34;display:flex;&#34;&gt;&lt;span&gt;
&lt;/span&gt;&lt;/span&gt;&lt;span style=&#34;display:flex;&#34;&gt;&lt;span&gt;&lt;span style=&#34;color:#66d9ef&#34;&gt;param&lt;/span&gt; &lt;span style=&#34;color:#a6e22e&#34;&gt;environment&lt;/span&gt; &lt;span style=&#34;color:#a6e22e&#34;&gt;string&lt;/span&gt;
&lt;/span&gt;&lt;/span&gt;&lt;span style=&#34;display:flex;&#34;&gt;&lt;span&gt;
&lt;/span&gt;&lt;/span&gt;&lt;span style=&#34;display:flex;&#34;&gt;&lt;span&gt;&lt;span style=&#34;color:#66d9ef&#34;&gt;param&lt;/span&gt; bucket &lt;span style=&#34;color:#a6e22e&#34;&gt;string&lt;/span&gt; = &lt;span style=&#34;color:#e6db74&#34;&gt;&amp;#39;mybucket&amp;#39;&lt;/span&gt;
&lt;/span&gt;&lt;/span&gt;&lt;span style=&#34;display:flex;&#34;&gt;&lt;span&gt;
&lt;/span&gt;&lt;/span&gt;&lt;span style=&#34;display:flex;&#34;&gt;&lt;span&gt;@&lt;span style=&#34;color:#a6e22e&#34;&gt;secure&lt;/span&gt;()
&lt;/span&gt;&lt;/span&gt;&lt;span style=&#34;display:flex;&#34;&gt;&lt;span&gt;&lt;span style=&#34;color:#66d9ef&#34;&gt;param&lt;/span&gt; aws_access_key_id &lt;span style=&#34;color:#a6e22e&#34;&gt;string&lt;/span&gt; 
&lt;/span&gt;&lt;/span&gt;&lt;span style=&#34;display:flex;&#34;&gt;&lt;span&gt;
&lt;/span&gt;&lt;/span&gt;&lt;span style=&#34;display:flex;&#34;&gt;&lt;span&gt;@&lt;span style=&#34;color:#a6e22e&#34;&gt;secure&lt;/span&gt;()
&lt;/span&gt;&lt;/span&gt;&lt;span style=&#34;display:flex;&#34;&gt;&lt;span&gt;&lt;span style=&#34;color:#66d9ef&#34;&gt;param&lt;/span&gt; aws_secret_access_key &lt;span style=&#34;color:#a6e22e&#34;&gt;string&lt;/span&gt;
&lt;/span&gt;&lt;/span&gt;&lt;span style=&#34;display:flex;&#34;&gt;&lt;span&gt;
&lt;/span&gt;&lt;/span&gt;&lt;span style=&#34;display:flex;&#34;&gt;&lt;span&gt;&lt;span style=&#34;color:#66d9ef&#34;&gt;param&lt;/span&gt; aws_region &lt;span style=&#34;color:#a6e22e&#34;&gt;string&lt;/span&gt;
&lt;/span&gt;&lt;/span&gt;&lt;span style=&#34;display:flex;&#34;&gt;&lt;span&gt;
&lt;/span&gt;&lt;/span&gt;&lt;span style=&#34;display:flex;&#34;&gt;&lt;span&gt;&lt;span style=&#34;color:#66d9ef&#34;&gt;resource&lt;/span&gt; s3 &lt;span style=&#34;color:#e6db74&#34;&gt;&amp;#39;AWS.S3/Bucket@default&amp;#39;&lt;/span&gt; = {
&lt;/span&gt;&lt;/span&gt;&lt;span style=&#34;display:flex;&#34;&gt;&lt;span&gt;  alias: &lt;span style=&#34;color:#e6db74&#34;&gt;&amp;#39;s3&amp;#39;&lt;/span&gt;
&lt;/span&gt;&lt;/span&gt;&lt;span style=&#34;display:flex;&#34;&gt;&lt;span&gt;  properties: {
&lt;/span&gt;&lt;/span&gt;&lt;span style=&#34;display:flex;&#34;&gt;&lt;span&gt;    BucketName: bucket
&lt;/span&gt;&lt;/span&gt;&lt;span style=&#34;display:flex;&#34;&gt;&lt;span&gt;    AccessControl: &lt;span style=&#34;color:#e6db74&#34;&gt;&amp;#39;PublicRead&amp;#39;&lt;/span&gt;
&lt;/span&gt;&lt;/span&gt;&lt;span style=&#34;display:flex;&#34;&gt;&lt;span&gt;  }
&lt;/span&gt;&lt;/span&gt;&lt;span style=&#34;display:flex;&#34;&gt;&lt;span&gt;}
&lt;/span&gt;&lt;/span&gt;&lt;span style=&#34;display:flex;&#34;&gt;&lt;span&gt;
&lt;/span&gt;&lt;/span&gt;&lt;span style=&#34;display:flex;&#34;&gt;&lt;span&gt;&lt;span style=&#34;color:#75715e&#34;&gt;// get a radius container which uses the s3 bucket&lt;/span&gt;
&lt;/span&gt;&lt;/span&gt;&lt;span style=&#34;display:flex;&#34;&gt;&lt;span&gt;&lt;span style=&#34;color:#66d9ef&#34;&gt;resource&lt;/span&gt; app &lt;span style=&#34;color:#e6db74&#34;&gt;&amp;#39;Applications.Core/applications@2023-10-01-preview&amp;#39;&lt;/span&gt; = {
&lt;/span&gt;&lt;/span&gt;&lt;span style=&#34;display:flex;&#34;&gt;&lt;span&gt;  name: &lt;span style=&#34;color:#e6db74&#34;&gt;&amp;#39;s3app&amp;#39;&lt;/span&gt;
&lt;/span&gt;&lt;/span&gt;&lt;span style=&#34;display:flex;&#34;&gt;&lt;span&gt;  properties: {
&lt;/span&gt;&lt;/span&gt;&lt;span style=&#34;display:flex;&#34;&gt;&lt;span&gt;    environment: &lt;span style=&#34;color:#a6e22e&#34;&gt;environment&lt;/span&gt;
&lt;/span&gt;&lt;/span&gt;&lt;span style=&#34;display:flex;&#34;&gt;&lt;span&gt;  }
&lt;/span&gt;&lt;/span&gt;&lt;span style=&#34;display:flex;&#34;&gt;&lt;span&gt;}
&lt;/span&gt;&lt;/span&gt;&lt;span style=&#34;display:flex;&#34;&gt;&lt;span&gt;
&lt;/span&gt;&lt;/span&gt;&lt;span style=&#34;display:flex;&#34;&gt;&lt;span&gt;&lt;span style=&#34;color:#66d9ef&#34;&gt;resource&lt;/span&gt; frontend &lt;span style=&#34;color:#e6db74&#34;&gt;&amp;#39;Applications.Core/containers@2023-10-01-preview&amp;#39;&lt;/span&gt; = {
&lt;/span&gt;&lt;/span&gt;&lt;span style=&#34;display:flex;&#34;&gt;&lt;span&gt;  name: &lt;span style=&#34;color:#e6db74&#34;&gt;&amp;#39;s3container&amp;#39;&lt;/span&gt;
&lt;/span&gt;&lt;/span&gt;&lt;span style=&#34;display:flex;&#34;&gt;&lt;span&gt;  properties: {
&lt;/span&gt;&lt;/span&gt;&lt;span style=&#34;display:flex;&#34;&gt;&lt;span&gt;    application: app.id
&lt;/span&gt;&lt;/span&gt;&lt;span style=&#34;display:flex;&#34;&gt;&lt;span&gt;    container: {
&lt;/span&gt;&lt;/span&gt;&lt;span style=&#34;display:flex;&#34;&gt;&lt;span&gt;      env: {
&lt;/span&gt;&lt;/span&gt;&lt;span style=&#34;display:flex;&#34;&gt;&lt;span&gt;        BUCKET_NAME: s3.properties.BucketName
&lt;/span&gt;&lt;/span&gt;&lt;span style=&#34;display:flex;&#34;&gt;&lt;span&gt;        AWS_ACCESS_KEY_ID: aws_access_key_id
&lt;/span&gt;&lt;/span&gt;&lt;span style=&#34;display:flex;&#34;&gt;&lt;span&gt;        AWS_SECRET_ACCESS_KEY: aws_secret_access_key
&lt;/span&gt;&lt;/span&gt;&lt;span style=&#34;display:flex;&#34;&gt;&lt;span&gt;        AWS_DEFAULT_REGION: aws_region
&lt;/span&gt;&lt;/span&gt;&lt;span style=&#34;display:flex;&#34;&gt;&lt;span&gt;      }
&lt;/span&gt;&lt;/span&gt;&lt;span style=&#34;display:flex;&#34;&gt;&lt;span&gt;      image: &lt;span style=&#34;color:#e6db74&#34;&gt;&amp;#39;radius.azurecr.io/samples/aws:latest&amp;#39;&lt;/span&gt;
&lt;/span&gt;&lt;/span&gt;&lt;span style=&#34;display:flex;&#34;&gt;&lt;span&gt;    }
&lt;/span&gt;&lt;/span&gt;&lt;span style=&#34;display:flex;&#34;&gt;&lt;span&gt;  }
&lt;/span&gt;&lt;/span&gt;&lt;span style=&#34;display:flex;&#34;&gt;&lt;span&gt;}
&lt;/span&gt;&lt;/span&gt;&lt;/code&gt;&lt;/pre&gt;&lt;/div&gt;
&lt;/div&gt; 


&lt;/div&gt;
&lt;h2 id=&#34;resource-library&#34;&gt;Resource library&lt;/h2&gt;









&lt;a class=&#34;btn  btn-primary&#34; href=&#34;https://docs.radapp.io/reference/resource-schema/aws&#34; role=&#34;button&#34;target=&#34;_blank&#34;&gt;AWS resource library&lt;/a&gt;&lt;br /&gt;
&lt;br /&gt;

      </description>
    </item>
    
    <item>
      <title>Guides: How-To: Deploy AWS resources</title>
      <link>https://docs.radapp.io/guides/author-apps/aws/howto-aws-resources/</link>
      <pubDate>Mon, 01 Jan 0001 00:00:00 +0000</pubDate>
      
      <guid>https://docs.radapp.io/guides/author-apps/aws/howto-aws-resources/</guid>
      <description>
        
        
        &lt;p&gt;This how-to guide will show you:&lt;/p&gt;
&lt;ul&gt;
&lt;li&gt;
&lt;p&gt;How to model an AWS S3 resource in Bicep&lt;/p&gt;
&lt;/li&gt;
&lt;li&gt;
&lt;p&gt;How to use a sample application to interact with AWS S3 bucket&lt;/p&gt;
 &lt;img src=&#34;./s3appdiagram.png&#34; alt=&#34;Screenshot of the sample application to interact with s3 bucket &#34; width=400&gt;
&lt;/li&gt;
&lt;/ul&gt;
&lt;h2 id=&#34;prerequisites&#34;&gt;Prerequisites&lt;/h2&gt;
&lt;ul&gt;
&lt;li&gt;Make sure you have an &lt;a href=&#34;https://aws.amazon.com/premiumsupport/knowledge-center/create-and-activate-aws-account&#34;&gt;AWS account&lt;/a&gt; and an &lt;a href=&#34;https://docs.aws.amazon.com/IAM/latest/UserGuide/getting-started_create-admin-group.html&#34;&gt;IAM user&lt;/a&gt;
&lt;ul&gt;
&lt;li&gt;&lt;a href=&#34;https://docs.aws.amazon.com/IAM/latest/UserGuide/id_credentials_access-keys.html&#34;&gt;Create an IAM AWS access key&lt;/a&gt; and copy the AWS Access Key ID and the AWS Secret Access Key to a secure location for use later. If you have already created an Access Key pair, you can use that instead.&lt;/li&gt;
&lt;/ul&gt;
&lt;/li&gt;
&lt;li&gt;&lt;a href=&#34;https://docs.aws.amazon.com/cli/latest/userguide/getting-started-install.html&#34;&gt;AWS CLI&lt;/a&gt;
&lt;ul&gt;
&lt;li&gt;Configure your CLI with &lt;a href=&#34;https://docs.aws.amazon.com/cli/latest/reference/configure/index.html&#34;&gt;&lt;code&gt;aws configure&lt;/code&gt;&lt;/a&gt;, specifying your configuration values&lt;/li&gt;
&lt;/ul&gt;
&lt;/li&gt;
&lt;li&gt;&lt;a href=&#34;https://docs.aws.amazon.com/eks/latest/userguide/eksctl.html&#34;&gt;eksctl CLI&lt;/a&gt;&lt;/li&gt;
&lt;li&gt;&lt;a href=&#34;https://kubernetes.io/docs/tasks/tools/install-kubectl/&#34;&gt;kubectl CLI&lt;/a&gt;&lt;/li&gt;
&lt;li&gt;&lt;a href=&#34;https://docs.radapp.io/installation/#step-1-install-the-rad-cli&#34;&gt;rad CLI&lt;/a&gt;&lt;/li&gt;
&lt;li&gt;&lt;a href=&#34;https://docs.radapp.io/installation/#step-2-install-the-radius-bicep-extension&#34;&gt;Radius Bicep VSCode extension&lt;/a&gt;&lt;/li&gt;
&lt;/ul&gt;
&lt;h2 id=&#34;step-1-create-an-eks-cluster&#34;&gt;Step 1: Create an EKS Cluster&lt;/h2&gt;
&lt;p&gt;Create an EKS cluster by using the &lt;code&gt;eksctl&lt;/code&gt; CLI.&lt;/p&gt;
&lt;div class=&#34;highlight&#34;&gt;&lt;pre tabindex=&#34;0&#34; style=&#34;color:#f8f8f2;background-color:#272822;-moz-tab-size:4;-o-tab-size:4;tab-size:4;&#34;&gt;&lt;code class=&#34;language-bash&#34; data-lang=&#34;bash&#34;&gt;&lt;span style=&#34;display:flex;&#34;&gt;&lt;span&gt;eksctl create cluster --name &amp;lt;my-cluster&amp;gt; --region&lt;span style=&#34;color:#f92672&#34;&gt;=&lt;/span&gt;&amp;lt;my-region&amp;gt; 
&lt;/span&gt;&lt;/span&gt;&lt;/code&gt;&lt;/pre&gt;&lt;/div&gt;&lt;h2 id=&#34;step-2-create-a-radius-environment-with-the-aws-cloud-provider&#34;&gt;Step 2: Create a Radius Environment with the AWS cloud provider&lt;/h2&gt;
&lt;p&gt;Create a &lt;a href=&#34;https://docs.radapp.io/guides/deploy-apps/environments/overview/&#34;&gt;Radius Environment&lt;/a&gt; where you will deploy your application.&lt;/p&gt;
&lt;p&gt;Run &lt;a href=&#34;https://docs.radapp.io/reference/cli/rad_init/&#34;&gt;&lt;code&gt;rad init --full&lt;/code&gt;&lt;/a&gt; to initialize a new environment into your current kubectl context:&lt;/p&gt;
&lt;div class=&#34;highlight&#34;&gt;&lt;pre tabindex=&#34;0&#34; style=&#34;color:#f8f8f2;background-color:#272822;-moz-tab-size:4;-o-tab-size:4;tab-size:4;&#34;&gt;&lt;code class=&#34;language-bash&#34; data-lang=&#34;bash&#34;&gt;&lt;span style=&#34;display:flex;&#34;&gt;&lt;span&gt;rad init --full
&lt;/span&gt;&lt;/span&gt;&lt;/code&gt;&lt;/pre&gt;&lt;/div&gt;&lt;p&gt;Follow the prompts to install the &lt;a href=&#34;https://docs.radapp.io/concepts/architecture/&#34;&gt;control plane services&lt;/a&gt;, create an &lt;a href=&#34;https://docs.radapp.io/guides/deploy-apps/environments/&#34;&gt;environment resource&lt;/a&gt;, and create a &lt;a href=&#34;https://docs.radapp.io/guides/operations/workspaces/&#34;&gt;local workspace&lt;/a&gt;. You will be asked for:&lt;/p&gt;
&lt;ul&gt;
&lt;li&gt;&lt;strong&gt;Namespace&lt;/strong&gt; - When an application is deployed, this is the namespace where your containers and other Kubernetes resources will be run. By default, this will be in the &lt;code&gt;default&lt;/code&gt; namespace.


&lt;div class=&#34;alert alert-success&#34; role=&#34;alert&#34;&gt;
&lt;h4 class=&#34;alert-heading&#34;&gt;💡 About namespaces&lt;/h4&gt;

    When you initialize a Radius Kubernetes environment, Radius installs the control plane resources within    the &lt;code&gt;radius-system&lt;/code&gt; namespace in your cluster, separate from your applications. The namespace specified in this step will be used for your application deployments.

&lt;/div&gt;
&lt;/li&gt;
&lt;li&gt;&lt;strong&gt;Add AWS provider&lt;/strong&gt; - An &lt;a href=&#34;https://docs.radapp.io/guides/operations/providers/howto-aws-provider/&#34;&gt;AWS cloud provider&lt;/a&gt; allows you to deploy and manage AWS resources as part of your application. Enter &amp;lsquo;y&amp;rsquo; and follow the instructions. Provide a valid AWS region and the values obtained for IAM Access Key ID and IAM Secret Access Keys.&lt;/li&gt;
&lt;li&gt;&lt;strong&gt;Environment name&lt;/strong&gt; - The name of the environment to create. You can specify any name with lowercase letters, such as &lt;code&gt;myawsenv&lt;/code&gt;.&lt;/li&gt;
&lt;/ul&gt;
&lt;h2 id=&#34;step-3-create-a-bicep-file-to-model-aws-simple-storage-service-s3&#34;&gt;Step 3: Create a Bicep file to model AWS Simple Storage Service (S3)&lt;/h2&gt;
&lt;p&gt;Create a new file called &lt;code&gt;app.bicep&lt;/code&gt; and add the following bicep code to model an AWS S3 Bucket:&lt;/p&gt;












    

    

&lt;div class=&#34;highlight&#34;&gt;&lt;pre tabindex=&#34;0&#34; style=&#34;color:#f8f8f2;background-color:#272822;-moz-tab-size:4;-o-tab-size:4;tab-size:4;&#34;&gt;&lt;code class=&#34;language-bicep&#34; data-lang=&#34;bicep&#34;&gt;&lt;span style=&#34;display:flex;&#34;&gt;&lt;span&gt;import aws as aws
&lt;/span&gt;&lt;/span&gt;&lt;span style=&#34;display:flex;&#34;&gt;&lt;span&gt;
&lt;/span&gt;&lt;/span&gt;&lt;span style=&#34;display:flex;&#34;&gt;&lt;span&gt;@&lt;span style=&#34;color:#a6e22e&#34;&gt;description&lt;/span&gt;(&lt;span style=&#34;color:#e6db74&#34;&gt;&amp;#39;The name of your S3 bucket.The AWS S3 Bucket name must follow the naming conventions described at https://docs.aws.amazon.com/AmazonS3/latest/userguide/bucketnamingrules.html&amp;#39;&lt;/span&gt;)
&lt;/span&gt;&lt;/span&gt;&lt;span style=&#34;display:flex;&#34;&gt;&lt;span&gt;&lt;span style=&#34;color:#66d9ef&#34;&gt;param&lt;/span&gt; bucket &lt;span style=&#34;color:#a6e22e&#34;&gt;string&lt;/span&gt; =&lt;span style=&#34;color:#e6db74&#34;&gt;&amp;#39;mys3bucket-${uniqueString(resourceGroup().id)}&amp;#39;&lt;/span&gt;
&lt;/span&gt;&lt;/span&gt;&lt;span style=&#34;display:flex;&#34;&gt;&lt;span&gt;
&lt;/span&gt;&lt;/span&gt;&lt;span style=&#34;display:flex;&#34;&gt;&lt;span&gt;&lt;span style=&#34;color:#66d9ef&#34;&gt;resource&lt;/span&gt; s3 &lt;span style=&#34;color:#e6db74&#34;&gt;&amp;#39;AWS.S3/Bucket@default&amp;#39;&lt;/span&gt; = {
&lt;/span&gt;&lt;/span&gt;&lt;span style=&#34;display:flex;&#34;&gt;&lt;span&gt;  alias: bucket
&lt;/span&gt;&lt;/span&gt;&lt;span style=&#34;display:flex;&#34;&gt;&lt;span&gt;  properties: {
&lt;/span&gt;&lt;/span&gt;&lt;span style=&#34;display:flex;&#34;&gt;&lt;span&gt;    BucketName: bucket
&lt;/span&gt;&lt;/span&gt;&lt;span style=&#34;display:flex;&#34;&gt;&lt;span&gt;  }
&lt;/span&gt;&lt;/span&gt;&lt;span style=&#34;display:flex;&#34;&gt;&lt;span&gt;}
&lt;/span&gt;&lt;/span&gt;&lt;/code&gt;&lt;/pre&gt;&lt;/div&gt;


&lt;p&gt;Radius uses the &lt;a href=&#34;https://docs.aws.amazon.com/cloudcontrolapi/latest/userguide/what-is-cloudcontrolapi.html&#34;&gt;AWS Cloud Control API&lt;/a&gt; to interact with AWS resources. This means that you can model your AWS resources in Bicep and Radius will be able to deploy and manage them. You can find the list of supported AWS resources in the &lt;a href=&#34;https://docs.radapp.io/guides/author-apps/aws/overview/#resource-library&#34;&gt;AWS resource library&lt;/a&gt;.&lt;/p&gt;
&lt;h2 id=&#34;step-4-add-a-radius-container-to-interact-with-the-aws-s3-bucket&#34;&gt;Step 4: Add a Radius container to interact with the AWS S3 Bucket&lt;/h2&gt;
&lt;p&gt;Open the &lt;code&gt;app.bicep&lt;/code&gt; and append the following Radius resources:&lt;/p&gt;











    
    
    


    

    

    

&lt;div class=&#34;highlight&#34;&gt;&lt;pre tabindex=&#34;0&#34; style=&#34;color:#f8f8f2;background-color:#272822;-moz-tab-size:4;-o-tab-size:4;tab-size:4;&#34;&gt;&lt;code class=&#34;language-bicep&#34; data-lang=&#34;bicep&#34;&gt;&lt;span style=&#34;display:flex;&#34;&gt;&lt;span&gt;@&lt;span style=&#34;color:#a6e22e&#34;&gt;description&lt;/span&gt;(&lt;span style=&#34;color:#e6db74&#34;&gt;&amp;#39;The environment ID of your Radius Application. Set automatically by the rad CLI.&amp;#39;&lt;/span&gt;)
&lt;/span&gt;&lt;/span&gt;&lt;span style=&#34;display:flex;&#34;&gt;&lt;span&gt;&lt;span style=&#34;color:#66d9ef&#34;&gt;param&lt;/span&gt; &lt;span style=&#34;color:#a6e22e&#34;&gt;environment&lt;/span&gt; &lt;span style=&#34;color:#a6e22e&#34;&gt;string&lt;/span&gt;
&lt;/span&gt;&lt;/span&gt;&lt;span style=&#34;display:flex;&#34;&gt;&lt;span&gt;
&lt;/span&gt;&lt;/span&gt;&lt;span style=&#34;display:flex;&#34;&gt;&lt;span&gt;&lt;span style=&#34;color:#66d9ef&#34;&gt;resource&lt;/span&gt; app &lt;span style=&#34;color:#e6db74&#34;&gt;&amp;#39;Applications.Core/applications@2023-10-01-preview&amp;#39;&lt;/span&gt; = {
&lt;/span&gt;&lt;/span&gt;&lt;span style=&#34;display:flex;&#34;&gt;&lt;span&gt;  name: &lt;span style=&#34;color:#e6db74&#34;&gt;&amp;#39;s3app&amp;#39;&lt;/span&gt;
&lt;/span&gt;&lt;/span&gt;&lt;span style=&#34;display:flex;&#34;&gt;&lt;span&gt;  properties: {
&lt;/span&gt;&lt;/span&gt;&lt;span style=&#34;display:flex;&#34;&gt;&lt;span&gt;    environment: &lt;span style=&#34;color:#a6e22e&#34;&gt;environment&lt;/span&gt;
&lt;/span&gt;&lt;/span&gt;&lt;span style=&#34;display:flex;&#34;&gt;&lt;span&gt;  }
&lt;/span&gt;&lt;/span&gt;&lt;span style=&#34;display:flex;&#34;&gt;&lt;span&gt;}
&lt;/span&gt;&lt;/span&gt;&lt;span style=&#34;display:flex;&#34;&gt;&lt;span&gt;
&lt;/span&gt;&lt;/span&gt;&lt;span style=&#34;display:flex;&#34;&gt;&lt;span&gt;@&lt;span style=&#34;color:#a6e22e&#34;&gt;description&lt;/span&gt;(&lt;span style=&#34;color:#e6db74&#34;&gt;&amp;#39;IAM Access Key ID&amp;#39;&lt;/span&gt;)
&lt;/span&gt;&lt;/span&gt;&lt;span style=&#34;display:flex;&#34;&gt;&lt;span&gt;@&lt;span style=&#34;color:#a6e22e&#34;&gt;secure&lt;/span&gt;()
&lt;/span&gt;&lt;/span&gt;&lt;span style=&#34;display:flex;&#34;&gt;&lt;span&gt;&lt;span style=&#34;color:#66d9ef&#34;&gt;param&lt;/span&gt; aws_access_key_id &lt;span style=&#34;color:#a6e22e&#34;&gt;string&lt;/span&gt;
&lt;/span&gt;&lt;/span&gt;&lt;span style=&#34;display:flex;&#34;&gt;&lt;span&gt;
&lt;/span&gt;&lt;/span&gt;&lt;span style=&#34;display:flex;&#34;&gt;&lt;span&gt;@&lt;span style=&#34;color:#a6e22e&#34;&gt;description&lt;/span&gt;(&lt;span style=&#34;color:#e6db74&#34;&gt;&amp;#39;IAM Access Key Secret&amp;#39;&lt;/span&gt;)
&lt;/span&gt;&lt;/span&gt;&lt;span style=&#34;display:flex;&#34;&gt;&lt;span&gt;@&lt;span style=&#34;color:#a6e22e&#34;&gt;secure&lt;/span&gt;()
&lt;/span&gt;&lt;/span&gt;&lt;span style=&#34;display:flex;&#34;&gt;&lt;span&gt;&lt;span style=&#34;color:#66d9ef&#34;&gt;param&lt;/span&gt; aws_secret_access_key &lt;span style=&#34;color:#a6e22e&#34;&gt;string&lt;/span&gt;
&lt;/span&gt;&lt;/span&gt;&lt;span style=&#34;display:flex;&#34;&gt;&lt;span&gt;
&lt;/span&gt;&lt;/span&gt;&lt;span style=&#34;display:flex;&#34;&gt;&lt;span&gt;@&lt;span style=&#34;color:#a6e22e&#34;&gt;description&lt;/span&gt;(&lt;span style=&#34;color:#e6db74&#34;&gt;&amp;#39;Region where the S3 bucket is created. This will be the same region that you input when adding AWS cloud provider to an environment in Radius.&amp;#39;&lt;/span&gt;)
&lt;/span&gt;&lt;/span&gt;&lt;span style=&#34;display:flex;&#34;&gt;&lt;span&gt;&lt;span style=&#34;color:#66d9ef&#34;&gt;param&lt;/span&gt; aws_region &lt;span style=&#34;color:#a6e22e&#34;&gt;string&lt;/span&gt; = &lt;span style=&#34;color:#e6db74&#34;&gt;&amp;#39;us-west-2&amp;#39;&lt;/span&gt;
&lt;/span&gt;&lt;/span&gt;&lt;span style=&#34;display:flex;&#34;&gt;&lt;span&gt;
&lt;/span&gt;&lt;/span&gt;&lt;span style=&#34;display:flex;&#34;&gt;&lt;span&gt;&lt;span style=&#34;color:#75715e&#34;&gt;// get a radius container which uses the s3 bucket&lt;/span&gt;
&lt;/span&gt;&lt;/span&gt;&lt;span style=&#34;display:flex;&#34;&gt;&lt;span&gt;&lt;span style=&#34;color:#66d9ef&#34;&gt;resource&lt;/span&gt; frontend &lt;span style=&#34;color:#e6db74&#34;&gt;&amp;#39;Applications.Core/containers@2023-10-01-preview&amp;#39;&lt;/span&gt; = {
&lt;/span&gt;&lt;/span&gt;&lt;span style=&#34;display:flex;&#34;&gt;&lt;span&gt;  name: &lt;span style=&#34;color:#e6db74&#34;&gt;&amp;#39;frontend&amp;#39;&lt;/span&gt;
&lt;/span&gt;&lt;/span&gt;&lt;span style=&#34;display:flex;&#34;&gt;&lt;span&gt;  properties: {
&lt;/span&gt;&lt;/span&gt;&lt;span style=&#34;display:flex;&#34;&gt;&lt;span&gt;    application: app.id
&lt;/span&gt;&lt;/span&gt;&lt;span style=&#34;display:flex;&#34;&gt;&lt;span&gt;    container: {
&lt;/span&gt;&lt;/span&gt;&lt;span style=&#34;display:flex;&#34;&gt;&lt;span&gt;      env: {
&lt;/span&gt;&lt;/span&gt;&lt;span style=&#34;display:flex;&#34;&gt;&lt;span&gt;        BUCKET_NAME: s3.properties.BucketName
&lt;/span&gt;&lt;/span&gt;&lt;span style=&#34;display:flex;&#34;&gt;&lt;span&gt;        AWS_ACCESS_KEY_ID: aws_access_key_id
&lt;/span&gt;&lt;/span&gt;&lt;span style=&#34;display:flex;&#34;&gt;&lt;span&gt;        AWS_SECRET_ACCESS_KEY: aws_secret_access_key
&lt;/span&gt;&lt;/span&gt;&lt;span style=&#34;display:flex;&#34;&gt;&lt;span&gt;        AWS_DEFAULT_REGION: aws_region
&lt;/span&gt;&lt;/span&gt;&lt;span style=&#34;display:flex;&#34;&gt;&lt;span&gt;      }
&lt;/span&gt;&lt;/span&gt;&lt;span style=&#34;display:flex;&#34;&gt;&lt;span&gt;      image: &lt;span style=&#34;color:#e6db74&#34;&gt;&amp;#39;radius.azurecr.io/samples/aws:latest&amp;#39;&lt;/span&gt;
&lt;/span&gt;&lt;/span&gt;&lt;span style=&#34;display:flex;&#34;&gt;&lt;span&gt;    }
&lt;/span&gt;&lt;/span&gt;&lt;span style=&#34;display:flex;&#34;&gt;&lt;span&gt;  }
&lt;/span&gt;&lt;/span&gt;&lt;span style=&#34;display:flex;&#34;&gt;&lt;span&gt;}
&lt;/span&gt;&lt;/span&gt;&lt;/code&gt;&lt;/pre&gt;&lt;/div&gt;


&lt;p&gt;Your final &lt;code&gt;app.bicep&lt;/code&gt; file should look like this&lt;/p&gt;












    

    

&lt;div class=&#34;highlight&#34;&gt;&lt;pre tabindex=&#34;0&#34; style=&#34;color:#f8f8f2;background-color:#272822;-moz-tab-size:4;-o-tab-size:4;tab-size:4;&#34;&gt;&lt;code class=&#34;language-bicep&#34; data-lang=&#34;bicep&#34;&gt;&lt;span style=&#34;display:flex;&#34;&gt;&lt;span&gt;import aws as aws
&lt;/span&gt;&lt;/span&gt;&lt;span style=&#34;display:flex;&#34;&gt;&lt;span&gt;
&lt;/span&gt;&lt;/span&gt;&lt;span style=&#34;display:flex;&#34;&gt;&lt;span&gt;import radius as radius
&lt;/span&gt;&lt;/span&gt;&lt;span style=&#34;display:flex;&#34;&gt;&lt;span&gt;
&lt;/span&gt;&lt;/span&gt;&lt;span style=&#34;display:flex;&#34;&gt;&lt;span&gt;@&lt;span style=&#34;color:#a6e22e&#34;&gt;description&lt;/span&gt;(&lt;span style=&#34;color:#e6db74&#34;&gt;&amp;#39;The name of your S3 bucket.The AWS S3 Bucket name must follow the [following naming conventions](https://docs.aws.amazon.com/AmazonS3/latest/userguide/bucketnamingrules.html).&amp;#39;&lt;/span&gt;)
&lt;/span&gt;&lt;/span&gt;&lt;span style=&#34;display:flex;&#34;&gt;&lt;span&gt;&lt;span style=&#34;color:#66d9ef&#34;&gt;param&lt;/span&gt; bucket &lt;span style=&#34;color:#a6e22e&#34;&gt;string&lt;/span&gt; =&lt;span style=&#34;color:#e6db74&#34;&gt;&amp;#39;mys3bucket&amp;#39;&lt;/span&gt;
&lt;/span&gt;&lt;/span&gt;&lt;span style=&#34;display:flex;&#34;&gt;&lt;span&gt;
&lt;/span&gt;&lt;/span&gt;&lt;span style=&#34;display:flex;&#34;&gt;&lt;span&gt;&lt;span style=&#34;color:#66d9ef&#34;&gt;resource&lt;/span&gt; s3 &lt;span style=&#34;color:#e6db74&#34;&gt;&amp;#39;AWS.S3/Bucket@default&amp;#39;&lt;/span&gt; = {
&lt;/span&gt;&lt;/span&gt;&lt;span style=&#34;display:flex;&#34;&gt;&lt;span&gt;  alias: bucket
&lt;/span&gt;&lt;/span&gt;&lt;span style=&#34;display:flex;&#34;&gt;&lt;span&gt;  properties: {
&lt;/span&gt;&lt;/span&gt;&lt;span style=&#34;display:flex;&#34;&gt;&lt;span&gt;    BucketName: bucket
&lt;/span&gt;&lt;/span&gt;&lt;span style=&#34;display:flex;&#34;&gt;&lt;span&gt;  }
&lt;/span&gt;&lt;/span&gt;&lt;span style=&#34;display:flex;&#34;&gt;&lt;span&gt;}
&lt;/span&gt;&lt;/span&gt;&lt;span style=&#34;display:flex;&#34;&gt;&lt;span&gt;
&lt;/span&gt;&lt;/span&gt;&lt;span style=&#34;display:flex;&#34;&gt;&lt;span&gt;@&lt;span style=&#34;color:#a6e22e&#34;&gt;description&lt;/span&gt;(&lt;span style=&#34;color:#e6db74&#34;&gt;&amp;#39;The environment ID of your Radius Application. Set automatically by the rad CLI.&amp;#39;&lt;/span&gt;)
&lt;/span&gt;&lt;/span&gt;&lt;span style=&#34;display:flex;&#34;&gt;&lt;span&gt;&lt;span style=&#34;color:#66d9ef&#34;&gt;param&lt;/span&gt; &lt;span style=&#34;color:#a6e22e&#34;&gt;environment&lt;/span&gt; &lt;span style=&#34;color:#a6e22e&#34;&gt;string&lt;/span&gt;
&lt;/span&gt;&lt;/span&gt;&lt;span style=&#34;display:flex;&#34;&gt;&lt;span&gt;
&lt;/span&gt;&lt;/span&gt;&lt;span style=&#34;display:flex;&#34;&gt;&lt;span&gt;&lt;span style=&#34;color:#66d9ef&#34;&gt;resource&lt;/span&gt; app &lt;span style=&#34;color:#e6db74&#34;&gt;&amp;#39;Applications.Core/applications@2023-10-01-preview&amp;#39;&lt;/span&gt; = {
&lt;/span&gt;&lt;/span&gt;&lt;span style=&#34;display:flex;&#34;&gt;&lt;span&gt;  name: &lt;span style=&#34;color:#e6db74&#34;&gt;&amp;#39;s3app&amp;#39;&lt;/span&gt;
&lt;/span&gt;&lt;/span&gt;&lt;span style=&#34;display:flex;&#34;&gt;&lt;span&gt;  properties: {
&lt;/span&gt;&lt;/span&gt;&lt;span style=&#34;display:flex;&#34;&gt;&lt;span&gt;    environment: &lt;span style=&#34;color:#a6e22e&#34;&gt;environment&lt;/span&gt;
&lt;/span&gt;&lt;/span&gt;&lt;span style=&#34;display:flex;&#34;&gt;&lt;span&gt;  }
&lt;/span&gt;&lt;/span&gt;&lt;span style=&#34;display:flex;&#34;&gt;&lt;span&gt;}
&lt;/span&gt;&lt;/span&gt;&lt;span style=&#34;display:flex;&#34;&gt;&lt;span&gt;
&lt;/span&gt;&lt;/span&gt;&lt;span style=&#34;display:flex;&#34;&gt;&lt;span&gt;@&lt;span style=&#34;color:#a6e22e&#34;&gt;description&lt;/span&gt;(&lt;span style=&#34;color:#e6db74&#34;&gt;&amp;#39;IAM Access Key ID&amp;#39;&lt;/span&gt;)
&lt;/span&gt;&lt;/span&gt;&lt;span style=&#34;display:flex;&#34;&gt;&lt;span&gt;@&lt;span style=&#34;color:#a6e22e&#34;&gt;secure&lt;/span&gt;()
&lt;/span&gt;&lt;/span&gt;&lt;span style=&#34;display:flex;&#34;&gt;&lt;span&gt;&lt;span style=&#34;color:#66d9ef&#34;&gt;param&lt;/span&gt; aws_access_key_id &lt;span style=&#34;color:#a6e22e&#34;&gt;string&lt;/span&gt;
&lt;/span&gt;&lt;/span&gt;&lt;span style=&#34;display:flex;&#34;&gt;&lt;span&gt;
&lt;/span&gt;&lt;/span&gt;&lt;span style=&#34;display:flex;&#34;&gt;&lt;span&gt;@&lt;span style=&#34;color:#a6e22e&#34;&gt;description&lt;/span&gt;(&lt;span style=&#34;color:#e6db74&#34;&gt;&amp;#39;IAM Access Key Secret&amp;#39;&lt;/span&gt;)
&lt;/span&gt;&lt;/span&gt;&lt;span style=&#34;display:flex;&#34;&gt;&lt;span&gt;@&lt;span style=&#34;color:#a6e22e&#34;&gt;secure&lt;/span&gt;()
&lt;/span&gt;&lt;/span&gt;&lt;span style=&#34;display:flex;&#34;&gt;&lt;span&gt;&lt;span style=&#34;color:#66d9ef&#34;&gt;param&lt;/span&gt; aws_secret_access_key &lt;span style=&#34;color:#a6e22e&#34;&gt;string&lt;/span&gt;
&lt;/span&gt;&lt;/span&gt;&lt;span style=&#34;display:flex;&#34;&gt;&lt;span&gt;
&lt;/span&gt;&lt;/span&gt;&lt;span style=&#34;display:flex;&#34;&gt;&lt;span&gt;@&lt;span style=&#34;color:#a6e22e&#34;&gt;description&lt;/span&gt;(&lt;span style=&#34;color:#e6db74&#34;&gt;&amp;#39;Region where the S3 bucket is created. This will be the same region that you input when adding AWS cloudprovider to an environment in Radius.&amp;#39;&lt;/span&gt;)
&lt;/span&gt;&lt;/span&gt;&lt;span style=&#34;display:flex;&#34;&gt;&lt;span&gt;&lt;span style=&#34;color:#66d9ef&#34;&gt;param&lt;/span&gt; aws_region &lt;span style=&#34;color:#a6e22e&#34;&gt;string&lt;/span&gt; = &lt;span style=&#34;color:#e6db74&#34;&gt;&amp;#39;us-west-2&amp;#39;&lt;/span&gt;
&lt;/span&gt;&lt;/span&gt;&lt;span style=&#34;display:flex;&#34;&gt;&lt;span&gt;
&lt;/span&gt;&lt;/span&gt;&lt;span style=&#34;display:flex;&#34;&gt;&lt;span&gt;&lt;span style=&#34;color:#75715e&#34;&gt;// get a radius container which uses the s3 bucket&lt;/span&gt;
&lt;/span&gt;&lt;/span&gt;&lt;span style=&#34;display:flex;&#34;&gt;&lt;span&gt;&lt;span style=&#34;color:#66d9ef&#34;&gt;resource&lt;/span&gt; frontend &lt;span style=&#34;color:#e6db74&#34;&gt;&amp;#39;Applications.Core/containers@2023-10-01-preview&amp;#39;&lt;/span&gt; = {
&lt;/span&gt;&lt;/span&gt;&lt;span style=&#34;display:flex;&#34;&gt;&lt;span&gt;  name: &lt;span style=&#34;color:#e6db74&#34;&gt;&amp;#39;frontend&amp;#39;&lt;/span&gt;
&lt;/span&gt;&lt;/span&gt;&lt;span style=&#34;display:flex;&#34;&gt;&lt;span&gt;  properties: {
&lt;/span&gt;&lt;/span&gt;&lt;span style=&#34;display:flex;&#34;&gt;&lt;span&gt;    application: app.id
&lt;/span&gt;&lt;/span&gt;&lt;span style=&#34;display:flex;&#34;&gt;&lt;span&gt;    container: {
&lt;/span&gt;&lt;/span&gt;&lt;span style=&#34;display:flex;&#34;&gt;&lt;span&gt;      env: {
&lt;/span&gt;&lt;/span&gt;&lt;span style=&#34;display:flex;&#34;&gt;&lt;span&gt;        BUCKET_NAME: s3.properties.BucketName
&lt;/span&gt;&lt;/span&gt;&lt;span style=&#34;display:flex;&#34;&gt;&lt;span&gt;        AWS_ACCESS_KEY_ID: aws_access_key_id
&lt;/span&gt;&lt;/span&gt;&lt;span style=&#34;display:flex;&#34;&gt;&lt;span&gt;        AWS_SECRET_ACCESS_KEY: aws_secret_access_key
&lt;/span&gt;&lt;/span&gt;&lt;span style=&#34;display:flex;&#34;&gt;&lt;span&gt;        AWS_DEFAULT_REGION: aws_region
&lt;/span&gt;&lt;/span&gt;&lt;span style=&#34;display:flex;&#34;&gt;&lt;span&gt;      }
&lt;/span&gt;&lt;/span&gt;&lt;span style=&#34;display:flex;&#34;&gt;&lt;span&gt;      image: &lt;span style=&#34;color:#e6db74&#34;&gt;&amp;#39;radius.azurecr.io/samples/aws:latest&amp;#39;&lt;/span&gt;
&lt;/span&gt;&lt;/span&gt;&lt;span style=&#34;display:flex;&#34;&gt;&lt;span&gt;    }
&lt;/span&gt;&lt;/span&gt;&lt;span style=&#34;display:flex;&#34;&gt;&lt;span&gt;  }
&lt;/span&gt;&lt;/span&gt;&lt;span style=&#34;display:flex;&#34;&gt;&lt;span&gt;}
&lt;/span&gt;&lt;/span&gt;&lt;/code&gt;&lt;/pre&gt;&lt;/div&gt;


&lt;p&gt;This creates a container that will be deployed to your Kubernetes cluster. This container will interact with the AWS S3 Bucket you created in the previous step.&lt;/p&gt;
&lt;h2 id=&#34;step-5-deploy-the-application&#34;&gt;Step 5: Deploy the application&lt;/h2&gt;
&lt;ol&gt;
&lt;li&gt;
&lt;p&gt;Deploy your application to your environment:&lt;/p&gt;
&lt;div class=&#34;highlight&#34;&gt;&lt;pre tabindex=&#34;0&#34; style=&#34;color:#f8f8f2;background-color:#272822;-moz-tab-size:4;-o-tab-size:4;tab-size:4;&#34;&gt;&lt;code class=&#34;language-bash&#34; data-lang=&#34;bash&#34;&gt;&lt;span style=&#34;display:flex;&#34;&gt;&lt;span&gt;rad deploy ./app.bicep -p aws_access_key_id&lt;span style=&#34;color:#f92672&#34;&gt;=&lt;/span&gt;&amp;lt;AWS_ACCESS_KEY_ID&amp;gt; -p aws_secret_access_key&lt;span style=&#34;color:#f92672&#34;&gt;=&lt;/span&gt;&amp;lt;AWS_SECRET_ACCESS_KEY&amp;gt;
&lt;/span&gt;&lt;/span&gt;&lt;/code&gt;&lt;/pre&gt;&lt;/div&gt;&lt;blockquote&gt;
&lt;p&gt;Replace &lt;code&gt;&amp;lt;AWS_ACCESS_KEY_ID&amp;gt;&lt;/code&gt; and &lt;code&gt;&amp;lt;AWS_SECRET_ACCESS_KEY&amp;gt;&lt;/code&gt; with the values obtained from the previous step.&lt;/p&gt;
&lt;/blockquote&gt;


&lt;div class=&#34;alert alert-warning&#34; role=&#34;alert&#34;&gt;
&lt;h4 class=&#34;alert-heading&#34;&gt;Warning&lt;/h4&gt;

    It is always recommended to have separate IAM credentials for your container to communicate with S3 or any other data store.
Radius is currently working on supporting direct connections to AWS resources so that your container can automatically communicate with the data store securely without having to manage separate credentials for data plane operations

&lt;/div&gt;

&lt;/li&gt;
&lt;li&gt;
&lt;p&gt;Port-forward the container to your machine with &lt;a href=&#34;https://docs.radapp.io/reference/cli/rad_resource_expose/&#34;&gt;&lt;code&gt;rad resource expose&lt;/code&gt;&lt;/a&gt;:&lt;/p&gt;
&lt;div class=&#34;highlight&#34;&gt;&lt;pre tabindex=&#34;0&#34; style=&#34;color:#f8f8f2;background-color:#272822;-moz-tab-size:4;-o-tab-size:4;tab-size:4;&#34;&gt;&lt;code class=&#34;language-bash&#34; data-lang=&#34;bash&#34;&gt;&lt;span style=&#34;display:flex;&#34;&gt;&lt;span&gt;rad resource expose containers frontend -a s3app --port &lt;span style=&#34;color:#ae81ff&#34;&gt;5234&lt;/span&gt;
&lt;/span&gt;&lt;/span&gt;&lt;/code&gt;&lt;/pre&gt;&lt;/div&gt;&lt;/li&gt;
&lt;li&gt;
&lt;p&gt;Visit &lt;a href=&#34;http://localhost:5234/swagger/index.html&#34;&gt;localhost:5234&lt;/a&gt; in your browser. This is a swagger doc for the sample application. You can use this to interact with the AWS S3 Bucket you created. For example, you can try to upload a file to the bucket via the &lt;code&gt;/upload&lt;/code&gt; endpoint.&lt;/p&gt;
 &lt;img src=&#34;./s3app.png&#34; alt=&#34;Screenshot of the sample application to interact with s3 bucket &#34; width=900&gt;
&lt;/li&gt;
&lt;/ol&gt;
&lt;h2 id=&#34;step-6-cleanup&#34;&gt;Step 6: Cleanup&lt;/h2&gt;
&lt;ol&gt;
&lt;li&gt;
&lt;p&gt;When you&amp;rsquo;re done with testing, you can use the rad CLI to &lt;a href=&#34;https://docs.radapp.io/reference/cli/rad_env_delete/&#34;&gt;delete an environment&lt;/a&gt; to delete all Radius resources running on the EKS Cluster.&lt;/p&gt;
&lt;/li&gt;
&lt;li&gt;
&lt;p&gt;Cleanup AWS Resources - AWS resources are not deleted when deleting a Radius Environment, so make sure to delete all resources created in this reference app to prevent additional charges. You can delete these resources in the AWS Console or via the AWS CLI. Instructions to delete an AWS S3 Bucket are available &lt;a href=&#34;https://docs.aws.amazon.com/AmazonS3/latest/userguide/delete-bucket.html&#34;&gt;here&lt;/a&gt;.&lt;/p&gt;
&lt;/li&gt;
&lt;/ol&gt;
&lt;h2 id=&#34;troubleshooting&#34;&gt;Troubleshooting&lt;/h2&gt;
&lt;p&gt;If you hit errors while deploying the application, please follow the steps below to troubleshoot:&lt;/p&gt;
&lt;ol&gt;
&lt;li&gt;
&lt;p&gt;Check if the AWS credentials are valid. Login to the AWS console and check if the IAM access key and secret access key are valid and not expired.&lt;/p&gt;
&lt;/li&gt;
&lt;li&gt;
&lt;p&gt;Look at the control plane logs to see if there are any errors. You can use the following command to view the logs:&lt;/p&gt;
&lt;div class=&#34;highlight&#34;&gt;&lt;pre tabindex=&#34;0&#34; style=&#34;color:#f8f8f2;background-color:#272822;-moz-tab-size:4;-o-tab-size:4;tab-size:4;&#34;&gt;&lt;code class=&#34;language-bash&#34; data-lang=&#34;bash&#34;&gt;&lt;span style=&#34;display:flex;&#34;&gt;&lt;span&gt;rad debug-logs
&lt;/span&gt;&lt;/span&gt;&lt;/code&gt;&lt;/pre&gt;&lt;/div&gt;&lt;p&gt;Inspect the UCP logs to see if there are any errors&lt;/p&gt;
&lt;/li&gt;
&lt;/ol&gt;
&lt;p&gt;If you have issues with the sample application, where the container doesn&amp;rsquo;t connect with the S3 bucket, please follow the steps below to troubleshoot:&lt;/p&gt;
&lt;ol&gt;
&lt;li&gt;
&lt;p&gt;Use the below command to inspect logs from container:&lt;/p&gt;
&lt;div class=&#34;highlight&#34;&gt;&lt;pre tabindex=&#34;0&#34; style=&#34;color:#f8f8f2;background-color:#272822;-moz-tab-size:4;-o-tab-size:4;tab-size:4;&#34;&gt;&lt;code class=&#34;language-bash&#34; data-lang=&#34;bash&#34;&gt;&lt;span style=&#34;display:flex;&#34;&gt;&lt;span&gt;rad resource logs containers frontend -a s3app
&lt;/span&gt;&lt;/span&gt;&lt;/code&gt;&lt;/pre&gt;&lt;/div&gt;&lt;/li&gt;
&lt;/ol&gt;
&lt;p&gt;Also make sure to &lt;a href=&#34;https://github.com/radius-project/radius/issues/new/choose&#34;&gt;open an Issue&lt;/a&gt; if you encounter a generic &lt;code&gt;Internal server error&lt;/code&gt; message or an error message that is not self-serviceable, so we can address the root error not being forwarded to the user.&lt;/p&gt;
&lt;h2 id=&#34;further-reading&#34;&gt;Further Reading&lt;/h2&gt;







         &lt;div class=&#34;card-pane&#34;&gt;   
            &amp;nbsp;
            &lt;div class=&#34;card&#34;&gt;
                &lt;div class=&#34;card-body&#34;&gt;
                    &lt;h3 class=&#34;card-title&#34;&gt;&lt;b&gt;Overview&lt;/b&gt;&lt;/h3&gt;
                    
                    &lt;p class=&#34;card-text&#34;&gt;&lt;li hugo-nav=&#34;/guides/author-apps/aws/overview/&#34;&gt;&lt;a href=&#34;https://docs.radapp.io/guides/author-apps/aws/overview/&#34;&gt;Overview: AWS resources&lt;/a&gt;&lt;/li&gt;&lt;/p&gt;
                    
                    &lt;p class=&#34;card-text&#34;&gt;&lt;li hugo-nav=&#34;/guides/operations/providers/overview/&#34;&gt;&lt;a href=&#34;https://docs.radapp.io/guides/operations/providers/overview/&#34;&gt;Overview: Cloud providers&lt;/a&gt;&lt;/li&gt;&lt;/p&gt;
                    
                &lt;/div&gt;
            &lt;/div&gt;
        &lt;/div&gt;














         &lt;div class=&#34;card-pane&#34;&gt;   
            &amp;nbsp;
            &lt;div class=&#34;card&#34;&gt;
                &lt;div class=&#34;card-body&#34;&gt;
                    &lt;h3 class=&#34;card-title&#34;&gt;&lt;b&gt;How-To&lt;/b&gt;&lt;/h3&gt;
                    
                    &lt;p class=&#34;card-text&#34;&gt;&lt;li hugo-nav=&#34;/guides/author-apps/aws/howto-aws-resources/&#34;&gt;&lt;a href=&#34;https://docs.radapp.io/guides/author-apps/aws/howto-aws-resources/&#34;&gt;How-To: Deploy AWS resources&lt;/a&gt;&lt;/li&gt;&lt;/p&gt;
                    
                    &lt;p class=&#34;card-text&#34;&gt;&lt;li hugo-nav=&#34;/guides/operations/providers/howto-aws-provider/&#34;&gt;&lt;a href=&#34;https://docs.radapp.io/guides/operations/providers/howto-aws-provider/&#34;&gt;How-To: Configure the AWS cloud provider&lt;/a&gt;&lt;/li&gt;&lt;/p&gt;
                    
                &lt;/div&gt;
            &lt;/div&gt;
        &lt;/div&gt;








      </description>
    </item>
    
  </channel>
</rss>
