<rss version="2.0" xmlns:atom="http://www.w3.org/2005/Atom">
  <channel>
    <title>Radius Docs – Radius API reference</title>
    <link>https://docs.radapp.io/reference/api/</link>
    <description>Recent content in Radius API reference on Radius Docs</description>
    <generator>Hugo -- gohugo.io</generator>
    <language>en-us</language>
    
	  <atom:link href="https://docs.radapp.io/reference/api/index.xml" rel="self" type="application/rss+xml" />
    
    
      
        
      
    
    
    <item>
      <title>Reference: Applications.Core API reference</title>
      <link>https://docs.radapp.io/reference/api/applications.core/</link>
      <pubDate>Mon, 01 Jan 0001 00:00:00 +0000</pubDate>
      
      <guid>https://docs.radapp.io/reference/api/applications.core/</guid>
      <description>
        
        
        
      </description>
    </item>
    
    <item>
      <title>Reference: Applications.Dapr API reference</title>
      <link>https://docs.radapp.io/reference/api/applications.dapr/</link>
      <pubDate>Mon, 01 Jan 0001 00:00:00 +0000</pubDate>
      
      <guid>https://docs.radapp.io/reference/api/applications.dapr/</guid>
      <description>
        
        
        
  
    
&lt;style&gt;
  #redoc input {
    height: 64px;
  }

  #redoc span[type=&#34;put&#34;],
  span[type=&#34;get&#34;],
  span[type=&#34;delete&#34;],
  span[type=&#34;post&#34;],
  span[type=&#34;options&#34;],
  span[type=&#34;patch&#34;],
  span[type=&#34;basic&#34;],
  span[type=&#34;link&#34;],
  span[type=&#34;head&#34;] {
    border-radius: 4px;
  }

  #redoc h2 {
    margin-top: 0px;
  }
&lt;/style&gt;


&lt;style&gt;
  #myBtn {
    display: none;
    position: fixed;
    bottom: 20px;
    right: 30px;
    z-index: 99;
    font-size: 18px;
    border: none;
    outline: none;
    background-color: #30638E;
    color: white;
    cursor: pointer;
    padding: 15px;
    border-radius: 4px;
  }

  #myBtn:hover {
    background-color: #555;
  }
&lt;/style&gt;
&lt;button onclick=&#34;topFunction()&#34; id=&#34;myBtn&#34; title=&#34;Go to top&#34;&gt;Top&lt;/button&gt;
&lt;script&gt;
  
  var mybutton = document.getElementById(&#34;myBtn&#34;);

  
  window.onscroll = function () { scrollFunction() };

  function scrollFunction() {
    if (document.body.scrollTop &gt; 20 || document.documentElement.scrollTop &gt; 20) {
      mybutton.style.display = &#34;block&#34;;
    } else {
      mybutton.style.display = &#34;none&#34;;
    }
  }

  
  function topFunction() {
    document.body.scrollTop = 0;
    document.documentElement.scrollTop = 0;
  }
&lt;/script&gt;



&lt;style&gt;
  body {
    margin: 0;
    padding: 0;
  }
&lt;/style&gt;


&lt;div id=&#34;redoc-container&#34;&gt;&lt;/div&gt;


&lt;script src=&#34;https://cdn.jsdelivr.net/npm/redoc@latest/bundles/redoc.standalone.js&#34;&gt;&lt;/script&gt;


&lt;script&gt;
  Redoc.init(
    &#39;https:\/\/docs.radapp.io\/swagger\/specification\/applications\/resource-manager\/Applications.Dapr\/preview\/2023-10-01-preview\/openapi.json&#39;,
    {
      hideHostname: true,
      nativeScrollbars: true,
      scrollYOffset: &#34;.js-navbar-scroll&#34;
    },
    document.getElementById(&#39;redoc-container&#39;)
  )
&lt;/script&gt;  

      </description>
    </item>
    
    <item>
      <title>Reference: Applications.Datastores API reference</title>
      <link>https://docs.radapp.io/reference/api/applications.datastores/</link>
      <pubDate>Mon, 01 Jan 0001 00:00:00 +0000</pubDate>
      
      <guid>https://docs.radapp.io/reference/api/applications.datastores/</guid>
      <description>
        
        
        
  
    
&lt;style&gt;
  #redoc input {
    height: 64px;
  }

  #redoc span[type=&#34;put&#34;],
  span[type=&#34;get&#34;],
  span[type=&#34;delete&#34;],
  span[type=&#34;post&#34;],
  span[type=&#34;options&#34;],
  span[type=&#34;patch&#34;],
  span[type=&#34;basic&#34;],
  span[type=&#34;link&#34;],
  span[type=&#34;head&#34;] {
    border-radius: 4px;
  }

  #redoc h2 {
    margin-top: 0px;
  }
&lt;/style&gt;


&lt;style&gt;
  #myBtn {
    display: none;
    position: fixed;
    bottom: 20px;
    right: 30px;
    z-index: 99;
    font-size: 18px;
    border: none;
    outline: none;
    background-color: #30638E;
    color: white;
    cursor: pointer;
    padding: 15px;
    border-radius: 4px;
  }

  #myBtn:hover {
    background-color: #555;
  }
&lt;/style&gt;
&lt;button onclick=&#34;topFunction()&#34; id=&#34;myBtn&#34; title=&#34;Go to top&#34;&gt;Top&lt;/button&gt;
&lt;script&gt;
  
  var mybutton = document.getElementById(&#34;myBtn&#34;);

  
  window.onscroll = function () { scrollFunction() };

  function scrollFunction() {
    if (document.body.scrollTop &gt; 20 || document.documentElement.scrollTop &gt; 20) {
      mybutton.style.display = &#34;block&#34;;
    } else {
      mybutton.style.display = &#34;none&#34;;
    }
  }

  
  function topFunction() {
    document.body.scrollTop = 0;
    document.documentElement.scrollTop = 0;
  }
&lt;/script&gt;



&lt;style&gt;
  body {
    margin: 0;
    padding: 0;
  }
&lt;/style&gt;


&lt;div id=&#34;redoc-container&#34;&gt;&lt;/div&gt;


&lt;script src=&#34;https://cdn.jsdelivr.net/npm/redoc@latest/bundles/redoc.standalone.js&#34;&gt;&lt;/script&gt;


&lt;script&gt;
  Redoc.init(
    &#39;https:\/\/docs.radapp.io\/swagger\/specification\/applications\/resource-manager\/Applications.Datastores\/preview\/2023-10-01-preview\/openapi.json&#39;,
    {
      hideHostname: true,
      nativeScrollbars: true,
      scrollYOffset: &#34;.js-navbar-scroll&#34;
    },
    document.getElementById(&#39;redoc-container&#39;)
  )
&lt;/script&gt;  

      </description>
    </item>
    
    <item>
      <title>Reference: Applications.Messaging API reference</title>
      <link>https://docs.radapp.io/reference/api/applications.messaging/</link>
      <pubDate>Mon, 01 Jan 0001 00:00:00 +0000</pubDate>
      
      <guid>https://docs.radapp.io/reference/api/applications.messaging/</guid>
      <description>
        
        
        
  
    
&lt;style&gt;
  #redoc input {
    height: 64px;
  }

  #redoc span[type=&#34;put&#34;],
  span[type=&#34;get&#34;],
  span[type=&#34;delete&#34;],
  span[type=&#34;post&#34;],
  span[type=&#34;options&#34;],
  span[type=&#34;patch&#34;],
  span[type=&#34;basic&#34;],
  span[type=&#34;link&#34;],
  span[type=&#34;head&#34;] {
    border-radius: 4px;
  }

  #redoc h2 {
    margin-top: 0px;
  }
&lt;/style&gt;


&lt;style&gt;
  #myBtn {
    display: none;
    position: fixed;
    bottom: 20px;
    right: 30px;
    z-index: 99;
    font-size: 18px;
    border: none;
    outline: none;
    background-color: #30638E;
    color: white;
    cursor: pointer;
    padding: 15px;
    border-radius: 4px;
  }

  #myBtn:hover {
    background-color: #555;
  }
&lt;/style&gt;
&lt;button onclick=&#34;topFunction()&#34; id=&#34;myBtn&#34; title=&#34;Go to top&#34;&gt;Top&lt;/button&gt;
&lt;script&gt;
  
  var mybutton = document.getElementById(&#34;myBtn&#34;);

  
  window.onscroll = function () { scrollFunction() };

  function scrollFunction() {
    if (document.body.scrollTop &gt; 20 || document.documentElement.scrollTop &gt; 20) {
      mybutton.style.display = &#34;block&#34;;
    } else {
      mybutton.style.display = &#34;none&#34;;
    }
  }

  
  function topFunction() {
    document.body.scrollTop = 0;
    document.documentElement.scrollTop = 0;
  }
&lt;/script&gt;



&lt;style&gt;
  body {
    margin: 0;
    padding: 0;
  }
&lt;/style&gt;


&lt;div id=&#34;redoc-container&#34;&gt;&lt;/div&gt;


&lt;script src=&#34;https://cdn.jsdelivr.net/npm/redoc@latest/bundles/redoc.standalone.js&#34;&gt;&lt;/script&gt;


&lt;script&gt;
  Redoc.init(
    &#39;https:\/\/docs.radapp.io\/swagger\/specification\/applications\/resource-manager\/Applications.Messaging\/preview\/2023-10-01-preview\/openapi.json&#39;,
    {
      hideHostname: true,
      nativeScrollbars: true,
      scrollYOffset: &#34;.js-navbar-scroll&#34;
    },
    document.getElementById(&#39;redoc-container&#39;)
  )
&lt;/script&gt;  

      </description>
    </item>
    
    <item>
      <title>Reference: API timeout/retry policies</title>
      <link>https://docs.radapp.io/reference/api/resource-policies/</link>
      <pubDate>Mon, 01 Jan 0001 00:00:00 +0000</pubDate>
      
      <guid>https://docs.radapp.io/reference/api/resource-policies/</guid>
      <description>
        
        
        &lt;h2 id=&#34;radius-services&#34;&gt;Radius services&lt;/h2&gt;
&lt;p&gt;There are two main Radius services that will provide the resources described below:&lt;/p&gt;
&lt;ul&gt;
&lt;li&gt;&lt;a href=&#34;https://docs.radapp.io/concepts/architecture/#bicep-deployments-resource-provider&#34;&gt;Deployment Engine&lt;/a&gt;&lt;/li&gt;
&lt;li&gt;&lt;a href=&#34;https://docs.radapp.io/concepts/architecture/#applications-resource-provider&#34;&gt;Resource Provider&lt;/a&gt;&lt;/li&gt;
&lt;/ul&gt;
&lt;h2 id=&#34;deployment-engine-behavior&#34;&gt;Deployment engine behavior&lt;/h2&gt;
&lt;table&gt;
&lt;thead&gt;
&lt;tr&gt;
&lt;th&gt;Operation&lt;/th&gt;
&lt;th style=&#34;text-align:center&#34;&gt;Resource Name&lt;/th&gt;
&lt;th&gt;Server Timeout (Seconds)&lt;/th&gt;
&lt;th&gt;Async Operation retry condition&lt;/th&gt;
&lt;th&gt;&lt;/th&gt;
&lt;/tr&gt;
&lt;/thead&gt;
&lt;tbody&gt;
&lt;tr&gt;
&lt;td&gt;Default retry timeout for resource deployment&lt;/td&gt;
&lt;td style=&#34;text-align:center&#34;&gt;The name of your resource.&lt;/td&gt;
&lt;td&gt;12.5 minutes per resource&lt;/td&gt;
&lt;td&gt;Retries on 5xx errors, 50 retry requests&lt;/td&gt;
&lt;td&gt;&lt;/td&gt;
&lt;/tr&gt;
&lt;tr&gt;
&lt;td&gt;Default request timeout&lt;/td&gt;
&lt;td style=&#34;text-align:center&#34;&gt;&lt;/td&gt;
&lt;td&gt;Dependent on &lt;a href=&#34;https://docs.radapp.io/concepts/architecture/#ucp-a-general-resource-management-api&#34;&gt;UCP&lt;/a&gt;&lt;/td&gt;
&lt;td&gt;&lt;/td&gt;
&lt;td&gt;&lt;/td&gt;
&lt;/tr&gt;
&lt;/tbody&gt;
&lt;/table&gt;
&lt;h3 id=&#34;resource-provider-behavior&#34;&gt;Resource provider behavior&lt;/h3&gt;
&lt;h4 id=&#34;timeout-duration&#34;&gt;Timeout duration&lt;/h4&gt;
&lt;p&gt;The default timeout times are listed below but be aware that the asynchronous timeout varies per resource type.&lt;/p&gt;
&lt;ul&gt;
&lt;li&gt;Default synchronous API timeout : 60 seconds. It depends on UCP gateway timeout.&lt;/li&gt;
&lt;li&gt;Default asynchronous API timeout : 120 seconds&lt;/li&gt;
&lt;/ul&gt;
&lt;h4 id=&#34;asynchronous-operation-retry-policy&#34;&gt;Asynchronous operation retry policy&lt;/h4&gt;
&lt;p&gt;Each resource type controller decides whether it will retry to process the operation when it fails, but the current async operation controller immediately marks any errors as a &lt;code&gt;Failed&lt;/code&gt; operation except for the following scenario:&lt;/p&gt;
&lt;ul&gt;
&lt;li&gt;Panic happens while processing the async operation by code defect (retry once, then mark the operation Failed)&lt;/li&gt;
&lt;li&gt;RP process exits by unexpected process crashes (such as node failure, memory leak) and redeploying Radius. (retry once , then mark the operation Failed)&lt;/li&gt;
&lt;/ul&gt;
&lt;h4 id=&#34;applicationscore-resource-provider&#34;&gt;Applications.Core resource provider&lt;/h4&gt;
&lt;table&gt;
&lt;thead&gt;
&lt;tr&gt;
&lt;th&gt;Resource Type&lt;/th&gt;
&lt;th style=&#34;text-align:center&#34;&gt;Operation&lt;/th&gt;
&lt;th&gt;API Type&lt;/th&gt;
&lt;th&gt;Server Timeout (Seconds)&lt;/th&gt;
&lt;th&gt;Async Operation retry condition&lt;/th&gt;
&lt;/tr&gt;
&lt;/thead&gt;
&lt;tbody&gt;
&lt;tr&gt;
&lt;td&gt;Applications.Core/environments&lt;/td&gt;
&lt;td style=&#34;text-align:center&#34;&gt;LIST/GET/PUT/PATCH/DELETE&lt;/td&gt;
&lt;td&gt;Synchronous&lt;/td&gt;
&lt;td&gt;default&lt;/td&gt;
&lt;td&gt;&lt;/td&gt;
&lt;/tr&gt;
&lt;tr&gt;
&lt;td&gt;Applications.Core/applications&lt;/td&gt;
&lt;td style=&#34;text-align:center&#34;&gt;LIST/GET/PUT/PATCH/DELETE&lt;/td&gt;
&lt;td&gt;Synchronous&lt;/td&gt;
&lt;td&gt;default&lt;/td&gt;
&lt;td&gt;&lt;/td&gt;
&lt;/tr&gt;
&lt;tr&gt;
&lt;td&gt;Applications.Core/containers&lt;/td&gt;
&lt;td style=&#34;text-align:center&#34;&gt;LIST/GET&lt;/td&gt;
&lt;td&gt;Synchronous&lt;/td&gt;
&lt;td&gt;default&lt;/td&gt;
&lt;td&gt;&lt;/td&gt;
&lt;/tr&gt;
&lt;tr&gt;
&lt;td&gt;Applications.Core/containers&lt;/td&gt;
&lt;td style=&#34;text-align:center&#34;&gt;PUT/PATCH/DELETE&lt;/td&gt;
&lt;td&gt;Asynchronous&lt;/td&gt;
&lt;td&gt;300&lt;/td&gt;
&lt;td&gt;default&lt;/td&gt;
&lt;/tr&gt;
&lt;tr&gt;
&lt;td&gt;Applications.Core/gateways&lt;/td&gt;
&lt;td style=&#34;text-align:center&#34;&gt;LIST/GET&lt;/td&gt;
&lt;td&gt;Synchronous&lt;/td&gt;
&lt;td&gt;default&lt;/td&gt;
&lt;td&gt;&lt;/td&gt;
&lt;/tr&gt;
&lt;tr&gt;
&lt;td&gt;Applications.Core/gateways&lt;/td&gt;
&lt;td style=&#34;text-align:center&#34;&gt;PUT/PATCH/DELETE&lt;/td&gt;
&lt;td&gt;Asynchronous&lt;/td&gt;
&lt;td&gt;default&lt;/td&gt;
&lt;td&gt;default&lt;/td&gt;
&lt;/tr&gt;
&lt;tr&gt;
&lt;td&gt;Applications.Core/extenders&lt;/td&gt;
&lt;td style=&#34;text-align:center&#34;&gt;LIST/GET/PUT/PATCH/DELETE&lt;/td&gt;
&lt;td&gt;Synchronous&lt;/td&gt;
&lt;td&gt;default&lt;/td&gt;
&lt;td&gt;&lt;/td&gt;
&lt;/tr&gt;
&lt;tr&gt;
&lt;td&gt;Applications.Core/extenders&lt;/td&gt;
&lt;td style=&#34;text-align:center&#34;&gt;POST ListSecret&lt;/td&gt;
&lt;td&gt;Synchronous&lt;/td&gt;
&lt;td&gt;default&lt;/td&gt;
&lt;td&gt;&lt;/td&gt;
&lt;/tr&gt;
&lt;/tbody&gt;
&lt;/table&gt;
&lt;h4 id=&#34;applicationsdapr-resource-providers&#34;&gt;Applications.Dapr resource providers&lt;/h4&gt;
&lt;table&gt;
&lt;thead&gt;
&lt;tr&gt;
&lt;th&gt;Resource Type&lt;/th&gt;
&lt;th style=&#34;text-align:center&#34;&gt;Operation&lt;/th&gt;
&lt;th&gt;API Type&lt;/th&gt;
&lt;th&gt;Server Timeout (Seconds)&lt;/th&gt;
&lt;th&gt;Async Operation retry condition&lt;/th&gt;
&lt;/tr&gt;
&lt;/thead&gt;
&lt;tbody&gt;
&lt;tr&gt;
&lt;td&gt;Applications.Dapr/pubSubBrokers&lt;/td&gt;
&lt;td style=&#34;text-align:center&#34;&gt;LIST/GET/PUT/PATCH/DELETE&lt;/td&gt;
&lt;td&gt;Synchronous&lt;/td&gt;
&lt;td&gt;default&lt;/td&gt;
&lt;td&gt;&lt;/td&gt;
&lt;/tr&gt;
&lt;tr&gt;
&lt;td&gt;Applications.Dapr/pubSubBrokers&lt;/td&gt;
&lt;td style=&#34;text-align:center&#34;&gt;POST ListSecret&lt;/td&gt;
&lt;td&gt;Synchronous&lt;/td&gt;
&lt;td&gt;default&lt;/td&gt;
&lt;td&gt;&lt;/td&gt;
&lt;/tr&gt;
&lt;tr&gt;
&lt;td&gt;Applications.Dapr/secretStores&lt;/td&gt;
&lt;td style=&#34;text-align:center&#34;&gt;LIST/GET/PUT/PATCH/DELETE&lt;/td&gt;
&lt;td&gt;Synchronous&lt;/td&gt;
&lt;td&gt;default&lt;/td&gt;
&lt;td&gt;&lt;/td&gt;
&lt;/tr&gt;
&lt;tr&gt;
&lt;td&gt;Applications.Dapr/secretStores&lt;/td&gt;
&lt;td style=&#34;text-align:center&#34;&gt;POST ListSecret&lt;/td&gt;
&lt;td&gt;Synchronous&lt;/td&gt;
&lt;td&gt;default&lt;/td&gt;
&lt;td&gt;&lt;/td&gt;
&lt;/tr&gt;
&lt;tr&gt;
&lt;td&gt;Applications.Dapr/stateStores&lt;/td&gt;
&lt;td style=&#34;text-align:center&#34;&gt;LIST/GET/PUT/PATCH/DELETE&lt;/td&gt;
&lt;td&gt;Synchronous&lt;/td&gt;
&lt;td&gt;default&lt;/td&gt;
&lt;td&gt;&lt;/td&gt;
&lt;/tr&gt;
&lt;tr&gt;
&lt;td&gt;Applications.Dapr/stateStores&lt;/td&gt;
&lt;td style=&#34;text-align:center&#34;&gt;POST ListSecret&lt;/td&gt;
&lt;td&gt;Synchronous&lt;/td&gt;
&lt;td&gt;default&lt;/td&gt;
&lt;td&gt;&lt;/td&gt;
&lt;/tr&gt;
&lt;/tbody&gt;
&lt;/table&gt;
&lt;h4 id=&#34;applicationsdatastores-resource-providers&#34;&gt;Applications.Datastores resource providers&lt;/h4&gt;
&lt;table&gt;
&lt;thead&gt;
&lt;tr&gt;
&lt;th&gt;Resource Type&lt;/th&gt;
&lt;th style=&#34;text-align:center&#34;&gt;Operation&lt;/th&gt;
&lt;th&gt;API Type&lt;/th&gt;
&lt;th&gt;Server Timeout (Seconds)&lt;/th&gt;
&lt;th&gt;Async Operation retry condition&lt;/th&gt;
&lt;/tr&gt;
&lt;/thead&gt;
&lt;tbody&gt;
&lt;tr&gt;
&lt;td&gt;Applications.Datastores/mongoDatabases&lt;/td&gt;
&lt;td style=&#34;text-align:center&#34;&gt;LIST/GET/PUT/PATCH/DELETE&lt;/td&gt;
&lt;td&gt;Synchronous&lt;/td&gt;
&lt;td&gt;default&lt;/td&gt;
&lt;td&gt;&lt;/td&gt;
&lt;/tr&gt;
&lt;tr&gt;
&lt;td&gt;Applications.Datastores/mongoDatabases&lt;/td&gt;
&lt;td style=&#34;text-align:center&#34;&gt;POST ListSecret&lt;/td&gt;
&lt;td&gt;Synchronous&lt;/td&gt;
&lt;td&gt;default&lt;/td&gt;
&lt;td&gt;&lt;/td&gt;
&lt;/tr&gt;
&lt;tr&gt;
&lt;td&gt;Applications.Datastores/rabbitMQMessageQueues&lt;/td&gt;
&lt;td style=&#34;text-align:center&#34;&gt;LIST/GET/PUT/PATCH/DELETE&lt;/td&gt;
&lt;td&gt;Synchronous&lt;/td&gt;
&lt;td&gt;default&lt;/td&gt;
&lt;td&gt;&lt;/td&gt;
&lt;/tr&gt;
&lt;tr&gt;
&lt;td&gt;Applications.Datastores/rabbitMQMessageQueues&lt;/td&gt;
&lt;td style=&#34;text-align:center&#34;&gt;POST ListSecret&lt;/td&gt;
&lt;td&gt;Synchronous&lt;/td&gt;
&lt;td&gt;default&lt;/td&gt;
&lt;td&gt;&lt;/td&gt;
&lt;/tr&gt;
&lt;tr&gt;
&lt;td&gt;Applications.Datastores/redisCaches&lt;/td&gt;
&lt;td style=&#34;text-align:center&#34;&gt;LIST/GET/PUT/PATCH/DELETE&lt;/td&gt;
&lt;td&gt;Synchronous&lt;/td&gt;
&lt;td&gt;default&lt;/td&gt;
&lt;td&gt;&lt;/td&gt;
&lt;/tr&gt;
&lt;tr&gt;
&lt;td&gt;Applications.Datastores/redisCaches&lt;/td&gt;
&lt;td style=&#34;text-align:center&#34;&gt;POST ListSecret&lt;/td&gt;
&lt;td&gt;Synchronous&lt;/td&gt;
&lt;td&gt;default&lt;/td&gt;
&lt;td&gt;&lt;/td&gt;
&lt;/tr&gt;
&lt;tr&gt;
&lt;td&gt;Applications.Datastores/sqlDatabases&lt;/td&gt;
&lt;td style=&#34;text-align:center&#34;&gt;LIST/GET/PUT/PATCH/DELETE&lt;/td&gt;
&lt;td&gt;Synchronous&lt;/td&gt;
&lt;td&gt;default&lt;/td&gt;
&lt;td&gt;&lt;/td&gt;
&lt;/tr&gt;
&lt;tr&gt;
&lt;td&gt;Applications.Datastores/sqlDatabases&lt;/td&gt;
&lt;td style=&#34;text-align:center&#34;&gt;POST ListSecret&lt;/td&gt;
&lt;td&gt;Synchronous&lt;/td&gt;
&lt;td&gt;default&lt;/td&gt;
&lt;td&gt;&lt;/td&gt;
&lt;/tr&gt;
&lt;/tbody&gt;
&lt;/table&gt;

      </description>
    </item>
    
    <item>
      <title>Reference: UCP API reference</title>
      <link>https://docs.radapp.io/reference/api/api-ucp/</link>
      <pubDate>Mon, 01 Jan 0001 00:00:00 +0000</pubDate>
      
      <guid>https://docs.radapp.io/reference/api/api-ucp/</guid>
      <description>
        
        
        
  
    
&lt;style&gt;
  #redoc input {
    height: 64px;
  }

  #redoc span[type=&#34;put&#34;],
  span[type=&#34;get&#34;],
  span[type=&#34;delete&#34;],
  span[type=&#34;post&#34;],
  span[type=&#34;options&#34;],
  span[type=&#34;patch&#34;],
  span[type=&#34;basic&#34;],
  span[type=&#34;link&#34;],
  span[type=&#34;head&#34;] {
    border-radius: 4px;
  }

  #redoc h2 {
    margin-top: 0px;
  }
&lt;/style&gt;


&lt;style&gt;
  #myBtn {
    display: none;
    position: fixed;
    bottom: 20px;
    right: 30px;
    z-index: 99;
    font-size: 18px;
    border: none;
    outline: none;
    background-color: #30638E;
    color: white;
    cursor: pointer;
    padding: 15px;
    border-radius: 4px;
  }

  #myBtn:hover {
    background-color: #555;
  }
&lt;/style&gt;
&lt;button onclick=&#34;topFunction()&#34; id=&#34;myBtn&#34; title=&#34;Go to top&#34;&gt;Top&lt;/button&gt;
&lt;script&gt;
  
  var mybutton = document.getElementById(&#34;myBtn&#34;);

  
  window.onscroll = function () { scrollFunction() };

  function scrollFunction() {
    if (document.body.scrollTop &gt; 20 || document.documentElement.scrollTop &gt; 20) {
      mybutton.style.display = &#34;block&#34;;
    } else {
      mybutton.style.display = &#34;none&#34;;
    }
  }

  
  function topFunction() {
    document.body.scrollTop = 0;
    document.documentElement.scrollTop = 0;
  }
&lt;/script&gt;



&lt;style&gt;
  body {
    margin: 0;
    padding: 0;
  }
&lt;/style&gt;


&lt;div id=&#34;redoc-container&#34;&gt;&lt;/div&gt;


&lt;script src=&#34;https://cdn.jsdelivr.net/npm/redoc@latest/bundles/redoc.standalone.js&#34;&gt;&lt;/script&gt;


&lt;script&gt;
  Redoc.init(
    &#39;https:\/\/docs.radapp.io\/swagger\/specification\/ucp\/resource-manager\/UCP\/preview\/2023-10-01-preview\/openapi.json&#39;,
    {
      hideHostname: true,
      nativeScrollbars: true,
      scrollYOffset: &#34;.js-navbar-scroll&#34;
    },
    document.getElementById(&#39;redoc-container&#39;)
  )
&lt;/script&gt;  

      </description>
    </item>
    
  </channel>
</rss>
