<rss version="2.0" xmlns:atom="http://www.w3.org/2005/Atom">
  <channel>
    <title>Radius Docs – Reference</title>
    <link>https://docs.radapp.io/categories/reference/</link>
    <description>Recent content in Reference on Radius Docs</description>
    <generator>Hugo -- gohugo.io</generator>
    <language>en-us</language>
    
	  <atom:link href="https://docs.radapp.io/categories/reference/index.xml" rel="self" type="application/rss+xml" />
    
    
      
        
      
    
    
    <item>
      <title>Reference: Reference: Recipe context object schema</title>
      <link>https://docs.radapp.io/reference/context-schema/</link>
      <pubDate>Mon, 01 Jan 0001 00:00:00 +0000</pubDate>
      
      <guid>https://docs.radapp.io/reference/context-schema/</guid>
      <description>
        
        
        &lt;p&gt;The &lt;code&gt;context&lt;/code&gt; object is automatically injected to Bicep templates when a Recipe is run. It contains information about the runtime, environment, application, and resource from which the Recipe was run. This enables you to author templates that can be used as Recipes. For more information visit the &lt;a href=&#34;https://docs.radapp.io/guides/recipes/howto-author-recipes/&#34;&gt;Recipe authoring how-to guide&lt;/a&gt;.&lt;/p&gt;
&lt;h2 id=&#34;usage&#34;&gt;Usage&lt;/h2&gt;
&lt;ul class=&#34;nav nav-tabs&#34; id=&#34;tabs-1&#34; role=&#34;tablist&#34;&gt;&lt;li class=&#34;nav-item&#34;&gt;&lt;a class=&#34;nav-link active&#34;
    id=&#34;tabs-1-bicep-tab&#34; data-toggle=&#34;tab&#34; href=&#34;#tabs-1-bicep&#34; role=&#34;tab&#34;
    aria-controls=&#34;tabs-1-bicep&#34; aria-selected=&#34;true&#34;&gt;
    Bicep
  &lt;/a&gt;
  &lt;/li&gt;&lt;/ul&gt;


&lt;div class=&#34;tab-content&#34; id=&#34;tabs-1-content&#34;&gt;


&lt;div class=&#34;tab-pane fade show active&#34; id=&#34;tabs-1-bicep&#34; role=&#34;tabpanel&#34; aria-labelled-by=&#34;tabs-1-bicep-tab&#34;&gt;
&lt;br /&gt;













    

    

&lt;div class=&#34;highlight&#34;&gt;&lt;pre tabindex=&#34;0&#34; style=&#34;color:#f8f8f2;background-color:#272822;-moz-tab-size:4;-o-tab-size:4;tab-size:4;&#34;&gt;&lt;code class=&#34;language-bicep&#34; data-lang=&#34;bicep&#34;&gt;&lt;span style=&#34;display:flex;&#34;&gt;&lt;span&gt;@&lt;span style=&#34;color:#a6e22e&#34;&gt;description&lt;/span&gt;(&lt;span style=&#34;color:#e6db74&#34;&gt;&amp;#39;Radius-provided object containing information about the resource calling the Recipe&amp;#39;&lt;/span&gt;)
&lt;/span&gt;&lt;/span&gt;&lt;span style=&#34;display:flex;&#34;&gt;&lt;span&gt;&lt;span style=&#34;color:#66d9ef&#34;&gt;param&lt;/span&gt; context &lt;span style=&#34;color:#66d9ef&#34;&gt;object&lt;/span&gt;
&lt;/span&gt;&lt;/span&gt;&lt;span style=&#34;display:flex;&#34;&gt;&lt;span&gt;
&lt;/span&gt;&lt;/span&gt;&lt;span style=&#34;display:flex;&#34;&gt;&lt;span&gt;&lt;span style=&#34;color:#66d9ef&#34;&gt;var&lt;/span&gt; resourceName = context.&lt;span style=&#34;color:#66d9ef&#34;&gt;resource&lt;/span&gt;.name
&lt;/span&gt;&lt;/span&gt;&lt;span style=&#34;display:flex;&#34;&gt;&lt;span&gt;&lt;span style=&#34;color:#66d9ef&#34;&gt;var&lt;/span&gt; namespace = context.runtime.kubernetes.namespace
&lt;/span&gt;&lt;/span&gt;&lt;/code&gt;&lt;/pre&gt;&lt;/div&gt;



&lt;/div&gt;


&lt;/div&gt;
&lt;table&gt;
&lt;thead&gt;
&lt;tr&gt;
&lt;th&gt;Key&lt;/th&gt;
&lt;th&gt;Type&lt;/th&gt;
&lt;th&gt;Description&lt;/th&gt;
&lt;/tr&gt;
&lt;/thead&gt;
&lt;tbody&gt;
&lt;tr&gt;
&lt;td&gt;&lt;a href=&#34;#resource&#34;&gt;&lt;code&gt;resource&lt;/code&gt;&lt;/a&gt;&lt;/td&gt;
&lt;td&gt;object&lt;/td&gt;
&lt;td&gt;Represents the resource metadata of the deploying recipe resource.&lt;/td&gt;
&lt;/tr&gt;
&lt;tr&gt;
&lt;td&gt;&lt;a href=&#34;#application&#34;&gt;&lt;code&gt;application&lt;/code&gt;&lt;/a&gt;&lt;/td&gt;
&lt;td&gt;object&lt;/td&gt;
&lt;td&gt;Represents application metadata.&lt;/td&gt;
&lt;/tr&gt;
&lt;tr&gt;
&lt;td&gt;&lt;a href=&#34;#environment&#34;&gt;&lt;code&gt;environment&lt;/code&gt;&lt;/a&gt;&lt;/td&gt;
&lt;td&gt;object&lt;/td&gt;
&lt;td&gt;Represents environment metadata.&lt;/td&gt;
&lt;/tr&gt;
&lt;tr&gt;
&lt;td&gt;&lt;a href=&#34;#runtime&#34;&gt;&lt;code&gt;runtime&lt;/code&gt;&lt;/a&gt;&lt;/td&gt;
&lt;td&gt;object&lt;/td&gt;
&lt;td&gt;An object containing information on the underlying runtime.&lt;/td&gt;
&lt;/tr&gt;
&lt;tr&gt;
&lt;td&gt;&lt;a href=&#34;#azure&#34;&gt;&lt;code&gt;azure&lt;/code&gt;&lt;/a&gt;&lt;/td&gt;
&lt;td&gt;object&lt;/td&gt;
&lt;td&gt;Represents Azure provider scope metadata.&lt;/td&gt;
&lt;/tr&gt;
&lt;tr&gt;
&lt;td&gt;&lt;a href=&#34;#aws&#34;&gt;&lt;code&gt;aws&lt;/code&gt;&lt;/a&gt;&lt;/td&gt;
&lt;td&gt;object&lt;/td&gt;
&lt;td&gt;Represents AWS provider scope metadata.&lt;/td&gt;
&lt;/tr&gt;
&lt;/tbody&gt;
&lt;/table&gt;
&lt;h3 id=&#34;resource&#34;&gt;resource&lt;/h3&gt;
&lt;table&gt;
&lt;thead&gt;
&lt;tr&gt;
&lt;th&gt;Key&lt;/th&gt;
&lt;th&gt;Type&lt;/th&gt;
&lt;th&gt;Description&lt;/th&gt;
&lt;th&gt;Example&lt;/th&gt;
&lt;/tr&gt;
&lt;/thead&gt;
&lt;tbody&gt;
&lt;tr&gt;
&lt;td&gt;&lt;code&gt;name&lt;/code&gt;&lt;/td&gt;
&lt;td&gt;string&lt;/td&gt;
&lt;td&gt;The name of the resource calling this Recipe&lt;/td&gt;
&lt;td&gt;&lt;code&gt;myredis&lt;/code&gt;&lt;/td&gt;
&lt;/tr&gt;
&lt;tr&gt;
&lt;td&gt;&lt;code&gt;id&lt;/code&gt;&lt;/td&gt;
&lt;td&gt;string&lt;/td&gt;
&lt;td&gt;The ID of the resource calling this Recipe&lt;/td&gt;
&lt;td&gt;&lt;code&gt;/planes/radius/resourceGroups/myrg/Applications.Link/redisCaches/myredis&lt;/code&gt;&lt;/td&gt;
&lt;/tr&gt;
&lt;tr&gt;
&lt;td&gt;&lt;code&gt;type&lt;/code&gt;&lt;/td&gt;
&lt;td&gt;string&lt;/td&gt;
&lt;td&gt;The type of the resource calling this recipe&lt;/td&gt;
&lt;td&gt;&lt;code&gt;Applications.Link/redisCaches&lt;/code&gt;&lt;/td&gt;
&lt;/tr&gt;
&lt;/tbody&gt;
&lt;/table&gt;
&lt;h3 id=&#34;application&#34;&gt;application&lt;/h3&gt;
&lt;table&gt;
&lt;thead&gt;
&lt;tr&gt;
&lt;th&gt;Key&lt;/th&gt;
&lt;th&gt;Type&lt;/th&gt;
&lt;th&gt;Description&lt;/th&gt;
&lt;th&gt;Example&lt;/th&gt;
&lt;/tr&gt;
&lt;/thead&gt;
&lt;tbody&gt;
&lt;tr&gt;
&lt;td&gt;&lt;code&gt;name&lt;/code&gt;&lt;/td&gt;
&lt;td&gt;string&lt;/td&gt;
&lt;td&gt;The name of the application&lt;/td&gt;
&lt;td&gt;&lt;code&gt;myapp&lt;/code&gt;&lt;/td&gt;
&lt;/tr&gt;
&lt;tr&gt;
&lt;td&gt;&lt;code&gt;id&lt;/code&gt;&lt;/td&gt;
&lt;td&gt;string&lt;/td&gt;
&lt;td&gt;The resource ID of the application&lt;/td&gt;
&lt;td&gt;&lt;code&gt;/planes/radius/resourceGroups/myrg/Applications.Core/applications/myapp&lt;/code&gt;&lt;/td&gt;
&lt;/tr&gt;
&lt;/tbody&gt;
&lt;/table&gt;
&lt;h3 id=&#34;environment&#34;&gt;environment&lt;/h3&gt;
&lt;table&gt;
&lt;thead&gt;
&lt;tr&gt;
&lt;th&gt;Key&lt;/th&gt;
&lt;th&gt;Type&lt;/th&gt;
&lt;th&gt;Description&lt;/th&gt;
&lt;th&gt;Example&lt;/th&gt;
&lt;/tr&gt;
&lt;/thead&gt;
&lt;tbody&gt;
&lt;tr&gt;
&lt;td&gt;&lt;code&gt;name&lt;/code&gt;&lt;/td&gt;
&lt;td&gt;string&lt;/td&gt;
&lt;td&gt;The name of the environment&lt;/td&gt;
&lt;td&gt;&lt;code&gt;myenv&lt;/code&gt;&lt;/td&gt;
&lt;/tr&gt;
&lt;tr&gt;
&lt;td&gt;&lt;code&gt;id&lt;/code&gt;&lt;/td&gt;
&lt;td&gt;string&lt;/td&gt;
&lt;td&gt;The resource ID of the environment&lt;/td&gt;
&lt;td&gt;&lt;code&gt;/planes/radius/resourceGroups/myrg/Applications.Core/environments/myenv&lt;/code&gt;&lt;/td&gt;
&lt;/tr&gt;
&lt;/tbody&gt;
&lt;/table&gt;
&lt;h3 id=&#34;runtime&#34;&gt;runtime&lt;/h3&gt;
&lt;table&gt;
&lt;thead&gt;
&lt;tr&gt;
&lt;th&gt;Key&lt;/th&gt;
&lt;th&gt;Type&lt;/th&gt;
&lt;th&gt;Description&lt;/th&gt;
&lt;/tr&gt;
&lt;/thead&gt;
&lt;tbody&gt;
&lt;tr&gt;
&lt;td&gt;&lt;a href=&#34;#kubernetes&#34;&gt;&lt;code&gt;kubernetes&lt;/code&gt;&lt;/a&gt;&lt;/td&gt;
&lt;td&gt;object&lt;/td&gt;
&lt;td&gt;An object with details of the underlying Kubernetes cluster, if configured on the environment&lt;/td&gt;
&lt;/tr&gt;
&lt;/tbody&gt;
&lt;/table&gt;
&lt;h4 id=&#34;kubernetes&#34;&gt;kubernetes&lt;/h4&gt;
&lt;table&gt;
&lt;thead&gt;
&lt;tr&gt;
&lt;th&gt;Key&lt;/th&gt;
&lt;th&gt;Type&lt;/th&gt;
&lt;th&gt;Description&lt;/th&gt;
&lt;/tr&gt;
&lt;/thead&gt;
&lt;tbody&gt;
&lt;tr&gt;
&lt;td&gt;&lt;code&gt;namespace&lt;/code&gt;&lt;/td&gt;
&lt;td&gt;string&lt;/td&gt;
&lt;td&gt;Set to the application&amp;rsquo;s namespace when the resource is application-scoped, and set to the environment&amp;rsquo;s namespace when the resource is environment scoped.&lt;/td&gt;
&lt;/tr&gt;
&lt;tr&gt;
&lt;td&gt;&lt;code&gt;environmentNamespace&lt;/code&gt;&lt;/td&gt;
&lt;td&gt;string&lt;/td&gt;
&lt;td&gt;Set to the environment&amp;rsquo;s namespace.&lt;/td&gt;
&lt;/tr&gt;
&lt;/tbody&gt;
&lt;/table&gt;
&lt;h3 id=&#34;azure&#34;&gt;azure&lt;/h3&gt;
&lt;table&gt;
&lt;thead&gt;
&lt;tr&gt;
&lt;th&gt;Key&lt;/th&gt;
&lt;th&gt;Type&lt;/th&gt;
&lt;th&gt;Description&lt;/th&gt;
&lt;/tr&gt;
&lt;/thead&gt;
&lt;tbody&gt;
&lt;tr&gt;
&lt;td&gt;&lt;a href=&#34;#resourceGroup&#34;&gt;&lt;code&gt;resourceGroup&lt;/code&gt;&lt;/a&gt;&lt;/td&gt;
&lt;td&gt;object&lt;/td&gt;
&lt;td&gt;An object with details of the Azure Resource Group provider information, if configured on the environment&lt;/td&gt;
&lt;/tr&gt;
&lt;tr&gt;
&lt;td&gt;&lt;a href=&#34;#subscription&#34;&gt;&lt;code&gt;subscription&lt;/code&gt;&lt;/a&gt;&lt;/td&gt;
&lt;td&gt;object&lt;/td&gt;
&lt;td&gt;An object with details of the Azure Subscription provider information, if configured on the environment&lt;/td&gt;
&lt;/tr&gt;
&lt;/tbody&gt;
&lt;/table&gt;
&lt;h4 id=&#34;resourcegroup&#34;&gt;resourceGroup&lt;/h4&gt;
&lt;table&gt;
&lt;thead&gt;
&lt;tr&gt;
&lt;th&gt;Key&lt;/th&gt;
&lt;th&gt;Type&lt;/th&gt;
&lt;th&gt;Description&lt;/th&gt;
&lt;/tr&gt;
&lt;/thead&gt;
&lt;tbody&gt;
&lt;tr&gt;
&lt;td&gt;&lt;code&gt;name&lt;/code&gt;&lt;/td&gt;
&lt;td&gt;string&lt;/td&gt;
&lt;td&gt;The resource group name.&lt;/td&gt;
&lt;/tr&gt;
&lt;tr&gt;
&lt;td&gt;&lt;code&gt;id&lt;/code&gt;&lt;/td&gt;
&lt;td&gt;string&lt;/td&gt;
&lt;td&gt;Represents fully qualified resource group id.&lt;/td&gt;
&lt;/tr&gt;
&lt;/tbody&gt;
&lt;/table&gt;
&lt;h4 id=&#34;subscription&#34;&gt;subscription&lt;/h4&gt;
&lt;table&gt;
&lt;thead&gt;
&lt;tr&gt;
&lt;th&gt;Key&lt;/th&gt;
&lt;th&gt;Type&lt;/th&gt;
&lt;th&gt;Description&lt;/th&gt;
&lt;/tr&gt;
&lt;/thead&gt;
&lt;tbody&gt;
&lt;tr&gt;
&lt;td&gt;&lt;code&gt;subscriptionId&lt;/code&gt;&lt;/td&gt;
&lt;td&gt;string&lt;/td&gt;
&lt;td&gt;The GUID of the subscription.&lt;/td&gt;
&lt;/tr&gt;
&lt;tr&gt;
&lt;td&gt;&lt;code&gt;id&lt;/code&gt;&lt;/td&gt;
&lt;td&gt;string&lt;/td&gt;
&lt;td&gt;Represents fully qualified subscription id.&lt;/td&gt;
&lt;/tr&gt;
&lt;/tbody&gt;
&lt;/table&gt;
&lt;h3 id=&#34;aws&#34;&gt;aws&lt;/h3&gt;
&lt;table&gt;
&lt;thead&gt;
&lt;tr&gt;
&lt;th&gt;Key&lt;/th&gt;
&lt;th&gt;Type&lt;/th&gt;
&lt;th&gt;Description&lt;/th&gt;
&lt;/tr&gt;
&lt;/thead&gt;
&lt;tbody&gt;
&lt;tr&gt;
&lt;td&gt;&lt;code&gt;region&lt;/code&gt;&lt;/td&gt;
&lt;td&gt;string&lt;/td&gt;
&lt;td&gt;Represents the region where AWS resources are deployed.&lt;/td&gt;
&lt;/tr&gt;
&lt;tr&gt;
&lt;td&gt;&lt;code&gt;account&lt;/code&gt;&lt;/td&gt;
&lt;td&gt;string&lt;/td&gt;
&lt;td&gt;Represents the account id of the AWS account.&lt;/td&gt;
&lt;/tr&gt;
&lt;/tbody&gt;
&lt;/table&gt;

      </description>
    </item>
    
    <item>
      <title>Reference: Reference: Available Radius metrics</title>
      <link>https://docs.radapp.io/reference/metrics/</link>
      <pubDate>Mon, 01 Jan 0001 00:00:00 +0000</pubDate>
      
      <guid>https://docs.radapp.io/reference/metrics/</guid>
      <description>
        
        
        &lt;p&gt;Radius currently records following custom metrics that provide insight into its health and operations:&lt;/p&gt;
&lt;ul&gt;
&lt;li&gt;&lt;a href=&#34;#async-operation-metrics&#34;&gt;Radius async operation metrics&lt;/a&gt;&lt;/li&gt;
&lt;li&gt;&lt;a href=&#34;#recipe-metrics&#34;&gt;Radius recipe metrics&lt;/a&gt;&lt;/li&gt;
&lt;/ul&gt;
&lt;p&gt;In addition, Radius uses otelhttp meter provider. Therefore all of the HTTP metrics documented at &lt;a href=&#34;https://github.com/open-telemetry/opentelemetry-specification/blob/main/specification/metrics/semantic_conventions/http-metrics.md&#34;&gt;otelhttp metrics&lt;/a&gt; are also available.&lt;/p&gt;
&lt;h2 id=&#34;async-operation-metrics&#34;&gt;Async operation metrics&lt;/h2&gt;
&lt;table&gt;
&lt;thead&gt;
&lt;tr&gt;
&lt;th&gt;Metrics Name&lt;/th&gt;
&lt;th&gt;Description&lt;/th&gt;
&lt;/tr&gt;
&lt;/thead&gt;
&lt;tbody&gt;
&lt;tr&gt;
&lt;td&gt;&lt;code&gt;asyncoperation.operation&lt;/code&gt;&lt;/td&gt;
&lt;td&gt;Total async operation count&lt;/td&gt;
&lt;/tr&gt;
&lt;tr&gt;
&lt;td&gt;&lt;code&gt;asyncoperation.queued.operation&lt;/code&gt;&lt;/td&gt;
&lt;td&gt;Number of queued async operation&lt;/td&gt;
&lt;/tr&gt;
&lt;tr&gt;
&lt;td&gt;&lt;code&gt;asyncoperation.extended.operation&lt;/code&gt;&lt;/td&gt;
&lt;td&gt;Number of extended async operation that are extended&lt;/td&gt;
&lt;/tr&gt;
&lt;tr&gt;
&lt;td&gt;&lt;code&gt;asyncoperation.duration&lt;/code&gt;&lt;/td&gt;
&lt;td&gt;Async operation duration in milliseconds&lt;/td&gt;
&lt;/tr&gt;
&lt;/tbody&gt;
&lt;/table&gt;
&lt;h2 id=&#34;recipe-engine-metrics&#34;&gt;Recipe Engine metrics&lt;/h2&gt;
&lt;table&gt;
&lt;thead&gt;
&lt;tr&gt;
&lt;th&gt;Metrics Name&lt;/th&gt;
&lt;th&gt;Description&lt;/th&gt;
&lt;/tr&gt;
&lt;/thead&gt;
&lt;tbody&gt;
&lt;tr&gt;
&lt;td&gt;&lt;code&gt;recipe.operation.duration&lt;/code&gt;&lt;/td&gt;
&lt;td&gt;Recipe engine operation duration in milliseconds&lt;/td&gt;
&lt;/tr&gt;
&lt;tr&gt;
&lt;td&gt;&lt;code&gt;recipe.download.duration&lt;/code&gt;&lt;/td&gt;
&lt;td&gt;Recipe download duration in milliseconds&lt;/td&gt;
&lt;/tr&gt;
&lt;tr&gt;
&lt;td&gt;&lt;code&gt;recipe.tf.installation.duration&lt;/code&gt;&lt;/td&gt;
&lt;td&gt;Terraform installation duration in milliseconds&lt;/td&gt;
&lt;/tr&gt;
&lt;tr&gt;
&lt;td&gt;&lt;code&gt;recipe.tf.init.duration&lt;/code&gt;&lt;/td&gt;
&lt;td&gt;Terraform initialization duration&lt;/td&gt;
&lt;/tr&gt;
&lt;/tbody&gt;
&lt;/table&gt;

      </description>
    </item>
    
  </channel>
</rss>
