<rss version="2.0" xmlns:atom="http://www.w3.org/2005/Atom">
  <channel>
    <title>Radius Docs – Dapr Secret Store resource</title>
    <link>https://docs.radapp.io/reference/resource-schema/dapr-schema/dapr-secretstore/</link>
    <description>Recent content in Dapr Secret Store resource on Radius Docs</description>
    <generator>Hugo -- gohugo.io</generator>
    <language>en-us</language>
    
	  <atom:link href="https://docs.radapp.io/reference/resource-schema/dapr-schema/dapr-secretstore/index.xml" rel="self" type="application/rss+xml" />
    
    
      
        
      
    
    
  </channel>
</rss>
