<rss version="2.0" xmlns:atom="http://www.w3.org/2005/Atom">
  <channel>
    <title>Radius Docs – Deploying applications</title>
    <link>https://docs.radapp.io/guides/deploy-apps/</link>
    <description>Recent content in Deploying applications on Radius Docs</description>
    <generator>Hugo -- gohugo.io</generator>
    <language>en-us</language>
    
	  <atom:link href="https://docs.radapp.io/guides/deploy-apps/index.xml" rel="self" type="application/rss+xml" />
    
    
      
        
      
    
    
    <item>
      <title>Guides: Radius Environments</title>
      <link>https://docs.radapp.io/guides/deploy-apps/environments/</link>
      <pubDate>Mon, 01 Jan 0001 00:00:00 +0000</pubDate>
      
      <guid>https://docs.radapp.io/guides/deploy-apps/environments/</guid>
      <description>
        
        
        
      </description>
    </item>
    
    <item>
      <title>Guides: Deploying applications</title>
      <link>https://docs.radapp.io/guides/deploy-apps/howto-deploy/</link>
      <pubDate>Mon, 01 Jan 0001 00:00:00 +0000</pubDate>
      
      <guid>https://docs.radapp.io/guides/deploy-apps/howto-deploy/</guid>
      <description>
        
        
        
      </description>
    </item>
    
    <item>
      <title>Guides: How-To: Delete an application from a Radius Environment</title>
      <link>https://docs.radapp.io/guides/deploy-apps/howto-delete/</link>
      <pubDate>Mon, 01 Jan 0001 00:00:00 +0000</pubDate>
      
      <guid>https://docs.radapp.io/guides/deploy-apps/howto-delete/</guid>
      <description>
        
        
        &lt;h2 id=&#34;pre-requisites&#34;&gt;Pre-requisites&lt;/h2&gt;
&lt;ul&gt;
&lt;li&gt;A &lt;a href=&#34;https://docs.radapp.io/guides/deploy-apps/&#34;&gt;deployed application&lt;/a&gt; in a Radius Environment.&lt;/li&gt;
&lt;/ul&gt;
&lt;h2 id=&#34;step-1-delete-the-radius-application-from-the-environment&#34;&gt;Step 1: Delete the Radius Application from the environment&lt;/h2&gt;
&lt;p&gt;You can delete the Radius Application using the &lt;a href=&#34;https://docs.radapp.io/reference/cli/rad_application_delete/&#34;&gt;&lt;code&gt;rad app delete&lt;/code&gt;&lt;/a&gt; command:&lt;/p&gt;
&lt;div class=&#34;highlight&#34;&gt;&lt;pre tabindex=&#34;0&#34; style=&#34;color:#f8f8f2;background-color:#272822;-moz-tab-size:4;-o-tab-size:4;tab-size:4;&#34;&gt;&lt;code class=&#34;language-bash&#34; data-lang=&#34;bash&#34;&gt;&lt;span style=&#34;display:flex;&#34;&gt;&lt;span&gt;rad app delete &amp;lt;appname&amp;gt;
&lt;/span&gt;&lt;/span&gt;&lt;/code&gt;&lt;/pre&gt;&lt;/div&gt;&lt;p&gt;This will delete the following resources from the Radius Environment&lt;/p&gt;
&lt;ol&gt;
&lt;li&gt;All the resources created by Radius on the Kubernetes cluster under the &lt;code&gt;&amp;lt;namespace-name&amp;gt;-&amp;lt;app-name&amp;gt;&lt;/code&gt; namespace&lt;/li&gt;
&lt;li&gt;All the resources provisioned by Recipes&lt;/li&gt;
&lt;/ol&gt;
&lt;h2 id=&#34;step-2-delete-any-cloudplatform-resources&#34;&gt;Step 2: Delete any cloud/platform resources&lt;/h2&gt;
&lt;p&gt;AWS, Azure, Kubernetes, and any other cloud/platform resources that were deployed alongside your Radius Application and not as part of a Recipe need to be deleted as a separate step.&lt;/p&gt;
&lt;ul class=&#34;nav nav-tabs&#34; id=&#34;tabs-2&#34; role=&#34;tablist&#34;&gt;&lt;li class=&#34;nav-item&#34;&gt;&lt;a class=&#34;nav-link active&#34;
    id=&#34;tabs-2-azure-tab&#34; data-toggle=&#34;tab&#34; href=&#34;#tabs-2-azure&#34; role=&#34;tab&#34;
    aria-controls=&#34;tabs-2-azure&#34; aria-selected=&#34;true&#34;&gt;
    Azure
  &lt;/a&gt;
  &lt;/li&gt;&lt;li class=&#34;nav-item&#34;&gt;&lt;a class=&#34;nav-link&#34;
    id=&#34;tabs-2-aws-tab&#34; data-toggle=&#34;tab&#34; href=&#34;#tabs-2-aws&#34; role=&#34;tab&#34;
    aria-controls=&#34;tabs-2-aws&#34; aria-selected=&#34;false&#34;&gt;
    AWS
  &lt;/a&gt;
  &lt;/li&gt;&lt;li class=&#34;nav-item&#34;&gt;&lt;a class=&#34;nav-link&#34;
    id=&#34;tabs-2-kubernetes-tab&#34; data-toggle=&#34;tab&#34; href=&#34;#tabs-2-kubernetes&#34; role=&#34;tab&#34;
    aria-controls=&#34;tabs-2-kubernetes&#34; aria-selected=&#34;false&#34;&gt;
    Kubernetes
  &lt;/a&gt;
  &lt;/li&gt;&lt;/ul&gt;


&lt;div class=&#34;tab-content&#34; id=&#34;tabs-2-content&#34;&gt;


&lt;div class=&#34;tab-pane fade show active&#34; id=&#34;tabs-2-azure&#34; role=&#34;tabpanel&#34; aria-labelled-by=&#34;tabs-2-azure-tab&#34;&gt;
&lt;br /&gt;&lt;p&gt;Azure resources can be deleted via the &lt;a href=&#34;https://portal.azure.com/&#34;&gt;Azure portal&lt;/a&gt; or the &lt;a href=&#34;https://learn.microsoft.com/cli/azure/resource?view=azure-cli-latest#az-resource-delete&#34;&gt;Azure CLI&lt;/a&gt;.&lt;/p&gt;
&lt;/div&gt;

&lt;div class=&#34;tab-pane fade&#34; id=&#34;tabs-2-aws&#34; role=&#34;tabpanel&#34; aria-labelled-by=&#34;tabs-2-aws-tab&#34;&gt;
&lt;br /&gt;&lt;p&gt;AWS resources can be deleted via the &lt;a href=&#34;https://aws.amazon.com/console/&#34;&gt;AWS console&lt;/a&gt; or the &lt;a href=&#34;https://docs.aws.amazon.com/cli/latest/reference/cloudcontrol/delete-resource.html&#34;&gt;AWS CLI&lt;/a&gt;.&lt;/p&gt;
&lt;/div&gt;

&lt;div class=&#34;tab-pane fade&#34; id=&#34;tabs-2-kubernetes&#34; role=&#34;tabpanel&#34; aria-labelled-by=&#34;tabs-2-kubernetes-tab&#34;&gt;
&lt;br /&gt;&lt;p&gt;Kubernetes resources can be deleted via &lt;a href=&#34;https://kubernetes.io/docs/reference/kubectl/cheatsheet/#deleting-resources&#34;&gt;kubectl delete&lt;/a&gt;.&lt;/p&gt;
&lt;/div&gt;


&lt;/div&gt;

      </description>
    </item>
    
    <item>
      <title>Guides: How-To: Troubleshoot applications</title>
      <link>https://docs.radapp.io/guides/deploy-apps/howto-troubleshootapps/</link>
      <pubDate>Mon, 01 Jan 0001 00:00:00 +0000</pubDate>
      
      <guid>https://docs.radapp.io/guides/deploy-apps/howto-troubleshootapps/</guid>
      <description>
        
        
        &lt;h2 id=&#34;pre-requisites&#34;&gt;Pre-requisites&lt;/h2&gt;
&lt;ul&gt;
&lt;li&gt;A &lt;a href=&#34;https://docs.radapp.io/guides/deploy-apps/&#34;&gt;deployed application&lt;/a&gt; in a Radius Environment.&lt;/li&gt;
&lt;/ul&gt;
&lt;h2 id=&#34;step-1-port-forward-container-to-your-local-machine&#34;&gt;Step 1: Port-forward container to your local machine&lt;/h2&gt;
&lt;p&gt;Use the below command to port-forward the container to your local machine. This enables you to access the container from your local machine.&lt;/p&gt;
&lt;div class=&#34;highlight&#34;&gt;&lt;pre tabindex=&#34;0&#34; style=&#34;color:#f8f8f2;background-color:#272822;-moz-tab-size:4;-o-tab-size:4;tab-size:4;&#34;&gt;&lt;code class=&#34;language-bash&#34; data-lang=&#34;bash&#34;&gt;&lt;span style=&#34;display:flex;&#34;&gt;&lt;span&gt;rad resource expose containers &amp;lt;container_name&amp;gt; -a &amp;lt;app_name&amp;gt; --port &amp;lt;port_number&amp;gt;
&lt;/span&gt;&lt;/span&gt;&lt;/code&gt;&lt;/pre&gt;&lt;/div&gt;&lt;p&gt;Refer to &lt;a href=&#34;https://docs.radapp.io/reference/cli/rad_resource_expose/&#34;&gt;&lt;code&gt;rad resource expose&lt;/code&gt;&lt;/a&gt; for more details on the command.&lt;/p&gt;
&lt;h2 id=&#34;step-2-inspect-container-logs&#34;&gt;Step 2: Inspect container logs&lt;/h2&gt;
&lt;p&gt;If your Radius Application is unresponsive or does not connect to its dependencies, Use the below command to inspect logs from container:&lt;/p&gt;
&lt;div class=&#34;highlight&#34;&gt;&lt;pre tabindex=&#34;0&#34; style=&#34;color:#f8f8f2;background-color:#272822;-moz-tab-size:4;-o-tab-size:4;tab-size:4;&#34;&gt;&lt;code class=&#34;language-bash&#34; data-lang=&#34;bash&#34;&gt;&lt;span style=&#34;display:flex;&#34;&gt;&lt;span&gt;rad resource logs containers &amp;lt;container_name&amp;gt; -a &amp;lt;app_name&amp;gt;
&lt;/span&gt;&lt;/span&gt;&lt;/code&gt;&lt;/pre&gt;&lt;/div&gt;&lt;blockquote&gt;
&lt;p&gt;Also refer to the &lt;a href=&#34;https://docs.radapp.io/guides/author-apps/containers/overview/#connections&#34;&gt;connections section&lt;/a&gt; to know about the naming convention of the environment variables and inspect if your application uses the right variables.&lt;/p&gt;
&lt;/blockquote&gt;
&lt;h2 id=&#34;step-3-inspect-control-plane-logs&#34;&gt;Step 3: Inspect control-plane logs&lt;/h2&gt;
&lt;p&gt;If you hit errors while deploying the application, look at the control plane logs to see if there are any errors. You can use the following command to view the logs:&lt;/p&gt;
&lt;div class=&#34;highlight&#34;&gt;&lt;pre tabindex=&#34;0&#34; style=&#34;color:#f8f8f2;background-color:#272822;-moz-tab-size:4;-o-tab-size:4;tab-size:4;&#34;&gt;&lt;code class=&#34;language-bash&#34; data-lang=&#34;bash&#34;&gt;&lt;span style=&#34;display:flex;&#34;&gt;&lt;span&gt;rad debug-logs
&lt;/span&gt;&lt;/span&gt;&lt;/code&gt;&lt;/pre&gt;&lt;/div&gt;&lt;p&gt;Inspect the UCP and DE logs to see if there are any errors&lt;/p&gt;
&lt;blockquote&gt;
&lt;p&gt;Also make sure to &lt;a href=&#34;https://github.com/radius-project/radius/issues/new/choose&#34;&gt;open an Issue&lt;/a&gt; if you encounter a generic &lt;code&gt;Internal server error&lt;/code&gt; message or an error message that is not self-serviceable, so we can address the root error not being forwarded to the user.&lt;/p&gt;
&lt;/blockquote&gt;

      </description>
    </item>
    
  </channel>
</rss>
