<rss version="2.0" xmlns:atom="http://www.w3.org/2005/Atom">
  <channel>
    <title>Radius Docs – Database links</title>
    <link>https://docs.radapp.io/reference/resource-schema/databases/</link>
    <description>Recent content in Database links on Radius Docs</description>
    <generator>Hugo -- gohugo.io</generator>
    <language>en-us</language>
    
	  <atom:link href="https://docs.radapp.io/reference/resource-schema/databases/index.xml" rel="self" type="application/rss+xml" />
    
    
      
        
      
    
    
    <item>
      <title>Reference: Microsoft SQL Server database</title>
      <link>https://docs.radapp.io/reference/resource-schema/databases/microsoft-sql/</link>
      <pubDate>Mon, 01 Jan 0001 00:00:00 +0000</pubDate>
      
      <guid>https://docs.radapp.io/reference/resource-schema/databases/microsoft-sql/</guid>
      <description>
        
        
        &lt;h2 id=&#34;overview&#34;&gt;Overview&lt;/h2&gt;
&lt;p&gt;This application showcases how Radius can use a user-managed Azure SQL Database.&lt;/p&gt;
&lt;h2 id=&#34;resource-format&#34;&gt;Resource format&lt;/h2&gt;
&lt;ul class=&#34;nav nav-tabs&#34; id=&#34;tabs-0&#34; role=&#34;tablist&#34;&gt;&lt;li class=&#34;nav-item&#34;&gt;&lt;a class=&#34;nav-link active&#34;
    id=&#34;tabs-0-recipe-tab&#34; data-toggle=&#34;tab&#34; href=&#34;#tabs-0-recipe&#34; role=&#34;tab&#34;
    aria-controls=&#34;tabs-0-recipe&#34; aria-selected=&#34;true&#34;&gt;
    Recipe
  &lt;/a&gt;
  &lt;/li&gt;&lt;li class=&#34;nav-item&#34;&gt;&lt;a class=&#34;nav-link&#34;
    id=&#34;tabs-0-manual-tab&#34; data-toggle=&#34;tab&#34; href=&#34;#tabs-0-manual&#34; role=&#34;tab&#34;
    aria-controls=&#34;tabs-0-manual&#34; aria-selected=&#34;false&#34;&gt;
    Manual
  &lt;/a&gt;
  &lt;/li&gt;&lt;/ul&gt;


&lt;div class=&#34;tab-content&#34; id=&#34;tabs-0-content&#34;&gt;


&lt;div class=&#34;tab-pane fade show active&#34; id=&#34;tabs-0-recipe&#34; role=&#34;tabpanel&#34; aria-labelled-by=&#34;tabs-0-recipe-tab&#34;&gt;
&lt;br /&gt;












    
    
    


    

    

    

&lt;div class=&#34;highlight&#34;&gt;&lt;pre tabindex=&#34;0&#34; style=&#34;color:#f8f8f2;background-color:#272822;-moz-tab-size:4;-o-tab-size:4;tab-size:4;&#34;&gt;&lt;code class=&#34;language-bicep&#34; data-lang=&#34;bicep&#34;&gt;&lt;span style=&#34;display:flex;&#34;&gt;&lt;span&gt;&lt;span style=&#34;color:#66d9ef&#34;&gt;resource&lt;/span&gt; db &lt;span style=&#34;color:#e6db74&#34;&gt;&amp;#39;Applications.Datastores/sqlDatabases@2023-10-01-preview&amp;#39;&lt;/span&gt; = {
&lt;/span&gt;&lt;/span&gt;&lt;span style=&#34;display:flex;&#34;&gt;&lt;span&gt;  name: &lt;span style=&#34;color:#e6db74&#34;&gt;&amp;#39;db&amp;#39;&lt;/span&gt;
&lt;/span&gt;&lt;/span&gt;&lt;span style=&#34;display:flex;&#34;&gt;&lt;span&gt;  properties: {
&lt;/span&gt;&lt;/span&gt;&lt;span style=&#34;display:flex;&#34;&gt;&lt;span&gt;    environment: &lt;span style=&#34;color:#a6e22e&#34;&gt;environment&lt;/span&gt;
&lt;/span&gt;&lt;/span&gt;&lt;span style=&#34;display:flex;&#34;&gt;&lt;span&gt;    application: app.id
&lt;/span&gt;&lt;/span&gt;&lt;span style=&#34;display:flex;&#34;&gt;&lt;span&gt;    recipe: {
&lt;/span&gt;&lt;/span&gt;&lt;span style=&#34;display:flex;&#34;&gt;&lt;span&gt;      &lt;span style=&#34;color:#75715e&#34;&gt;// Name a specific Recipe to use&lt;/span&gt;
&lt;/span&gt;&lt;/span&gt;&lt;span style=&#34;display:flex;&#34;&gt;&lt;span&gt;      name: &lt;span style=&#34;color:#e6db74&#34;&gt;&amp;#39;azure-sqldb&amp;#39;&lt;/span&gt;
&lt;/span&gt;&lt;/span&gt;&lt;span style=&#34;display:flex;&#34;&gt;&lt;span&gt;      &lt;span style=&#34;color:#75715e&#34;&gt;// Optionally set recipe parameters if needed (specific to the Recipe)&lt;/span&gt;
&lt;/span&gt;&lt;/span&gt;&lt;span style=&#34;display:flex;&#34;&gt;&lt;span&gt;      parameters: {
&lt;/span&gt;&lt;/span&gt;&lt;span style=&#34;display:flex;&#34;&gt;&lt;span&gt;        server: &lt;span style=&#34;color:#e6db74&#34;&gt;&amp;#39;*******&amp;#39;&lt;/span&gt;
&lt;/span&gt;&lt;/span&gt;&lt;span style=&#34;display:flex;&#34;&gt;&lt;span&gt;      }
&lt;/span&gt;&lt;/span&gt;&lt;span style=&#34;display:flex;&#34;&gt;&lt;span&gt;    }
&lt;/span&gt;&lt;/span&gt;&lt;span style=&#34;display:flex;&#34;&gt;&lt;span&gt;  }
&lt;/span&gt;&lt;/span&gt;&lt;span style=&#34;display:flex;&#34;&gt;&lt;span&gt;}
&lt;/span&gt;&lt;/span&gt;&lt;/code&gt;&lt;/pre&gt;&lt;/div&gt;



&lt;/div&gt;

&lt;div class=&#34;tab-pane fade&#34; id=&#34;tabs-0-manual&#34; role=&#34;tabpanel&#34; aria-labelled-by=&#34;tabs-0-manual-tab&#34;&gt;
&lt;br /&gt;












    
    
    


    

    

    

&lt;div class=&#34;highlight&#34;&gt;&lt;pre tabindex=&#34;0&#34; style=&#34;color:#f8f8f2;background-color:#272822;-moz-tab-size:4;-o-tab-size:4;tab-size:4;&#34;&gt;&lt;code class=&#34;language-bicep&#34; data-lang=&#34;bicep&#34;&gt;&lt;span style=&#34;display:flex;&#34;&gt;&lt;span&gt;&lt;span style=&#34;color:#66d9ef&#34;&gt;resource&lt;/span&gt; db &lt;span style=&#34;color:#e6db74&#34;&gt;&amp;#39;Applications.Datastores/sqlDatabases@2023-10-01-preview&amp;#39;&lt;/span&gt; = {
&lt;/span&gt;&lt;/span&gt;&lt;span style=&#34;display:flex;&#34;&gt;&lt;span&gt;  name: &lt;span style=&#34;color:#e6db74&#34;&gt;&amp;#39;db&amp;#39;&lt;/span&gt;
&lt;/span&gt;&lt;/span&gt;&lt;span style=&#34;display:flex;&#34;&gt;&lt;span&gt;  properties: {
&lt;/span&gt;&lt;/span&gt;&lt;span style=&#34;display:flex;&#34;&gt;&lt;span&gt;    environment: &lt;span style=&#34;color:#a6e22e&#34;&gt;environment&lt;/span&gt;
&lt;/span&gt;&lt;/span&gt;&lt;span style=&#34;display:flex;&#34;&gt;&lt;span&gt;    application: app.id
&lt;/span&gt;&lt;/span&gt;&lt;span style=&#34;display:flex;&#34;&gt;&lt;span&gt;    resourceProvisioning: &lt;span style=&#34;color:#e6db74&#34;&gt;&amp;#39;manual&amp;#39;&lt;/span&gt;
&lt;/span&gt;&lt;/span&gt;&lt;span style=&#34;display:flex;&#34;&gt;&lt;span&gt;    resources:[
&lt;/span&gt;&lt;/span&gt;&lt;span style=&#34;display:flex;&#34;&gt;&lt;span&gt;      {
&lt;/span&gt;&lt;/span&gt;&lt;span style=&#34;display:flex;&#34;&gt;&lt;span&gt;        id: sqldb::dbinner.id
&lt;/span&gt;&lt;/span&gt;&lt;span style=&#34;display:flex;&#34;&gt;&lt;span&gt;      }
&lt;/span&gt;&lt;/span&gt;&lt;span style=&#34;display:flex;&#34;&gt;&lt;span&gt;    ]
&lt;/span&gt;&lt;/span&gt;&lt;span style=&#34;display:flex;&#34;&gt;&lt;span&gt;    server: sqldb.properties.fullyQualifiedDomainName
&lt;/span&gt;&lt;/span&gt;&lt;span style=&#34;display:flex;&#34;&gt;&lt;span&gt;    database: sqldb::dbinner.name
&lt;/span&gt;&lt;/span&gt;&lt;span style=&#34;display:flex;&#34;&gt;&lt;span&gt;    port: port
&lt;/span&gt;&lt;/span&gt;&lt;span style=&#34;display:flex;&#34;&gt;&lt;span&gt;    username: username
&lt;/span&gt;&lt;/span&gt;&lt;span style=&#34;display:flex;&#34;&gt;&lt;span&gt;    secrets:{
&lt;/span&gt;&lt;/span&gt;&lt;span style=&#34;display:flex;&#34;&gt;&lt;span&gt;      password: password
&lt;/span&gt;&lt;/span&gt;&lt;span style=&#34;display:flex;&#34;&gt;&lt;span&gt;      connectionString: &lt;span style=&#34;color:#e6db74&#34;&gt;&amp;#39;Data Source=tcp:${sqldb.properties.fullyQualifiedDomainName},${port};Initial Catalog=${sqldb::dbinner.name};User Id=${username};Password=${password};Encrypt=True;TrustServerCertificate=True&amp;#39;&lt;/span&gt;
&lt;/span&gt;&lt;/span&gt;&lt;span style=&#34;display:flex;&#34;&gt;&lt;span&gt;    }
&lt;/span&gt;&lt;/span&gt;&lt;span style=&#34;display:flex;&#34;&gt;&lt;span&gt;  }
&lt;/span&gt;&lt;/span&gt;&lt;span style=&#34;display:flex;&#34;&gt;&lt;span&gt;}
&lt;/span&gt;&lt;/span&gt;&lt;/code&gt;&lt;/pre&gt;&lt;/div&gt;



&lt;/div&gt;


&lt;/div&gt;
&lt;h3 id=&#34;top-level&#34;&gt;Top-level&lt;/h3&gt;
&lt;table&gt;
&lt;thead&gt;
&lt;tr&gt;
&lt;th&gt;Key&lt;/th&gt;
&lt;th style=&#34;text-align:center&#34;&gt;Required&lt;/th&gt;
&lt;th&gt;Description&lt;/th&gt;
&lt;th&gt;Example&lt;/th&gt;
&lt;/tr&gt;
&lt;/thead&gt;
&lt;tbody&gt;
&lt;tr&gt;
&lt;td&gt;name&lt;/td&gt;
&lt;td style=&#34;text-align:center&#34;&gt;y&lt;/td&gt;
&lt;td&gt;The name of your resource.&lt;/td&gt;
&lt;td&gt;&lt;code&gt;sql&lt;/code&gt;&lt;/td&gt;
&lt;/tr&gt;
&lt;tr&gt;
&lt;td&gt;location&lt;/td&gt;
&lt;td style=&#34;text-align:center&#34;&gt;y&lt;/td&gt;
&lt;td&gt;The location of your resource. See &lt;a href=&#34;https://docs.radapp.io/reference/resource-schema/#common-values&#34;&gt;common values&lt;/a&gt; for more information.&lt;/td&gt;
&lt;td&gt;&lt;code&gt;global&lt;/code&gt;&lt;/td&gt;
&lt;/tr&gt;
&lt;tr&gt;
&lt;td&gt;&lt;a href=&#34;#properties&#34;&gt;properties&lt;/a&gt;&lt;/td&gt;
&lt;td style=&#34;text-align:center&#34;&gt;y&lt;/td&gt;
&lt;td&gt;Properties of the resource.&lt;/td&gt;
&lt;td&gt;&lt;a href=&#34;#properties&#34;&gt;See below&lt;/a&gt;&lt;/td&gt;
&lt;/tr&gt;
&lt;/tbody&gt;
&lt;/table&gt;
&lt;h3 id=&#34;properties&#34;&gt;Properties&lt;/h3&gt;
&lt;table&gt;
&lt;thead&gt;
&lt;tr&gt;
&lt;th&gt;Property&lt;/th&gt;
&lt;th style=&#34;text-align:center&#34;&gt;Required&lt;/th&gt;
&lt;th&gt;Description&lt;/th&gt;
&lt;th&gt;Example(s)&lt;/th&gt;
&lt;/tr&gt;
&lt;/thead&gt;
&lt;tbody&gt;
&lt;tr&gt;
&lt;td&gt;application&lt;/td&gt;
&lt;td style=&#34;text-align:center&#34;&gt;n&lt;/td&gt;
&lt;td&gt;The ID of the application resource this resource belongs to.&lt;/td&gt;
&lt;td&gt;&lt;code&gt;app.id&lt;/code&gt;&lt;/td&gt;
&lt;/tr&gt;
&lt;tr&gt;
&lt;td&gt;environment&lt;/td&gt;
&lt;td style=&#34;text-align:center&#34;&gt;y&lt;/td&gt;
&lt;td&gt;The ID of the environment resource this resource belongs to.&lt;/td&gt;
&lt;td&gt;&lt;code&gt;env.id&lt;/code&gt;&lt;/td&gt;
&lt;/tr&gt;
&lt;tr&gt;
&lt;td&gt;&lt;a href=&#34;#resource-provisioning&#34;&gt;resourceProvisioning&lt;/a&gt;&lt;/td&gt;
&lt;td style=&#34;text-align:center&#34;&gt;n&lt;/td&gt;
&lt;td&gt;Specifies how the underlying service/resource is provisioned and managed. Options are to provision automatically via &amp;lsquo;recipe&amp;rsquo; or provision manually via &amp;lsquo;manual&amp;rsquo;. Selection determines which set of fields to additionally require. Defaults to &amp;lsquo;recipe&amp;rsquo;.&lt;/td&gt;
&lt;td&gt;&lt;code&gt;manual&lt;/code&gt;&lt;/td&gt;
&lt;/tr&gt;
&lt;tr&gt;
&lt;td&gt;&lt;a href=&#34;#recipe&#34;&gt;recipe&lt;/a&gt;&lt;/td&gt;
&lt;td style=&#34;text-align:center&#34;&gt;n&lt;/td&gt;
&lt;td&gt;Configuration for the Recipe which will deploy the backing infrastructure.&lt;/td&gt;
&lt;td&gt;&lt;a href=&#34;#recipe&#34;&gt;See below&lt;/a&gt;&lt;/td&gt;
&lt;/tr&gt;
&lt;tr&gt;
&lt;td&gt;&lt;a href=&#34;#resources&#34;&gt;resources&lt;/a&gt;&lt;/td&gt;
&lt;td style=&#34;text-align:center&#34;&gt;n&lt;/td&gt;
&lt;td&gt;An array of IDs of the underlying resources.&lt;/td&gt;
&lt;td&gt;&lt;a href=&#34;#resources&#34;&gt;See below&lt;/a&gt;&lt;/td&gt;
&lt;/tr&gt;
&lt;tr&gt;
&lt;td&gt;server&lt;/td&gt;
&lt;td style=&#34;text-align:center&#34;&gt;n&lt;/td&gt;
&lt;td&gt;The fully qualified domain name of the SQL server.&lt;/td&gt;
&lt;td&gt;&lt;code&gt;mydatabase.database.windows.net&lt;/code&gt;&lt;/td&gt;
&lt;/tr&gt;
&lt;tr&gt;
&lt;td&gt;database&lt;/td&gt;
&lt;td style=&#34;text-align:center&#34;&gt;n&lt;/td&gt;
&lt;td&gt;The name of the SQL database.&lt;/td&gt;
&lt;td&gt;&lt;code&gt;mydatabase&lt;/code&gt;&lt;/td&gt;
&lt;/tr&gt;
&lt;tr&gt;
&lt;td&gt;port&lt;/td&gt;
&lt;td style=&#34;text-align:center&#34;&gt;n&lt;/td&gt;
&lt;td&gt;The SQL database port.&lt;/td&gt;
&lt;td&gt;&lt;code&gt;1433&lt;/code&gt;&lt;/td&gt;
&lt;/tr&gt;
&lt;tr&gt;
&lt;td&gt;username&lt;/td&gt;
&lt;td style=&#34;text-align:center&#34;&gt;n&lt;/td&gt;
&lt;td&gt;The username for the SQL database.&lt;/td&gt;
&lt;td&gt;&lt;code&gt;&#39;myusername&#39;&lt;/code&gt;&lt;/td&gt;
&lt;/tr&gt;
&lt;tr&gt;
&lt;td&gt;&lt;a href=&#34;#secrets&#34;&gt;secrets&lt;/a&gt;&lt;/td&gt;
&lt;td style=&#34;text-align:center&#34;&gt;n&lt;/td&gt;
&lt;td&gt;Secrets used when building the resource from values.&lt;/td&gt;
&lt;td&gt;&lt;a href=&#34;#secrets&#34;&gt;See below&lt;/a&gt;&lt;/td&gt;
&lt;/tr&gt;
&lt;/tbody&gt;
&lt;/table&gt;
&lt;h3 id=&#34;secrets&#34;&gt;Secrets&lt;/h3&gt;
&lt;table&gt;
&lt;thead&gt;
&lt;tr&gt;
&lt;th&gt;Property&lt;/th&gt;
&lt;th style=&#34;text-align:center&#34;&gt;Required&lt;/th&gt;
&lt;th&gt;Description&lt;/th&gt;
&lt;th&gt;Example(s)&lt;/th&gt;
&lt;/tr&gt;
&lt;/thead&gt;
&lt;tbody&gt;
&lt;tr&gt;
&lt;td&gt;connectionString&lt;/td&gt;
&lt;td style=&#34;text-align:center&#34;&gt;n&lt;/td&gt;
&lt;td&gt;The connection string for the SQL database. Write only.&lt;/td&gt;
&lt;td&gt;&lt;code&gt;Server=tcp:&amp;lt;database-server-name&amp;gt;.database.windows.net,1433;Initial Catalog=&amp;lt;database-name&amp;gt;...&lt;/code&gt;&lt;/td&gt;
&lt;/tr&gt;
&lt;tr&gt;
&lt;td&gt;password&lt;/td&gt;
&lt;td style=&#34;text-align:center&#34;&gt;n&lt;/td&gt;
&lt;td&gt;The password for the SQL database. Write only.&lt;/td&gt;
&lt;td&gt;&lt;code&gt;mypassword&lt;/code&gt;&lt;/td&gt;
&lt;/tr&gt;
&lt;/tbody&gt;
&lt;/table&gt;
&lt;h4 id=&#34;recipe&#34;&gt;Recipe&lt;/h4&gt;
&lt;table&gt;
&lt;thead&gt;
&lt;tr&gt;
&lt;th&gt;Property&lt;/th&gt;
&lt;th style=&#34;text-align:center&#34;&gt;Required&lt;/th&gt;
&lt;th&gt;Description&lt;/th&gt;
&lt;th&gt;Example(s)&lt;/th&gt;
&lt;/tr&gt;
&lt;/thead&gt;
&lt;tbody&gt;
&lt;tr&gt;
&lt;td&gt;name&lt;/td&gt;
&lt;td style=&#34;text-align:center&#34;&gt;n&lt;/td&gt;
&lt;td&gt;Specifies the name of the Recipe that should be deployed. If not set, the name defaults to &lt;code&gt;default&lt;/code&gt;.&lt;/td&gt;
&lt;td&gt;&lt;code&gt;name: &#39;azure-prod&#39;&lt;/code&gt;&lt;/td&gt;
&lt;/tr&gt;
&lt;tr&gt;
&lt;td&gt;parameters&lt;/td&gt;
&lt;td style=&#34;text-align:center&#34;&gt;n&lt;/td&gt;
&lt;td&gt;An object that contains a list of parameters to set on the Recipe.&lt;/td&gt;
&lt;td&gt;&lt;code&gt;{ size: &#39;large&#39; }&lt;/code&gt;&lt;/td&gt;
&lt;/tr&gt;
&lt;/tbody&gt;
&lt;/table&gt;
&lt;h4 id=&#34;resources&#34;&gt;Resources&lt;/h4&gt;
&lt;table&gt;
&lt;thead&gt;
&lt;tr&gt;
&lt;th&gt;Property&lt;/th&gt;
&lt;th style=&#34;text-align:center&#34;&gt;Required&lt;/th&gt;
&lt;th&gt;Description&lt;/th&gt;
&lt;th&gt;Example(s)&lt;/th&gt;
&lt;/tr&gt;
&lt;/thead&gt;
&lt;tbody&gt;
&lt;tr&gt;
&lt;td&gt;id&lt;/td&gt;
&lt;td style=&#34;text-align:center&#34;&gt;n&lt;/td&gt;
&lt;td&gt;Resource ID of the supporting resource.&lt;/td&gt;
&lt;td&gt;&lt;code&gt;sqlDb.id&lt;/code&gt;&lt;/td&gt;
&lt;/tr&gt;
&lt;/tbody&gt;
&lt;/table&gt;
&lt;h2 id=&#34;resource-provisioning&#34;&gt;Resource provisioning&lt;/h2&gt;
&lt;h3 id=&#34;provision-with-a-recipe&#34;&gt;Provision with a Recipe&lt;/h3&gt;
&lt;p&gt;&lt;a href=&#34;https://docs.radapp.io/guides/recipes/howto-author-recipes/&#34;&gt;Recipes&lt;/a&gt; automate infrastructure provisioning using approved templates.
When no Recipe configuration is set Radius will use the Recipe registered as the &lt;strong&gt;default&lt;/strong&gt; in the environment for the given resource. Otherwise, a Recipe name and parameters can optionally be set.&lt;/p&gt;
&lt;h3 id=&#34;provision-manually&#34;&gt;Provision manually&lt;/h3&gt;
&lt;p&gt;If you want to manually manage your infrastructure provisioning outside of Recipes, you can set &lt;code&gt;resourceProvisioning&lt;/code&gt; to &lt;code&gt;&#39;manual&#39;&lt;/code&gt; and provide all necessary parameters and values and values that enable Radius to deploy or connect to the desired infrastructure.&lt;/p&gt;
&lt;h2 id=&#34;environment-variables-for-connections&#34;&gt;Environment variables for connections&lt;/h2&gt;
&lt;p&gt;Other Radius resources, such as &lt;a href=&#34;https://docs.radapp.io/guides/author-apps/containers/&#34;&gt;containers&lt;/a&gt;, may connect to a Azure SQL resource via &lt;a href=&#34;https://docs.radapp.io/concepts/application-graph/#connections-and-injected-values&#34;&gt;connections&lt;/a&gt;. When a connection to Azure SQL named, for example, &lt;code&gt;myconnection&lt;/code&gt; is declared, Radius injects values into environment variables that are then used to access the connected Azure SQL resource:&lt;/p&gt;
&lt;table&gt;
&lt;thead&gt;
&lt;tr&gt;
&lt;th&gt;Environment variable&lt;/th&gt;
&lt;th&gt;Example(s)&lt;/th&gt;
&lt;/tr&gt;
&lt;/thead&gt;
&lt;tbody&gt;
&lt;tr&gt;
&lt;td&gt;CONNECTION_MYCONNECTION_DATABASE&lt;/td&gt;
&lt;td&gt;&lt;code&gt;mydatabase&lt;/code&gt;&lt;/td&gt;
&lt;/tr&gt;
&lt;tr&gt;
&lt;td&gt;CONNECTION_MYCONNECTION_SERVER&lt;/td&gt;
&lt;td&gt;&lt;code&gt;mydatabase.database.windows.net&lt;/code&gt;&lt;/td&gt;
&lt;/tr&gt;
&lt;tr&gt;
&lt;td&gt;CONNECTION_MYCONNECTION_PORT&lt;/td&gt;
&lt;td&gt;&lt;code&gt;1433&lt;/code&gt;&lt;/td&gt;
&lt;/tr&gt;
&lt;tr&gt;
&lt;td&gt;CONNECTION_MYCONNECTION_USERNAME&lt;/td&gt;
&lt;td&gt;&lt;code&gt;myusername&lt;/code&gt;&lt;/td&gt;
&lt;/tr&gt;
&lt;tr&gt;
&lt;td&gt;CONNECTION_MYCONNECTION_PASSWORD&lt;/td&gt;
&lt;td&gt;&lt;code&gt;mypassword&lt;/code&gt;&lt;/td&gt;
&lt;/tr&gt;
&lt;tr&gt;
&lt;td&gt;CONNECTION_MYCONNECTION_CONNECTIONSTRING&lt;/td&gt;
&lt;td&gt;&lt;code&gt;Server=tcp:&amp;lt;database-server-name&amp;gt;.database.windows.net,1433;Initial Catalog=&amp;lt;database-name&amp;gt;...&lt;/code&gt;&lt;/td&gt;
&lt;/tr&gt;
&lt;/tbody&gt;
&lt;/table&gt;

      </description>
    </item>
    
    <item>
      <title>Reference: MongoDB database</title>
      <link>https://docs.radapp.io/reference/resource-schema/databases/mongodb/</link>
      <pubDate>Mon, 01 Jan 0001 00:00:00 +0000</pubDate>
      
      <guid>https://docs.radapp.io/reference/resource-schema/databases/mongodb/</guid>
      <description>
        
        
        &lt;h2 id=&#34;overview&#34;&gt;Overview&lt;/h2&gt;
&lt;p&gt;The &lt;code&gt;mongodb.com/MongoDatabase&lt;/code&gt; &lt;a href=&#34;https://docs.radapp.io/guides/author-apps/portable-resources/&#34;&gt;resource&lt;/a&gt; represents a Mongo database.&lt;/p&gt;
&lt;h2 id=&#34;resource-format&#34;&gt;Resource format&lt;/h2&gt;
&lt;ul class=&#34;nav nav-tabs&#34; id=&#34;tabs-1&#34; role=&#34;tablist&#34;&gt;&lt;li class=&#34;nav-item&#34;&gt;&lt;a class=&#34;nav-link active&#34;
    id=&#34;tabs-1-recipe-tab&#34; data-toggle=&#34;tab&#34; href=&#34;#tabs-1-recipe&#34; role=&#34;tab&#34;
    aria-controls=&#34;tabs-1-recipe&#34; aria-selected=&#34;true&#34;&gt;
    Recipe
  &lt;/a&gt;
  &lt;/li&gt;&lt;li class=&#34;nav-item&#34;&gt;&lt;a class=&#34;nav-link&#34;
    id=&#34;tabs-1-manual-tab&#34; data-toggle=&#34;tab&#34; href=&#34;#tabs-1-manual&#34; role=&#34;tab&#34;
    aria-controls=&#34;tabs-1-manual&#34; aria-selected=&#34;false&#34;&gt;
    Manual
  &lt;/a&gt;
  &lt;/li&gt;&lt;/ul&gt;


&lt;div class=&#34;tab-content&#34; id=&#34;tabs-1-content&#34;&gt;


&lt;div class=&#34;tab-pane fade show active&#34; id=&#34;tabs-1-recipe&#34; role=&#34;tabpanel&#34; aria-labelled-by=&#34;tabs-1-recipe-tab&#34;&gt;
&lt;br /&gt;












    
    
    


    

    

    

&lt;div class=&#34;highlight&#34;&gt;&lt;pre tabindex=&#34;0&#34; style=&#34;color:#f8f8f2;background-color:#272822;-moz-tab-size:4;-o-tab-size:4;tab-size:4;&#34;&gt;&lt;code class=&#34;language-bicep&#34; data-lang=&#34;bicep&#34;&gt;&lt;span style=&#34;display:flex;&#34;&gt;&lt;span&gt;&lt;span style=&#34;color:#66d9ef&#34;&gt;resource&lt;/span&gt; db &lt;span style=&#34;color:#e6db74&#34;&gt;&amp;#39;Applications.Datastores/mongoDatabases@2023-10-01-preview&amp;#39;&lt;/span&gt; = {
&lt;/span&gt;&lt;/span&gt;&lt;span style=&#34;display:flex;&#34;&gt;&lt;span&gt;  name: &lt;span style=&#34;color:#e6db74&#34;&gt;&amp;#39;db&amp;#39;&lt;/span&gt;
&lt;/span&gt;&lt;/span&gt;&lt;span style=&#34;display:flex;&#34;&gt;&lt;span&gt;  properties: {
&lt;/span&gt;&lt;/span&gt;&lt;span style=&#34;display:flex;&#34;&gt;&lt;span&gt;    environment: &lt;span style=&#34;color:#a6e22e&#34;&gt;environment&lt;/span&gt;
&lt;/span&gt;&lt;/span&gt;&lt;span style=&#34;display:flex;&#34;&gt;&lt;span&gt;    application: app.id
&lt;/span&gt;&lt;/span&gt;&lt;span style=&#34;display:flex;&#34;&gt;&lt;span&gt;    recipe: {
&lt;/span&gt;&lt;/span&gt;&lt;span style=&#34;display:flex;&#34;&gt;&lt;span&gt;      &lt;span style=&#34;color:#75715e&#34;&gt;// Name a specific Recipe to use&lt;/span&gt;
&lt;/span&gt;&lt;/span&gt;&lt;span style=&#34;display:flex;&#34;&gt;&lt;span&gt;      name: &lt;span style=&#34;color:#e6db74&#34;&gt;&amp;#39;azure-cosmosdb&amp;#39;&lt;/span&gt;
&lt;/span&gt;&lt;/span&gt;&lt;span style=&#34;display:flex;&#34;&gt;&lt;span&gt;      &lt;span style=&#34;color:#75715e&#34;&gt;// Set optional/required parameters (specific to the Recipe)&lt;/span&gt;
&lt;/span&gt;&lt;/span&gt;&lt;span style=&#34;display:flex;&#34;&gt;&lt;span&gt;      parameters: {
&lt;/span&gt;&lt;/span&gt;&lt;span style=&#34;display:flex;&#34;&gt;&lt;span&gt;        size: &lt;span style=&#34;color:#e6db74&#34;&gt;&amp;#39;large&amp;#39;&lt;/span&gt;
&lt;/span&gt;&lt;/span&gt;&lt;span style=&#34;display:flex;&#34;&gt;&lt;span&gt;      }
&lt;/span&gt;&lt;/span&gt;&lt;span style=&#34;display:flex;&#34;&gt;&lt;span&gt;    }
&lt;/span&gt;&lt;/span&gt;&lt;span style=&#34;display:flex;&#34;&gt;&lt;span&gt;  }
&lt;/span&gt;&lt;/span&gt;&lt;span style=&#34;display:flex;&#34;&gt;&lt;span&gt;}
&lt;/span&gt;&lt;/span&gt;&lt;/code&gt;&lt;/pre&gt;&lt;/div&gt;



&lt;/div&gt;

&lt;div class=&#34;tab-pane fade&#34; id=&#34;tabs-1-manual&#34; role=&#34;tabpanel&#34; aria-labelled-by=&#34;tabs-1-manual-tab&#34;&gt;
&lt;br /&gt;












    
    
    


    

    

    

&lt;div class=&#34;highlight&#34;&gt;&lt;pre tabindex=&#34;0&#34; style=&#34;color:#f8f8f2;background-color:#272822;-moz-tab-size:4;-o-tab-size:4;tab-size:4;&#34;&gt;&lt;code class=&#34;language-bicep&#34; data-lang=&#34;bicep&#34;&gt;&lt;span style=&#34;display:flex;&#34;&gt;&lt;span&gt;&lt;span style=&#34;color:#66d9ef&#34;&gt;resource&lt;/span&gt; db &lt;span style=&#34;color:#e6db74&#34;&gt;&amp;#39;Applications.Datastores/mongoDatabases@2023-10-01-preview&amp;#39;&lt;/span&gt; = {
&lt;/span&gt;&lt;/span&gt;&lt;span style=&#34;display:flex;&#34;&gt;&lt;span&gt;  name: &lt;span style=&#34;color:#e6db74&#34;&gt;&amp;#39;db&amp;#39;&lt;/span&gt;
&lt;/span&gt;&lt;/span&gt;&lt;span style=&#34;display:flex;&#34;&gt;&lt;span&gt;  properties: {
&lt;/span&gt;&lt;/span&gt;&lt;span style=&#34;display:flex;&#34;&gt;&lt;span&gt;    environment: &lt;span style=&#34;color:#a6e22e&#34;&gt;environment&lt;/span&gt;
&lt;/span&gt;&lt;/span&gt;&lt;span style=&#34;display:flex;&#34;&gt;&lt;span&gt;    application: app.id
&lt;/span&gt;&lt;/span&gt;&lt;span style=&#34;display:flex;&#34;&gt;&lt;span&gt;    resourceProvisioning: &lt;span style=&#34;color:#e6db74&#34;&gt;&amp;#39;manual&amp;#39;&lt;/span&gt;
&lt;/span&gt;&lt;/span&gt;&lt;span style=&#34;display:flex;&#34;&gt;&lt;span&gt;    host: &lt;span style=&#34;color:#a6e22e&#34;&gt;substring&lt;/span&gt;(cosmosAccount.properties.documentEndpoint&lt;span style=&#34;color:#960050;background-color:#1e0010&#34;&gt;,&lt;/span&gt; 0&lt;span style=&#34;color:#960050;background-color:#1e0010&#34;&gt;,&lt;/span&gt; &lt;span style=&#34;color:#a6e22e&#34;&gt;lastIndexOf&lt;/span&gt;(cosmosAccount.properties.documentEndpoint&lt;span style=&#34;color:#960050;background-color:#1e0010&#34;&gt;,&lt;/span&gt; &lt;span style=&#34;color:#e6db74&#34;&gt;&amp;#39;:&amp;#39;&lt;/span&gt;))
&lt;/span&gt;&lt;/span&gt;&lt;span style=&#34;display:flex;&#34;&gt;&lt;span&gt;    port: &lt;span style=&#34;color:#a6e22e&#34;&gt;int&lt;/span&gt;(&lt;span style=&#34;color:#a6e22e&#34;&gt;split&lt;/span&gt;(&lt;span style=&#34;color:#a6e22e&#34;&gt;substring&lt;/span&gt;(cosmosAccount.properties.documentEndpoint&lt;span style=&#34;color:#960050;background-color:#1e0010&#34;&gt;,&lt;/span&gt;&lt;span style=&#34;color:#a6e22e&#34;&gt;lastIndexOf&lt;/span&gt;(cosmosAccount.properties.documentEndpoint&lt;span style=&#34;color:#960050;background-color:#1e0010&#34;&gt;,&lt;/span&gt; &lt;span style=&#34;color:#e6db74&#34;&gt;&amp;#39;:&amp;#39;&lt;/span&gt;) &lt;span style=&#34;color:#f92672&#34;&gt;+&lt;/span&gt; 1)&lt;span style=&#34;color:#960050;background-color:#1e0010&#34;&gt;,&lt;/span&gt; &lt;span style=&#34;color:#e6db74&#34;&gt;&amp;#39;/&amp;#39;&lt;/span&gt;)[0])
&lt;/span&gt;&lt;/span&gt;&lt;span style=&#34;display:flex;&#34;&gt;&lt;span&gt;    database: cosmosAccount::database.name
&lt;/span&gt;&lt;/span&gt;&lt;span style=&#34;display:flex;&#34;&gt;&lt;span&gt;    username: &lt;span style=&#34;color:#e6db74&#34;&gt;&amp;#39;&amp;#39;&lt;/span&gt;
&lt;/span&gt;&lt;/span&gt;&lt;span style=&#34;display:flex;&#34;&gt;&lt;span&gt;    resources: [
&lt;/span&gt;&lt;/span&gt;&lt;span style=&#34;display:flex;&#34;&gt;&lt;span&gt;      { id: cosmosAccount.id }
&lt;/span&gt;&lt;/span&gt;&lt;span style=&#34;display:flex;&#34;&gt;&lt;span&gt;    ]
&lt;/span&gt;&lt;/span&gt;&lt;span style=&#34;display:flex;&#34;&gt;&lt;span&gt;    secrets: {
&lt;/span&gt;&lt;/span&gt;&lt;span style=&#34;display:flex;&#34;&gt;&lt;span&gt;      connectionString: cosmosAccount.listConnectionStrings().connectionStrings[0].connectionString
&lt;/span&gt;&lt;/span&gt;&lt;span style=&#34;display:flex;&#34;&gt;&lt;span&gt;      password: &lt;span style=&#34;color:#a6e22e&#34;&gt;base64ToString&lt;/span&gt;(cosmosAccount.&lt;span style=&#34;color:#a6e22e&#34;&gt;listKeys&lt;/span&gt;().primaryMasterKey)
&lt;/span&gt;&lt;/span&gt;&lt;span style=&#34;display:flex;&#34;&gt;&lt;span&gt;    }
&lt;/span&gt;&lt;/span&gt;&lt;span style=&#34;display:flex;&#34;&gt;&lt;span&gt;  }
&lt;/span&gt;&lt;/span&gt;&lt;span style=&#34;display:flex;&#34;&gt;&lt;span&gt;}
&lt;/span&gt;&lt;/span&gt;&lt;/code&gt;&lt;/pre&gt;&lt;/div&gt;



&lt;/div&gt;


&lt;/div&gt;
&lt;h3 id=&#34;top-level&#34;&gt;Top-level&lt;/h3&gt;
&lt;table&gt;
&lt;thead&gt;
&lt;tr&gt;
&lt;th&gt;Key&lt;/th&gt;
&lt;th style=&#34;text-align:center&#34;&gt;Required&lt;/th&gt;
&lt;th&gt;Description&lt;/th&gt;
&lt;th&gt;Example&lt;/th&gt;
&lt;/tr&gt;
&lt;/thead&gt;
&lt;tbody&gt;
&lt;tr&gt;
&lt;td&gt;name&lt;/td&gt;
&lt;td style=&#34;text-align:center&#34;&gt;y&lt;/td&gt;
&lt;td&gt;The name of your resource.&lt;/td&gt;
&lt;td&gt;&lt;code&gt;mongo&lt;/code&gt;&lt;/td&gt;
&lt;/tr&gt;
&lt;tr&gt;
&lt;td&gt;location&lt;/td&gt;
&lt;td style=&#34;text-align:center&#34;&gt;y&lt;/td&gt;
&lt;td&gt;The location of your resource. See &lt;a href=&#34;https://docs.radapp.io/reference/resource-schema/#common-values&#34;&gt;common values&lt;/a&gt; for more information.&lt;/td&gt;
&lt;td&gt;&lt;code&gt;global&lt;/code&gt;&lt;/td&gt;
&lt;/tr&gt;
&lt;tr&gt;
&lt;td&gt;&lt;a href=&#34;#properties&#34;&gt;properties&lt;/a&gt;&lt;/td&gt;
&lt;td style=&#34;text-align:center&#34;&gt;y&lt;/td&gt;
&lt;td&gt;Properties of the resource.&lt;/td&gt;
&lt;td&gt;&lt;a href=&#34;#properties&#34;&gt;See below&lt;/a&gt;&lt;/td&gt;
&lt;/tr&gt;
&lt;/tbody&gt;
&lt;/table&gt;
&lt;h3 id=&#34;properties&#34;&gt;Properties&lt;/h3&gt;
&lt;table&gt;
&lt;thead&gt;
&lt;tr&gt;
&lt;th&gt;Property&lt;/th&gt;
&lt;th style=&#34;text-align:center&#34;&gt;Required&lt;/th&gt;
&lt;th&gt;Description&lt;/th&gt;
&lt;th&gt;Example(s)&lt;/th&gt;
&lt;/tr&gt;
&lt;/thead&gt;
&lt;tbody&gt;
&lt;tr&gt;
&lt;td&gt;application&lt;/td&gt;
&lt;td style=&#34;text-align:center&#34;&gt;n&lt;/td&gt;
&lt;td&gt;The ID of the application resource this resource belongs to.&lt;/td&gt;
&lt;td&gt;&lt;code&gt;app.id&lt;/code&gt;&lt;/td&gt;
&lt;/tr&gt;
&lt;tr&gt;
&lt;td&gt;environment&lt;/td&gt;
&lt;td style=&#34;text-align:center&#34;&gt;y&lt;/td&gt;
&lt;td&gt;The ID of the environment resource this resource belongs to.&lt;/td&gt;
&lt;td&gt;&lt;code&gt;env.id&lt;/code&gt;&lt;/td&gt;
&lt;/tr&gt;
&lt;tr&gt;
&lt;td&gt;&lt;a href=&#34;#resource-provisioning&#34;&gt;resourceProvisioning&lt;/a&gt;&lt;/td&gt;
&lt;td style=&#34;text-align:center&#34;&gt;n&lt;/td&gt;
&lt;td&gt;Specifies how the underlying service/resource is provisioned and managed. Options are to provision automatically via &amp;lsquo;recipe&amp;rsquo; or provision manually via &amp;lsquo;manual&amp;rsquo;. Selection determines which set of fields to additionally require. Defaults to &amp;lsquo;recipe&amp;rsquo;.&lt;/td&gt;
&lt;td&gt;&lt;code&gt;manual&lt;/code&gt;&lt;/td&gt;
&lt;/tr&gt;
&lt;tr&gt;
&lt;td&gt;&lt;a href=&#34;#recipe&#34;&gt;recipe&lt;/a&gt;&lt;/td&gt;
&lt;td style=&#34;text-align:center&#34;&gt;n&lt;/td&gt;
&lt;td&gt;Configuration for the Recipe which will deploy the backing infrastructure.&lt;/td&gt;
&lt;td&gt;&lt;a href=&#34;#recipe&#34;&gt;See below&lt;/a&gt;&lt;/td&gt;
&lt;/tr&gt;
&lt;tr&gt;
&lt;td&gt;&lt;a href=&#34;#resources&#34;&gt;resources&lt;/a&gt;&lt;/td&gt;
&lt;td style=&#34;text-align:center&#34;&gt;n&lt;/td&gt;
&lt;td&gt;An array of resources which underlay this resource. For example, an Azure CosmosDB database ID if the MongoDB resource is leveraging CosmosDB.&lt;/td&gt;
&lt;td&gt;&lt;a href=&#34;#resources&#34;&gt;See below&lt;/a&gt;&lt;/td&gt;
&lt;/tr&gt;
&lt;tr&gt;
&lt;td&gt;database&lt;/td&gt;
&lt;td style=&#34;text-align:center&#34;&gt;n&lt;/td&gt;
&lt;td&gt;Database name of the target MongoDB&lt;/td&gt;
&lt;td&gt;&lt;code&gt;mongodb-prod&lt;/code&gt;&lt;/td&gt;
&lt;/tr&gt;
&lt;tr&gt;
&lt;td&gt;host&lt;/td&gt;
&lt;td style=&#34;text-align:center&#34;&gt;n&lt;/td&gt;
&lt;td&gt;The MongoDB host name.&lt;/td&gt;
&lt;td&gt;&lt;code&gt;mongodb0.example.com&lt;/code&gt;&lt;/td&gt;
&lt;/tr&gt;
&lt;tr&gt;
&lt;td&gt;port&lt;/td&gt;
&lt;td style=&#34;text-align:center&#34;&gt;n&lt;/td&gt;
&lt;td&gt;The MongoDB port.&lt;/td&gt;
&lt;td&gt;&lt;code&gt;4242&lt;/code&gt;&lt;/td&gt;
&lt;/tr&gt;
&lt;tr&gt;
&lt;td&gt;username&lt;/td&gt;
&lt;td style=&#34;text-align:center&#34;&gt;n&lt;/td&gt;
&lt;td&gt;The username for the MongoDB.&lt;/td&gt;
&lt;td&gt;&lt;code&gt;&#39;myusername&#39;&lt;/code&gt;&lt;/td&gt;
&lt;/tr&gt;
&lt;tr&gt;
&lt;td&gt;&lt;a href=&#34;#secrets&#34;&gt;secrets&lt;/a&gt;&lt;/td&gt;
&lt;td style=&#34;text-align:center&#34;&gt;n&lt;/td&gt;
&lt;td&gt;Secrets used when building the resource from values.&lt;/td&gt;
&lt;td&gt;&lt;a href=&#34;#secrets&#34;&gt;See below&lt;/a&gt;&lt;/td&gt;
&lt;/tr&gt;
&lt;/tbody&gt;
&lt;/table&gt;
&lt;h4 id=&#34;recipe&#34;&gt;Recipe&lt;/h4&gt;
&lt;table&gt;
&lt;thead&gt;
&lt;tr&gt;
&lt;th&gt;Property&lt;/th&gt;
&lt;th style=&#34;text-align:center&#34;&gt;Required&lt;/th&gt;
&lt;th&gt;Description&lt;/th&gt;
&lt;th&gt;Example(s)&lt;/th&gt;
&lt;/tr&gt;
&lt;/thead&gt;
&lt;tbody&gt;
&lt;tr&gt;
&lt;td&gt;name&lt;/td&gt;
&lt;td style=&#34;text-align:center&#34;&gt;n&lt;/td&gt;
&lt;td&gt;Specifies the name of the Recipe that should be deployed. If not set, the name defaults to &lt;code&gt;default&lt;/code&gt;.&lt;/td&gt;
&lt;td&gt;&lt;code&gt;name: &#39;azure-prod&#39;&lt;/code&gt;&lt;/td&gt;
&lt;/tr&gt;
&lt;tr&gt;
&lt;td&gt;parameters&lt;/td&gt;
&lt;td style=&#34;text-align:center&#34;&gt;n&lt;/td&gt;
&lt;td&gt;An object that contains a list of parameters to set on the Recipe.&lt;/td&gt;
&lt;td&gt;&lt;code&gt;{ size: &#39;large&#39; }&lt;/code&gt;&lt;/td&gt;
&lt;/tr&gt;
&lt;/tbody&gt;
&lt;/table&gt;
&lt;h4 id=&#34;resources&#34;&gt;Resources&lt;/h4&gt;
&lt;table&gt;
&lt;thead&gt;
&lt;tr&gt;
&lt;th&gt;Property&lt;/th&gt;
&lt;th style=&#34;text-align:center&#34;&gt;Required&lt;/th&gt;
&lt;th&gt;Description&lt;/th&gt;
&lt;th&gt;Example(s)&lt;/th&gt;
&lt;/tr&gt;
&lt;/thead&gt;
&lt;tbody&gt;
&lt;tr&gt;
&lt;td&gt;id&lt;/td&gt;
&lt;td style=&#34;text-align:center&#34;&gt;n&lt;/td&gt;
&lt;td&gt;Resource ID of the supporting resource.&lt;/td&gt;
&lt;td&gt;&lt;code&gt;account.id&lt;/code&gt;&lt;/td&gt;
&lt;/tr&gt;
&lt;/tbody&gt;
&lt;/table&gt;
&lt;h4 id=&#34;secrets&#34;&gt;Secrets&lt;/h4&gt;
&lt;table&gt;
&lt;thead&gt;
&lt;tr&gt;
&lt;th&gt;Property&lt;/th&gt;
&lt;th style=&#34;text-align:center&#34;&gt;Required&lt;/th&gt;
&lt;th&gt;Description&lt;/th&gt;
&lt;th&gt;Example(s)&lt;/th&gt;
&lt;/tr&gt;
&lt;/thead&gt;
&lt;tbody&gt;
&lt;tr&gt;
&lt;td&gt;connectionString&lt;/td&gt;
&lt;td style=&#34;text-align:center&#34;&gt;n&lt;/td&gt;
&lt;td&gt;The connection string for the MongoDb. Write only.&lt;/td&gt;
&lt;td&gt;&lt;code&gt;mongodb://myDBReader:D1fficultP%40ssw0rd@mongodb0.example.com:4242/?authSource=admin&lt;/code&gt;&lt;/td&gt;
&lt;/tr&gt;
&lt;tr&gt;
&lt;td&gt;password&lt;/td&gt;
&lt;td style=&#34;text-align:center&#34;&gt;n&lt;/td&gt;
&lt;td&gt;The password for the MongoDB. Write only.&lt;/td&gt;
&lt;td&gt;&lt;code&gt;mypassword&lt;/code&gt;&lt;/td&gt;
&lt;/tr&gt;
&lt;/tbody&gt;
&lt;/table&gt;
&lt;h3 id=&#34;methods&#34;&gt;Methods&lt;/h3&gt;
&lt;p&gt;The following methods are available on the Mongo database resource:&lt;/p&gt;
&lt;table&gt;
&lt;thead&gt;
&lt;tr&gt;
&lt;th&gt;Method&lt;/th&gt;
&lt;th&gt;Description&lt;/th&gt;
&lt;/tr&gt;
&lt;/thead&gt;
&lt;tbody&gt;
&lt;tr&gt;
&lt;td&gt;connectionString()&lt;/td&gt;
&lt;td&gt;Get the connection string for the MongoDb.&lt;/td&gt;
&lt;/tr&gt;
&lt;tr&gt;
&lt;td&gt;username()&lt;/td&gt;
&lt;td&gt;Get the username for the MongoDB.&lt;/td&gt;
&lt;/tr&gt;
&lt;tr&gt;
&lt;td&gt;password()&lt;/td&gt;
&lt;td&gt;Get the password for the MongoDB.&lt;/td&gt;
&lt;/tr&gt;
&lt;/tbody&gt;
&lt;/table&gt;
&lt;h2 id=&#34;resource-provisioning&#34;&gt;Resource provisioning&lt;/h2&gt;
&lt;h3 id=&#34;provision-with-a-recipe&#34;&gt;Provision with a Recipe&lt;/h3&gt;
&lt;p&gt;&lt;a href=&#34;https://docs.radapp.io/guides/recipes/overview/&#34;&gt;Recipes&lt;/a&gt; automate infrastructure provisioning using approved templates.
You can specify a Recipe name that is registered in the environment or omit the name and use the &amp;ldquo;default&amp;rdquo; Recipe.&lt;/p&gt;
&lt;p&gt;Parameters can also optionally be specified for the Recipe.&lt;/p&gt;
&lt;h3 id=&#34;provision-manually&#34;&gt;Provision manually&lt;/h3&gt;
&lt;p&gt;If you want to manually manage your infrastructure provisioning outside of Recipes, you can set &lt;code&gt;resourceProvisioning&lt;/code&gt; to &lt;code&gt;&#39;manual&#39;&lt;/code&gt; and provide all necessary parameters and values in order for Radius to be able to deploy/connect to the desired infrastructure.&lt;/p&gt;
&lt;h2 id=&#34;environment-variables-for-connections&#34;&gt;Environment variables for connections&lt;/h2&gt;
&lt;p&gt;Other Radius resources, such as &lt;a href=&#34;https://docs.radapp.io/guides/author-apps/containers/&#34;&gt;containers&lt;/a&gt;, may connect to a MongoDB resource via &lt;a href=&#34;https://docs.radapp.io/concepts/application-graph/#connections-and-injected-values&#34;&gt;connections&lt;/a&gt;. When a connection to MongoDB named, for example, &lt;code&gt;myconnection&lt;/code&gt; is declared, Radius injects values into environment variables that are then used to access the connected MongoDB resource:&lt;/p&gt;
&lt;table&gt;
&lt;thead&gt;
&lt;tr&gt;
&lt;th&gt;Environment variable&lt;/th&gt;
&lt;th&gt;Example(s)&lt;/th&gt;
&lt;/tr&gt;
&lt;/thead&gt;
&lt;tbody&gt;
&lt;tr&gt;
&lt;td&gt;CONNECTION_MYCONNECTION_HOST&lt;/td&gt;
&lt;td&gt;&lt;code&gt;mongodb0.example.com&lt;/code&gt;&lt;/td&gt;
&lt;/tr&gt;
&lt;tr&gt;
&lt;td&gt;CONNECTION_MYCONNECTION_PORT&lt;/td&gt;
&lt;td&gt;&lt;code&gt;4242&lt;/code&gt;&lt;/td&gt;
&lt;/tr&gt;
&lt;tr&gt;
&lt;td&gt;CONNECTION_MYCONNECTION_DATABASE&lt;/td&gt;
&lt;td&gt;&lt;code&gt;mongodb-prod&lt;/code&gt;&lt;/td&gt;
&lt;/tr&gt;
&lt;tr&gt;
&lt;td&gt;CONNECTION_MYCONNECTION_USERNAME&lt;/td&gt;
&lt;td&gt;&lt;code&gt;myusername&lt;/code&gt;&lt;/td&gt;
&lt;/tr&gt;
&lt;tr&gt;
&lt;td&gt;CONNECTION_MYCONNECTION_PASSWORD&lt;/td&gt;
&lt;td&gt;&lt;code&gt;mypassword&lt;/code&gt;&lt;/td&gt;
&lt;/tr&gt;
&lt;tr&gt;
&lt;td&gt;CONNECTION_MYCONNECTION_CONNECTIONSTRING&lt;/td&gt;
&lt;td&gt;&lt;code&gt;mongodb://myDBReader:D1fficultP%40ssw0rd@mongodb0.example.com:4242/?authSource=admin&lt;/code&gt;&lt;/td&gt;
&lt;/tr&gt;
&lt;/tbody&gt;
&lt;/table&gt;

      </description>
    </item>
    
  </channel>
</rss>
