<rss version="2.0" xmlns:atom="http://www.w3.org/2005/Atom">
  <channel>
    <title>Radius Docs – portability</title>
    <link>https://docs.radapp.io/tags/portability/</link>
    <description>Recent content in portability on Radius Docs</description>
    <generator>Hugo -- gohugo.io</generator>
    <language>en-us</language>
    
	  <atom:link href="https://docs.radapp.io/tags/portability/index.xml" rel="self" type="application/rss+xml" />
    
    
      
        
      
    
    
    <item>
      <title>Guides: Radius portable resources</title>
      <link>https://docs.radapp.io/guides/author-apps/portable-resources/</link>
      <pubDate>Mon, 01 Jan 0001 00:00:00 +0000</pubDate>
      
      <guid>https://docs.radapp.io/guides/author-apps/portable-resources/</guid>
      <description>
        
        
        
      </description>
    </item>
    
    <item>
      <title>Guides: Overview: Portable Resources</title>
      <link>https://docs.radapp.io/guides/author-apps/portable-resources/overview/</link>
      <pubDate>Mon, 01 Jan 0001 00:00:00 +0000</pubDate>
      
      <guid>https://docs.radapp.io/guides/author-apps/portable-resources/overview/</guid>
      <description>
        
        
        &lt;h2 id=&#34;overview&#34;&gt;Overview&lt;/h2&gt;
&lt;p&gt;Portable resources provide &lt;strong&gt;abstraction&lt;/strong&gt; and &lt;strong&gt;portability&lt;/strong&gt; to Radius Applications. This allows development teams to depend on high level resource types and APIs, and let infra teams swap out the underlying resource and configuration.&lt;/p&gt;
&lt;img src=&#34;portable-resources.png&#34; alt=&#34;Diagram of portable resources connecting to Azure CosmosDB, AWS MongoDB, and a MongoDB Docker container&#34; width=700px /&gt;
&lt;h2 id=&#34;available-resources&#34;&gt;Available resources&lt;/h2&gt;
&lt;p&gt;The following portable resources are available to use within your application:&lt;/p&gt;
&lt;ul&gt;
&lt;li&gt;&lt;a href=&#34;https://docs.radapp.io/reference/api/applications.core/extenders/&#34;&gt;&lt;code&gt;Applications.Core/extenders&lt;/code&gt;&lt;/a&gt;&lt;/li&gt;
&lt;li&gt;&lt;a href=&#34;https://docs.radapp.io/reference/api/applications.datastores/mongodatabases/&#34;&gt;&lt;code&gt;Applications.Datastores/mongoDatabases&lt;/code&gt;&lt;/a&gt;&lt;/li&gt;
&lt;li&gt;&lt;a href=&#34;https://docs.radapp.io/reference/api/applications.datastores/rediscaches/&#34;&gt;&lt;code&gt;Applications.Datastores/redisCaches&lt;/code&gt;&lt;/a&gt;&lt;/li&gt;
&lt;li&gt;&lt;a href=&#34;https://docs.radapp.io/reference/api/applications.datastores/sqldatabases/&#34;&gt;&lt;code&gt;Applications.Datastores/sqlDatabases&lt;/code&gt;&lt;/a&gt;&lt;/li&gt;
&lt;li&gt;&lt;a href=&#34;https://docs.radapp.io/reference/api/applications.dapr/pubsubbrokers/&#34;&gt;&lt;code&gt;Applications.Dapr/pubSubBrokers&lt;/code&gt;&lt;/a&gt;&lt;/li&gt;
&lt;li&gt;&lt;a href=&#34;https://docs.radapp.io/reference/api/applications.dapr/secretstores/&#34;&gt;&lt;code&gt;Applications.Dapr/secretStores&lt;/code&gt;&lt;/a&gt;&lt;/li&gt;
&lt;li&gt;&lt;a href=&#34;https://docs.radapp.io/reference/api/applications.dapr/statestores/&#34;&gt;&lt;code&gt;Applications.Dapr/stateStores&lt;/code&gt;&lt;/a&gt;&lt;/li&gt;
&lt;li&gt;&lt;a href=&#34;https://docs.radapp.io/reference/api/applications.messaging/rabbitmqqueues/&#34;&gt;&lt;code&gt;Applications.Messaging/rabbitmqQueues&lt;/code&gt;&lt;/a&gt;&lt;/li&gt;
&lt;/ul&gt;
&lt;h2 id=&#34;reference&#34;&gt;Reference&lt;/h2&gt;
&lt;p&gt;Refer to the &lt;a href=&#34;https://docs.radapp.io/reference/api/&#34;&gt;API reference docs&lt;/a&gt; to learn more about the Radius API and the available portable resources plus their schema&lt;/p&gt;

      </description>
    </item>
    
  </channel>
</rss>
