<rss version="2.0" xmlns:atom="http://www.w3.org/2005/Atom">
  <channel>
    <title>Radius Docs – Cloud providers</title>
    <link>https://docs.radapp.io/guides/operations/providers/</link>
    <description>Recent content in Cloud providers on Radius Docs</description>
    <generator>Hugo -- gohugo.io</generator>
    <language>en-us</language>
    
	  <atom:link href="https://docs.radapp.io/guides/operations/providers/index.xml" rel="self" type="application/rss+xml" />
    
    
      
        
      
    
    
    <item>
      <title>Guides: Overview: Cloud providers</title>
      <link>https://docs.radapp.io/guides/operations/providers/overview/</link>
      <pubDate>Mon, 01 Jan 0001 00:00:00 +0000</pubDate>
      
      <guid>https://docs.radapp.io/guides/operations/providers/overview/</guid>
      <description>
        
        
        &lt;p&gt;Radius cloud providers allow you to deploy and connect to cloud resources across various cloud platforms. For example, you can use the Radius Azure provider to run your application&amp;rsquo;s services in your Kubernetes cluster, while deploying Azure resources to a specified Azure subscription and resource group.&lt;/p&gt;
&lt;img src=&#34;providers-overview.png&#34; alt=&#34;Diagram of cloud resources getting forwarded to cloud platforms upon deployment&#34; width=&#34;800px&#34; &gt;
&lt;h2 id=&#34;supported-cloud-providers&#34;&gt;Supported cloud providers&lt;/h2&gt;
&lt;table&gt;
&lt;thead&gt;
&lt;tr&gt;
&lt;th&gt;Provider&lt;/th&gt;
&lt;th&gt;Description&lt;/th&gt;
&lt;/tr&gt;
&lt;/thead&gt;
&lt;tbody&gt;
&lt;tr&gt;
&lt;td&gt;&lt;a href=&#34;https://docs.radapp.io/guides/operations/providers/howto-azure-provider/&#34;&gt;Microsoft Azure&lt;/a&gt;&lt;/td&gt;
&lt;td&gt;Deploy and connect to Azure resources&lt;/td&gt;
&lt;/tr&gt;
&lt;tr&gt;
&lt;td&gt;&lt;a href=&#34;https://docs.radapp.io/guides/operations/providers/howto-aws-provider/&#34;&gt;Amazon Web Services&lt;/a&gt;&lt;/td&gt;
&lt;td&gt;Deploy and connect to AWS resources&lt;/td&gt;
&lt;/tr&gt;
&lt;/tbody&gt;
&lt;/table&gt;

      </description>
    </item>
    
    <item>
      <title>Guides: How-To: Configure the Azure cloud provider</title>
      <link>https://docs.radapp.io/guides/operations/providers/howto-azure-provider/</link>
      <pubDate>Mon, 01 Jan 0001 00:00:00 +0000</pubDate>
      
      <guid>https://docs.radapp.io/guides/operations/providers/howto-azure-provider/</guid>
      <description>
        
        
        &lt;p&gt;The Azure provider allows you to deploy and connect to Azure resources from a self-hosted Radius Environment. It can be configured:&lt;/p&gt;
&lt;ul&gt;
&lt;li&gt;&lt;a href=&#34;#interactive-configuration&#34;&gt;Interactively via &lt;code&gt;rad init&lt;/code&gt;&lt;/a&gt;&lt;/li&gt;
&lt;li&gt;&lt;a href=&#34;#manual-configuration&#34;&gt;Manually via &lt;code&gt;rad env update&lt;/code&gt; and &lt;code&gt;rad credential register&lt;/code&gt;&lt;/a&gt;&lt;/li&gt;
&lt;/ul&gt;
&lt;h2 id=&#34;prerequisites&#34;&gt;Prerequisites&lt;/h2&gt;
&lt;ul&gt;
&lt;li&gt;&lt;a href=&#34;https://azure.com&#34;&gt;Azure subscription&lt;/a&gt;&lt;/li&gt;
&lt;li&gt;&lt;a href=&#34;https://aka.ms/azcli&#34;&gt;az CLI&lt;/a&gt;&lt;/li&gt;
&lt;li&gt;&lt;a href=&#34;https://docs.radapp.io/installation/#step-1-install-the-rad-cli&#34;&gt;rad CLI&lt;/a&gt;&lt;/li&gt;
&lt;/ul&gt;
&lt;h2 id=&#34;interactive-configuration&#34;&gt;Interactive configuration&lt;/h2&gt;
&lt;ol&gt;
&lt;li&gt;
&lt;p&gt;Initialize a new environment with &lt;a href=&#34;https://docs.radapp.io/reference/cli/rad_init/&#34;&gt;&lt;code&gt;rad init --full&lt;/code&gt;&lt;/a&gt;:&lt;/p&gt;
&lt;div class=&#34;highlight&#34;&gt;&lt;pre tabindex=&#34;0&#34; style=&#34;color:#f8f8f2;background-color:#272822;-moz-tab-size:4;-o-tab-size:4;tab-size:4;&#34;&gt;&lt;code class=&#34;language-bash&#34; data-lang=&#34;bash&#34;&gt;&lt;span style=&#34;display:flex;&#34;&gt;&lt;span&gt;rad init --full
&lt;/span&gt;&lt;/span&gt;&lt;/code&gt;&lt;/pre&gt;&lt;/div&gt;&lt;/li&gt;
&lt;li&gt;
&lt;p&gt;Follow the prompts, specifying:&lt;/p&gt;
&lt;ul&gt;
&lt;li&gt;&lt;strong&gt;Namespace&lt;/strong&gt; - The Kubernetes namespace where your application containers and networking resources will be deployed (different than the Radius control-plane namespace, &lt;code&gt;radius-system&lt;/code&gt;)&lt;/li&gt;
&lt;li&gt;&lt;strong&gt;Add an Azure provider&lt;/strong&gt; - Pick the subscription and resource group to deploy your Azure resources to
Run &lt;code&gt;az ad sp create-for-rbac&lt;/code&gt; to create a Service Principal without a role assignment and obtain your &lt;code&gt;appId&lt;/code&gt;, &lt;code&gt;displayName&lt;/code&gt;, &lt;code&gt;password&lt;/code&gt;, and &lt;code&gt;tenant&lt;/code&gt; information.
&lt;pre tabindex=&#34;0&#34;&gt;&lt;code&gt;   {
   &amp;#34;appId&amp;#34;: &amp;#34;****&amp;#34;,
   &amp;#34;displayName&amp;#34;: &amp;#34;****&amp;#34;,
   &amp;#34;password&amp;#34;: &amp;#34;****&amp;#34;,
   &amp;#34;tenant&amp;#34;: &amp;#34;****&amp;#34;
   }
   ```
   Enter the `appId`, `password`, and `tenant` information when prompted.
&lt;/code&gt;&lt;/pre&gt;&lt;/li&gt;
&lt;li&gt;&lt;strong&gt;Environment name&lt;/strong&gt; - The name of the environment to create&lt;/li&gt;
&lt;/ul&gt;
&lt;p&gt;You should see the following output:&lt;/p&gt;
&lt;pre tabindex=&#34;0&#34;&gt;&lt;code&gt;Initializing Radius...                     

✅ Install Radius v0.26               
   - Kubernetes cluster: k3d-k3s-default   
   - Kubernetes namespace: radius-system 
   - Azure service principal: ****  
✅ Create new environment default          
   - Kubernetes namespace: default 
   - Azure: subscription ***** and resource group ***        
✅ Scaffold application samples            
✅ Update local configuration              

Initialization complete! Have a RAD time 😎
&lt;/code&gt;&lt;/pre&gt;&lt;/li&gt;
&lt;/ol&gt;
&lt;h2 id=&#34;manual-configuration&#34;&gt;Manual configuration&lt;/h2&gt;
&lt;ol&gt;
&lt;li&gt;
&lt;p&gt;Use &lt;a href=&#34;https://docs.radapp.io/reference/cli/rad_env_update/&#34;&gt;&lt;code&gt;rad env update&lt;/code&gt;&lt;/a&gt; to update your Radius Environment with your Azure subscription ID and Azure resource group:&lt;/p&gt;
&lt;div class=&#34;highlight&#34;&gt;&lt;pre tabindex=&#34;0&#34; style=&#34;color:#f8f8f2;background-color:#272822;-moz-tab-size:4;-o-tab-size:4;tab-size:4;&#34;&gt;&lt;code class=&#34;language-bash&#34; data-lang=&#34;bash&#34;&gt;&lt;span style=&#34;display:flex;&#34;&gt;&lt;span&gt;rad env update myEnvironment --azure-subscription-id myAzureSubscriptionId --azure-resource-group  myAzureResourceGroup
&lt;/span&gt;&lt;/span&gt;&lt;/code&gt;&lt;/pre&gt;&lt;/div&gt;&lt;/li&gt;
&lt;li&gt;
&lt;p&gt;Run &lt;code&gt;az ad sp create-for-rbac&lt;/code&gt; to create a Service Principal without a role assignment and obtain your &lt;code&gt;appId&lt;/code&gt;, &lt;code&gt;displayName&lt;/code&gt;, &lt;code&gt;password&lt;/code&gt;, and &lt;code&gt;tenant&lt;/code&gt; information.&lt;/p&gt;
&lt;pre tabindex=&#34;0&#34;&gt;&lt;code&gt;{
&amp;#34;appId&amp;#34;: &amp;#34;****&amp;#34;,
&amp;#34;displayName&amp;#34;: &amp;#34;****&amp;#34;,
&amp;#34;password&amp;#34;: &amp;#34;****&amp;#34;,
&amp;#34;tenant&amp;#34;: &amp;#34;****&amp;#34;
}
&lt;/code&gt;&lt;/pre&gt;&lt;/li&gt;
&lt;li&gt;
&lt;p&gt;Use &lt;a href=&#34;https://docs.radapp.io/reference/cli/rad_credential_register_azure/&#34;&gt;&lt;code&gt;rad credential register azure&lt;/code&gt;&lt;/a&gt; to add the Azure service principal to your Radius installation:&lt;/p&gt;
&lt;div class=&#34;highlight&#34;&gt;&lt;pre tabindex=&#34;0&#34; style=&#34;color:#f8f8f2;background-color:#272822;-moz-tab-size:4;-o-tab-size:4;tab-size:4;&#34;&gt;&lt;code class=&#34;language-bash&#34; data-lang=&#34;bash&#34;&gt;&lt;span style=&#34;display:flex;&#34;&gt;&lt;span&gt;rad credential register azure --client-id myClientId  --client-secret myClientSecret  --tenant-id myTenantId
&lt;/span&gt;&lt;/span&gt;&lt;/code&gt;&lt;/pre&gt;&lt;/div&gt;&lt;p&gt;Radius will use the provided service principal for all interactions with Azure, including Bicep and Recipe deployments.&lt;/p&gt;
&lt;/li&gt;
&lt;/ol&gt;

      </description>
    </item>
    
    <item>
      <title>Guides: How-To: Configure the AWS cloud provider</title>
      <link>https://docs.radapp.io/guides/operations/providers/howto-aws-provider/</link>
      <pubDate>Mon, 01 Jan 0001 00:00:00 +0000</pubDate>
      
      <guid>https://docs.radapp.io/guides/operations/providers/howto-aws-provider/</guid>
      <description>
        
        
        &lt;p&gt;The AWS provider allows you to deploy and connect to AWS resources from a Radius Environment on an EKS cluster. It can be configured:&lt;/p&gt;
&lt;ul&gt;
&lt;li&gt;&lt;a href=&#34;#interactive-configuration&#34;&gt;Interactively via &lt;code&gt;rad init&lt;/code&gt;&lt;/a&gt;&lt;/li&gt;
&lt;li&gt;&lt;a href=&#34;#manual-configuration&#34;&gt;Manually via &lt;code&gt;rad env update&lt;/code&gt; and &lt;code&gt;rad credential register&lt;/code&gt;&lt;/a&gt;&lt;/li&gt;
&lt;/ul&gt;
&lt;h2 id=&#34;prerequisites&#34;&gt;Prerequisites&lt;/h2&gt;
&lt;ul&gt;
&lt;li&gt;&lt;a href=&#34;https://aws.amazon.com/premiumsupport/knowledge-center/create-and-activate-aws-account&#34;&gt;AWS account&lt;/a&gt; and an &lt;a href=&#34;https://docs.aws.amazon.com/IAM/latest/UserGuide/getting-started_create-admin-group.html&#34;&gt;IAM user&lt;/a&gt;&lt;/li&gt;
&lt;li&gt;&lt;a href=&#34;https://docs.radapp.io/installation/#step-1-install-the-rad-cli&#34;&gt;rad CLI&lt;/a&gt;&lt;/li&gt;
&lt;/ul&gt;
&lt;h2 id=&#34;interactive-configuration&#34;&gt;Interactive configuration&lt;/h2&gt;
&lt;ol&gt;
&lt;li&gt;
&lt;p&gt;Initialize a new environment with &lt;a href=&#34;https://docs.radapp.io/reference/cli/rad_init/&#34;&gt;&lt;code&gt;rad init --full&lt;/code&gt;&lt;/a&gt;:&lt;/p&gt;
&lt;div class=&#34;highlight&#34;&gt;&lt;pre tabindex=&#34;0&#34; style=&#34;color:#f8f8f2;background-color:#272822;-moz-tab-size:4;-o-tab-size:4;tab-size:4;&#34;&gt;&lt;code class=&#34;language-bash&#34; data-lang=&#34;bash&#34;&gt;&lt;span style=&#34;display:flex;&#34;&gt;&lt;span&gt;rad init --full
&lt;/span&gt;&lt;/span&gt;&lt;/code&gt;&lt;/pre&gt;&lt;/div&gt;&lt;/li&gt;
&lt;li&gt;
&lt;p&gt;Follow the prompts, specifying:&lt;/p&gt;
&lt;ul&gt;
&lt;li&gt;&lt;strong&gt;Namespace&lt;/strong&gt; - The Kubernetes namespace where your application containers and networking resources will be deployed (different than the Radius control-plane namespace, &lt;code&gt;radius-system&lt;/code&gt;).&lt;/li&gt;
&lt;li&gt;&lt;strong&gt;Add an AWS provider&lt;/strong&gt; - Enter your IAM access key and secret key and pick a region to deploy your AWS resources to.&lt;/li&gt;
&lt;li&gt;&lt;strong&gt;Environment name&lt;/strong&gt; - The name of the environment to create.&lt;/li&gt;
&lt;/ul&gt;
&lt;p&gt;You should see the following output:&lt;/p&gt;
&lt;pre tabindex=&#34;0&#34;&gt;&lt;code&gt;Initializing Radius...                     

✅ Install Radius v0.26               
   - Kubernetes cluster: k3d-k3s-default   
   - Kubernetes namespace: radius-system 
   - AWS IAM access key ID: ****  
✅ Create new environment default          
   - Kubernetes namespace: default 
   - AWS: account ***** and region: us-west-2        
✅ Scaffold application samples            
✅ Update local configuration              

Initialization complete! Have a RAD time 😎
&lt;/code&gt;&lt;/pre&gt;&lt;/li&gt;
&lt;/ol&gt;
&lt;h2 id=&#34;manual-configuration&#34;&gt;Manual configuration&lt;/h2&gt;
&lt;ol&gt;
&lt;li&gt;
&lt;p&gt;Update your Radius Environment with your AWS region and AWS account ID:&lt;/p&gt;
&lt;div class=&#34;highlight&#34;&gt;&lt;pre tabindex=&#34;0&#34; style=&#34;color:#f8f8f2;background-color:#272822;-moz-tab-size:4;-o-tab-size:4;tab-size:4;&#34;&gt;&lt;code class=&#34;language-bash&#34; data-lang=&#34;bash&#34;&gt;&lt;span style=&#34;display:flex;&#34;&gt;&lt;span&gt;rad env update myEnvironment --aws-region myAwsRegion --aws-account-id myAwsAccountId
&lt;/span&gt;&lt;/span&gt;&lt;/code&gt;&lt;/pre&gt;&lt;/div&gt;&lt;p&gt;This command updates the configuration of an environment for properties that are able to be changed. For more information visit &lt;a href=&#34;https://docs.radapp.io/reference/cli/rad_env_update/&#34;&gt;&lt;code&gt;rad env update&lt;/code&gt;&lt;/a&gt;&lt;/p&gt;
&lt;/li&gt;
&lt;li&gt;
&lt;p&gt;Add your AWS cloud provider credentials:&lt;/p&gt;
&lt;div class=&#34;highlight&#34;&gt;&lt;pre tabindex=&#34;0&#34; style=&#34;color:#f8f8f2;background-color:#272822;-moz-tab-size:4;-o-tab-size:4;tab-size:4;&#34;&gt;&lt;code class=&#34;language-bash&#34; data-lang=&#34;bash&#34;&gt;&lt;span style=&#34;display:flex;&#34;&gt;&lt;span&gt;rad credential register aws --access-key-id myAccessKeyId --secret-access-key mySecretAccessKey
&lt;/span&gt;&lt;/span&gt;&lt;/code&gt;&lt;/pre&gt;&lt;/div&gt;&lt;p&gt;For more information on the command arguments visit &lt;a href=&#34;https://docs.radapp.io/reference/cli/rad_credential_register_aws/&#34;&gt;&lt;code&gt;rad credential register aws&lt;/code&gt;&lt;/a&gt;&lt;/p&gt;
&lt;/li&gt;
&lt;/ol&gt;

      </description>
    </item>
    
  </channel>
</rss>
