<rss version="2.0" xmlns:atom="http://www.w3.org/2005/Atom">
  <channel>
    <title>Radius Docs – Microsoft Azure resources</title>
    <link>https://docs.radapp.io/guides/author-apps/azure/</link>
    <description>Recent content in Microsoft Azure resources on Radius Docs</description>
    <generator>Hugo -- gohugo.io</generator>
    <language>en-us</language>
    
	  <atom:link href="https://docs.radapp.io/guides/author-apps/azure/index.xml" rel="self" type="application/rss+xml" />
    
    
      
        
      
    
    
    <item>
      <title>Guides: Overview: Microsoft Azure resources</title>
      <link>https://docs.radapp.io/guides/author-apps/azure/overview/</link>
      <pubDate>Mon, 01 Jan 0001 00:00:00 +0000</pubDate>
      
      <guid>https://docs.radapp.io/guides/author-apps/azure/overview/</guid>
      <description>
        
        
        &lt;p&gt;Radius Applications are able to connect to and leverage every Azure resource with Bicep. Simply model your Azure resources in Bicep and add a connection from your Radius resources.&lt;/p&gt;
&lt;h2 id=&#34;configure-an-azure-provider&#34;&gt;Configure an Azure Provider&lt;/h2&gt;
&lt;p&gt;The Azure provider allows you to deploy and connect to Azure resources from a Radius Environment on any of the &lt;a href=&#34;https://docs.radapp.io/guides/operations/kubernetes/overview/#supported-clusters&#34;&gt;supported clusters&lt;/a&gt;. To configure an Azure provider, you can follow the documentation &lt;a href=&#34;https://docs.radapp.io/guides/operations/providers/howto-azure-provider/&#34;&gt;here&lt;/a&gt;.&lt;/p&gt;
&lt;h2 id=&#34;resource-library&#34;&gt;Resource library&lt;/h2&gt;
&lt;p&gt;Visit &lt;a href=&#34;https://docs.microsoft.com/azure/templates/&#34;&gt;the Microsoft docs&lt;/a&gt; to reference every Azure resource and how to represent it in Bicep.&lt;/p&gt;









&lt;a class=&#34;btn  btn-primary&#34; href=&#34;https://docs.microsoft.com/azure/templates/&#34; role=&#34;button&#34;target=&#34;_blank&#34;&gt;Azure resource library&lt;/a&gt;&lt;br /&gt;
&lt;br /&gt;
&lt;h2 id=&#34;example&#34;&gt;Example&lt;/h2&gt;
&lt;ul class=&#34;nav nav-tabs&#34; id=&#34;tabs-3&#34; role=&#34;tablist&#34;&gt;&lt;li class=&#34;nav-item&#34;&gt;&lt;a class=&#34;nav-link active&#34;
    id=&#34;tabs-3-bicep-tab&#34; data-toggle=&#34;tab&#34; href=&#34;#tabs-3-bicep&#34; role=&#34;tab&#34;
    aria-controls=&#34;tabs-3-bicep&#34; aria-selected=&#34;true&#34;&gt;
    Bicep
  &lt;/a&gt;
  &lt;/li&gt;&lt;/ul&gt;


&lt;div class=&#34;tab-content&#34; id=&#34;tabs-3-content&#34;&gt;


&lt;div class=&#34;tab-pane fade show active&#34; id=&#34;tabs-3-bicep&#34; role=&#34;tabpanel&#34; aria-labelled-by=&#34;tabs-3-bicep-tab&#34;&gt;
&lt;br /&gt;&lt;p&gt;In the following example, a &lt;a href=&#34;https://docs.radapp.io/guides/author-apps/containers/&#34;&gt;Container&lt;/a&gt; is connecting to an Azure Cache for Redis resource. The Container is assigned the &lt;code&gt;Redis Cache Contributor&lt;/code&gt; role:&lt;/p&gt;
&lt;div class=&#34;highlight&#34;&gt;&lt;pre tabindex=&#34;0&#34; style=&#34;color:#f8f8f2;background-color:#272822;-moz-tab-size:4;-o-tab-size:4;tab-size:4;&#34;&gt;&lt;code class=&#34;language-bicep&#34; data-lang=&#34;bicep&#34;&gt;&lt;span style=&#34;display:flex;&#34;&gt;&lt;span&gt;import radius as radius
&lt;/span&gt;&lt;/span&gt;&lt;span style=&#34;display:flex;&#34;&gt;&lt;span&gt;
&lt;/span&gt;&lt;/span&gt;&lt;span style=&#34;display:flex;&#34;&gt;&lt;span&gt;&lt;span style=&#34;color:#66d9ef&#34;&gt;param&lt;/span&gt; &lt;span style=&#34;color:#a6e22e&#34;&gt;environment&lt;/span&gt; &lt;span style=&#34;color:#a6e22e&#34;&gt;string&lt;/span&gt;
&lt;/span&gt;&lt;/span&gt;&lt;span style=&#34;display:flex;&#34;&gt;&lt;span&gt;
&lt;/span&gt;&lt;/span&gt;&lt;span style=&#34;display:flex;&#34;&gt;&lt;span&gt;@&lt;span style=&#34;color:#a6e22e&#34;&gt;description&lt;/span&gt;(&lt;span style=&#34;color:#e6db74&#34;&gt;&amp;#39;The Azure region to deploy Azure resource(s) into. Defaults to the region of the target Azure resource group.&amp;#39;&lt;/span&gt;)
&lt;/span&gt;&lt;/span&gt;&lt;span style=&#34;display:flex;&#34;&gt;&lt;span&gt;&lt;span style=&#34;color:#66d9ef&#34;&gt;param&lt;/span&gt; location &lt;span style=&#34;color:#a6e22e&#34;&gt;string&lt;/span&gt; = &lt;span style=&#34;color:#a6e22e&#34;&gt;resourceGroup&lt;/span&gt;().location
&lt;/span&gt;&lt;/span&gt;&lt;span style=&#34;display:flex;&#34;&gt;&lt;span&gt;
&lt;/span&gt;&lt;/span&gt;&lt;span style=&#34;display:flex;&#34;&gt;&lt;span&gt;&lt;span style=&#34;color:#66d9ef&#34;&gt;resource&lt;/span&gt; cache &lt;span style=&#34;color:#e6db74&#34;&gt;&amp;#39;Microsoft.Cache/Redis@2019-07-01&amp;#39;&lt;/span&gt; = {
&lt;/span&gt;&lt;/span&gt;&lt;span style=&#34;display:flex;&#34;&gt;&lt;span&gt;  name: &lt;span style=&#34;color:#e6db74&#34;&gt;&amp;#39;mycache&amp;#39;&lt;/span&gt;
&lt;/span&gt;&lt;/span&gt;&lt;span style=&#34;display:flex;&#34;&gt;&lt;span&gt;  location: location
&lt;/span&gt;&lt;/span&gt;&lt;span style=&#34;display:flex;&#34;&gt;&lt;span&gt;  properties: {
&lt;/span&gt;&lt;/span&gt;&lt;span style=&#34;display:flex;&#34;&gt;&lt;span&gt;    sku: {
&lt;/span&gt;&lt;/span&gt;&lt;span style=&#34;display:flex;&#34;&gt;&lt;span&gt;      capacity: 0
&lt;/span&gt;&lt;/span&gt;&lt;span style=&#34;display:flex;&#34;&gt;&lt;span&gt;      family: &lt;span style=&#34;color:#e6db74&#34;&gt;&amp;#39;C&amp;#39;&lt;/span&gt;
&lt;/span&gt;&lt;/span&gt;&lt;span style=&#34;display:flex;&#34;&gt;&lt;span&gt;      name: &lt;span style=&#34;color:#e6db74&#34;&gt;&amp;#39;Basic&amp;#39;&lt;/span&gt;
&lt;/span&gt;&lt;/span&gt;&lt;span style=&#34;display:flex;&#34;&gt;&lt;span&gt;    }
&lt;/span&gt;&lt;/span&gt;&lt;span style=&#34;display:flex;&#34;&gt;&lt;span&gt;  }
&lt;/span&gt;&lt;/span&gt;&lt;span style=&#34;display:flex;&#34;&gt;&lt;span&gt;}
&lt;/span&gt;&lt;/span&gt;&lt;span style=&#34;display:flex;&#34;&gt;&lt;span&gt;
&lt;/span&gt;&lt;/span&gt;&lt;span style=&#34;display:flex;&#34;&gt;&lt;span&gt;&lt;span style=&#34;color:#66d9ef&#34;&gt;resource&lt;/span&gt; app &lt;span style=&#34;color:#e6db74&#34;&gt;&amp;#39;Applications.Core/applications@2023-10-01-preview&amp;#39;&lt;/span&gt; = {
&lt;/span&gt;&lt;/span&gt;&lt;span style=&#34;display:flex;&#34;&gt;&lt;span&gt;  name: &lt;span style=&#34;color:#e6db74&#34;&gt;&amp;#39;myapp&amp;#39;&lt;/span&gt;
&lt;/span&gt;&lt;/span&gt;&lt;span style=&#34;display:flex;&#34;&gt;&lt;span&gt;  properties: {
&lt;/span&gt;&lt;/span&gt;&lt;span style=&#34;display:flex;&#34;&gt;&lt;span&gt;    environment: &lt;span style=&#34;color:#a6e22e&#34;&gt;environment&lt;/span&gt;
&lt;/span&gt;&lt;/span&gt;&lt;span style=&#34;display:flex;&#34;&gt;&lt;span&gt;  }
&lt;/span&gt;&lt;/span&gt;&lt;span style=&#34;display:flex;&#34;&gt;&lt;span&gt;}
&lt;/span&gt;&lt;/span&gt;&lt;span style=&#34;display:flex;&#34;&gt;&lt;span&gt;
&lt;/span&gt;&lt;/span&gt;&lt;span style=&#34;display:flex;&#34;&gt;&lt;span&gt;&lt;span style=&#34;color:#66d9ef&#34;&gt;resource&lt;/span&gt; container &lt;span style=&#34;color:#e6db74&#34;&gt;&amp;#39;Applications.Core/containers@2023-10-01-preview&amp;#39;&lt;/span&gt; = {
&lt;/span&gt;&lt;/span&gt;&lt;span style=&#34;display:flex;&#34;&gt;&lt;span&gt;  name: &lt;span style=&#34;color:#e6db74&#34;&gt;&amp;#39;mycontainer&amp;#39;&lt;/span&gt;
&lt;/span&gt;&lt;/span&gt;&lt;span style=&#34;display:flex;&#34;&gt;&lt;span&gt;  properties: {
&lt;/span&gt;&lt;/span&gt;&lt;span style=&#34;display:flex;&#34;&gt;&lt;span&gt;    application: app.id
&lt;/span&gt;&lt;/span&gt;&lt;span style=&#34;display:flex;&#34;&gt;&lt;span&gt;    container: {
&lt;/span&gt;&lt;/span&gt;&lt;span style=&#34;display:flex;&#34;&gt;&lt;span&gt;      image: &lt;span style=&#34;color:#e6db74&#34;&gt;&amp;#39;myimage&amp;#39;&lt;/span&gt;
&lt;/span&gt;&lt;/span&gt;&lt;span style=&#34;display:flex;&#34;&gt;&lt;span&gt;      env: {
&lt;/span&gt;&lt;/span&gt;&lt;span style=&#34;display:flex;&#34;&gt;&lt;span&gt;        REDIS_HOST: cache.properties.hostName
&lt;/span&gt;&lt;/span&gt;&lt;span style=&#34;display:flex;&#34;&gt;&lt;span&gt;      }
&lt;/span&gt;&lt;/span&gt;&lt;span style=&#34;display:flex;&#34;&gt;&lt;span&gt;    }
&lt;/span&gt;&lt;/span&gt;&lt;span style=&#34;display:flex;&#34;&gt;&lt;span&gt;    connections: {
&lt;/span&gt;&lt;/span&gt;&lt;span style=&#34;display:flex;&#34;&gt;&lt;span&gt;      redis: {
&lt;/span&gt;&lt;/span&gt;&lt;span style=&#34;display:flex;&#34;&gt;&lt;span&gt;        iam: {
&lt;/span&gt;&lt;/span&gt;&lt;span style=&#34;display:flex;&#34;&gt;&lt;span&gt;          kind: &lt;span style=&#34;color:#e6db74&#34;&gt;&amp;#39;azure&amp;#39;&lt;/span&gt;
&lt;/span&gt;&lt;/span&gt;&lt;span style=&#34;display:flex;&#34;&gt;&lt;span&gt;          roles: [
&lt;/span&gt;&lt;/span&gt;&lt;span style=&#34;display:flex;&#34;&gt;&lt;span&gt;            &lt;span style=&#34;color:#e6db74&#34;&gt;&amp;#39;Redis Cache Contributor&amp;#39;&lt;/span&gt;
&lt;/span&gt;&lt;/span&gt;&lt;span style=&#34;display:flex;&#34;&gt;&lt;span&gt;          ]
&lt;/span&gt;&lt;/span&gt;&lt;span style=&#34;display:flex;&#34;&gt;&lt;span&gt;        }
&lt;/span&gt;&lt;/span&gt;&lt;span style=&#34;display:flex;&#34;&gt;&lt;span&gt;        source: cache.id
&lt;/span&gt;&lt;/span&gt;&lt;span style=&#34;display:flex;&#34;&gt;&lt;span&gt;      }
&lt;/span&gt;&lt;/span&gt;&lt;span style=&#34;display:flex;&#34;&gt;&lt;span&gt;    }
&lt;/span&gt;&lt;/span&gt;&lt;span style=&#34;display:flex;&#34;&gt;&lt;span&gt;  }
&lt;/span&gt;&lt;/span&gt;&lt;span style=&#34;display:flex;&#34;&gt;&lt;span&gt;}
&lt;/span&gt;&lt;/span&gt;&lt;/code&gt;&lt;/pre&gt;&lt;/div&gt;
&lt;/div&gt;


&lt;/div&gt;

      </description>
    </item>
    
    <item>
      <title>Guides: How-To: Connect a container to an Azure resource</title>
      <link>https://docs.radapp.io/guides/author-apps/azure/azure-connection/</link>
      <pubDate>Mon, 01 Jan 0001 00:00:00 +0000</pubDate>
      
      <guid>https://docs.radapp.io/guides/author-apps/azure/azure-connection/</guid>
      <description>
        
        
        &lt;p&gt;This how-to guide will provide an overview of how to:&lt;/p&gt;
&lt;ul&gt;
&lt;li&gt;Setup a Radius Environment with an identity provider&lt;/li&gt;
&lt;li&gt;Define a connection to an Azure resource with Azure AD role-based access control (RBAC) assignments&lt;/li&gt;
&lt;li&gt;Leverage Azure managed identities to connect to an Azure resource&lt;/li&gt;
&lt;/ul&gt;
&lt;p&gt;The steps below will showcase a &amp;ldquo;rad-ified&amp;rdquo; version of the existing &lt;a href=&#34;https://azure.github.io/azure-workload-identity/docs/quick-start.html&#34;&gt;Azure AD workload identity quickstart&lt;/a&gt;.&lt;/p&gt;
&lt;h2 id=&#34;prerequisites&#34;&gt;Prerequisites&lt;/h2&gt;
&lt;ul&gt;
&lt;li&gt;&lt;a href=&#34;https://docs.radapp.io/installation/#step-1-install-the-rad-cli&#34;&gt;rad CLI&lt;/a&gt;&lt;/li&gt;
&lt;li&gt;&lt;a href=&#34;https://docs.radapp.io/installation/#step-2-install-the-vs-code-extension&#34;&gt;Radius Bicep VSCode extension&lt;/a&gt;&lt;/li&gt;
&lt;li&gt;&lt;a href=&#34;https://docs.radapp.io/guides/operations/kubernetes/overview/#supported-clusters&#34;&gt;Setup a supported Kubernetes cluster&lt;/a&gt;&lt;/li&gt;
&lt;li&gt;&lt;a href=&#34;https://azure.github.io/azure-workload-identity/docs/installation.html&#34;&gt;Azure AD Workload Identity&lt;/a&gt; installed in your cluster, including the &lt;a href=&#34;https://azure.github.io/azure-workload-identity/docs/installation/mutating-admission-webhook.html&#34;&gt;Mutating Admission Webhook&lt;/a&gt;&lt;/li&gt;
&lt;/ul&gt;
&lt;h2 id=&#34;step-1-initialize-radius&#34;&gt;Step 1: Initialize Radius&lt;/h2&gt;
&lt;p&gt;Begin by running &lt;a href=&#34;https://docs.radapp.io/reference/cli/rad_init/&#34;&gt;&lt;code&gt;rad init --full&lt;/code&gt;&lt;/a&gt;. Make sure to configure an Azure cloud provider:&lt;/p&gt;
&lt;div class=&#34;highlight&#34;&gt;&lt;pre tabindex=&#34;0&#34; style=&#34;color:#f8f8f2;background-color:#272822;-moz-tab-size:4;-o-tab-size:4;tab-size:4;&#34;&gt;&lt;code class=&#34;language-bash&#34; data-lang=&#34;bash&#34;&gt;&lt;span style=&#34;display:flex;&#34;&gt;&lt;span&gt;rad init --full
&lt;/span&gt;&lt;/span&gt;&lt;/code&gt;&lt;/pre&gt;&lt;/div&gt;&lt;h2 id=&#34;step-2-define-a-radius-environment&#34;&gt;Step 2: Define a Radius Environment&lt;/h2&gt;
&lt;p&gt;Create a file named &lt;code&gt;app.bicep&lt;/code&gt; and define a Radius Environment with &lt;a href=&#34;https://docs.radapp.io/guides/deploy-apps/environments/overview/&#34;&gt;identity property&lt;/a&gt; set. This configures your environment to use your Azure AD workload identity installation with your cluster&amp;rsquo;s OIDC endpoint:&lt;/p&gt;











    
    
    


    

    

    

&lt;div class=&#34;highlight&#34;&gt;&lt;pre tabindex=&#34;0&#34; style=&#34;color:#f8f8f2;background-color:#272822;-moz-tab-size:4;-o-tab-size:4;tab-size:4;&#34;&gt;&lt;code class=&#34;language-bicep&#34; data-lang=&#34;bicep&#34;&gt;&lt;span style=&#34;display:flex;&#34;&gt;&lt;span&gt;import radius as radius
&lt;/span&gt;&lt;/span&gt;&lt;span style=&#34;display:flex;&#34;&gt;&lt;span&gt;
&lt;/span&gt;&lt;/span&gt;&lt;span style=&#34;display:flex;&#34;&gt;&lt;span&gt;@&lt;span style=&#34;color:#a6e22e&#34;&gt;description&lt;/span&gt;(&lt;span style=&#34;color:#e6db74&#34;&gt;&amp;#39;The Azure region to deploy Azure resource(s) into. Defaults to the region of the target Azure resource group.&amp;#39;&lt;/span&gt;)
&lt;/span&gt;&lt;/span&gt;&lt;span style=&#34;display:flex;&#34;&gt;&lt;span&gt;&lt;span style=&#34;color:#66d9ef&#34;&gt;param&lt;/span&gt; azLocation &lt;span style=&#34;color:#a6e22e&#34;&gt;string&lt;/span&gt; = &lt;span style=&#34;color:#a6e22e&#34;&gt;resourceGroup&lt;/span&gt;().location
&lt;/span&gt;&lt;/span&gt;&lt;span style=&#34;display:flex;&#34;&gt;&lt;span&gt;
&lt;/span&gt;&lt;/span&gt;&lt;span style=&#34;display:flex;&#34;&gt;&lt;span&gt;@&lt;span style=&#34;color:#a6e22e&#34;&gt;description&lt;/span&gt;(&lt;span style=&#34;color:#e6db74&#34;&gt;&amp;#39;Specifies the OIDC issuer URL&amp;#39;&lt;/span&gt;)
&lt;/span&gt;&lt;/span&gt;&lt;span style=&#34;display:flex;&#34;&gt;&lt;span&gt;&lt;span style=&#34;color:#66d9ef&#34;&gt;param&lt;/span&gt; oidcIssuer &lt;span style=&#34;color:#a6e22e&#34;&gt;string&lt;/span&gt; 
&lt;/span&gt;&lt;/span&gt;&lt;span style=&#34;display:flex;&#34;&gt;&lt;span&gt;
&lt;/span&gt;&lt;/span&gt;&lt;span style=&#34;display:flex;&#34;&gt;&lt;span&gt;&lt;span style=&#34;color:#66d9ef&#34;&gt;resource&lt;/span&gt; env &lt;span style=&#34;color:#e6db74&#34;&gt;&amp;#39;Applications.Core/environments@2023-10-01-preview&amp;#39;&lt;/span&gt; = {
&lt;/span&gt;&lt;/span&gt;&lt;span style=&#34;display:flex;&#34;&gt;&lt;span&gt;  name: &lt;span style=&#34;color:#e6db74&#34;&gt;&amp;#39;iam-quickstart&amp;#39;&lt;/span&gt;
&lt;/span&gt;&lt;/span&gt;&lt;span style=&#34;display:flex;&#34;&gt;&lt;span&gt;  properties: {
&lt;/span&gt;&lt;/span&gt;&lt;span style=&#34;display:flex;&#34;&gt;&lt;span&gt;    compute: {
&lt;/span&gt;&lt;/span&gt;&lt;span style=&#34;display:flex;&#34;&gt;&lt;span&gt;      kind: &lt;span style=&#34;color:#e6db74&#34;&gt;&amp;#39;kubernetes&amp;#39;&lt;/span&gt;
&lt;/span&gt;&lt;/span&gt;&lt;span style=&#34;display:flex;&#34;&gt;&lt;span&gt;      resourceId: &lt;span style=&#34;color:#e6db74&#34;&gt;&amp;#39;self&amp;#39;&lt;/span&gt;
&lt;/span&gt;&lt;/span&gt;&lt;span style=&#34;display:flex;&#34;&gt;&lt;span&gt;      namespace: &lt;span style=&#34;color:#e6db74&#34;&gt;&amp;#39;iam-quickstart&amp;#39;&lt;/span&gt;
&lt;/span&gt;&lt;/span&gt;&lt;span style=&#34;display:flex;&#34;&gt;&lt;span&gt;      identity: {
&lt;/span&gt;&lt;/span&gt;&lt;span style=&#34;display:flex;&#34;&gt;&lt;span&gt;        kind: &lt;span style=&#34;color:#e6db74&#34;&gt;&amp;#39;azure.com.workload&amp;#39;&lt;/span&gt;
&lt;/span&gt;&lt;/span&gt;&lt;span style=&#34;display:flex;&#34;&gt;&lt;span&gt;        oidcIssuer: oidcIssuer
&lt;/span&gt;&lt;/span&gt;&lt;span style=&#34;display:flex;&#34;&gt;&lt;span&gt;      }
&lt;/span&gt;&lt;/span&gt;&lt;span style=&#34;display:flex;&#34;&gt;&lt;span&gt;    }
&lt;/span&gt;&lt;/span&gt;&lt;span style=&#34;display:flex;&#34;&gt;&lt;span&gt;    providers: {
&lt;/span&gt;&lt;/span&gt;&lt;span style=&#34;display:flex;&#34;&gt;&lt;span&gt;      azure: {
&lt;/span&gt;&lt;/span&gt;&lt;span style=&#34;display:flex;&#34;&gt;&lt;span&gt;        scope: &lt;span style=&#34;color:#a6e22e&#34;&gt;resourceGroup&lt;/span&gt;().id
&lt;/span&gt;&lt;/span&gt;&lt;span style=&#34;display:flex;&#34;&gt;&lt;span&gt;      }
&lt;/span&gt;&lt;/span&gt;&lt;span style=&#34;display:flex;&#34;&gt;&lt;span&gt;    }
&lt;/span&gt;&lt;/span&gt;&lt;span style=&#34;display:flex;&#34;&gt;&lt;span&gt;  }
&lt;/span&gt;&lt;/span&gt;&lt;span style=&#34;display:flex;&#34;&gt;&lt;span&gt;}
&lt;/span&gt;&lt;/span&gt;&lt;/code&gt;&lt;/pre&gt;&lt;/div&gt;


&lt;h2 id=&#34;step-3-define-an-app-and-a-container&#34;&gt;Step 3: Define an app and a container&lt;/h2&gt;
&lt;p&gt;Add a Radius Application, a Radius &lt;a href=&#34;https://docs.radapp.io/guides/author-apps/containers/&#34;&gt;container&lt;/a&gt;, and an Azure Key Vault to your &lt;code&gt;app.bicep&lt;/code&gt; file. Note the connection from the container to the Key Vault, with an iam property set for the Azure AD RBAC role:&lt;/p&gt;











    
    
    


    

    

    

&lt;div class=&#34;highlight&#34;&gt;&lt;pre tabindex=&#34;0&#34; style=&#34;color:#f8f8f2;background-color:#272822;-moz-tab-size:4;-o-tab-size:4;tab-size:4;&#34;&gt;&lt;code class=&#34;language-bicep&#34; data-lang=&#34;bicep&#34;&gt;&lt;span style=&#34;display:flex;&#34;&gt;&lt;span&gt;&lt;span style=&#34;color:#66d9ef&#34;&gt;resource&lt;/span&gt; app &lt;span style=&#34;color:#e6db74&#34;&gt;&amp;#39;Applications.Core/applications@2023-10-01-preview&amp;#39;&lt;/span&gt; = {
&lt;/span&gt;&lt;/span&gt;&lt;span style=&#34;display:flex;&#34;&gt;&lt;span&gt;  name: &lt;span style=&#34;color:#e6db74&#34;&gt;&amp;#39;myapp&amp;#39;&lt;/span&gt;
&lt;/span&gt;&lt;/span&gt;&lt;span style=&#34;display:flex;&#34;&gt;&lt;span&gt;  properties: {
&lt;/span&gt;&lt;/span&gt;&lt;span style=&#34;display:flex;&#34;&gt;&lt;span&gt;    environment: env.id
&lt;/span&gt;&lt;/span&gt;&lt;span style=&#34;display:flex;&#34;&gt;&lt;span&gt;  }
&lt;/span&gt;&lt;/span&gt;&lt;span style=&#34;display:flex;&#34;&gt;&lt;span&gt;}
&lt;/span&gt;&lt;/span&gt;&lt;span style=&#34;display:flex;&#34;&gt;&lt;span&gt;
&lt;/span&gt;&lt;/span&gt;&lt;span style=&#34;display:flex;&#34;&gt;&lt;span&gt;&lt;span style=&#34;color:#66d9ef&#34;&gt;resource&lt;/span&gt; container &lt;span style=&#34;color:#e6db74&#34;&gt;&amp;#39;Applications.Core/containers@2023-10-01-preview&amp;#39;&lt;/span&gt; = {
&lt;/span&gt;&lt;/span&gt;&lt;span style=&#34;display:flex;&#34;&gt;&lt;span&gt;  name: &lt;span style=&#34;color:#e6db74&#34;&gt;&amp;#39;mycontainer&amp;#39;&lt;/span&gt;
&lt;/span&gt;&lt;/span&gt;&lt;span style=&#34;display:flex;&#34;&gt;&lt;span&gt;  properties: {
&lt;/span&gt;&lt;/span&gt;&lt;span style=&#34;display:flex;&#34;&gt;&lt;span&gt;    application: app.id
&lt;/span&gt;&lt;/span&gt;&lt;span style=&#34;display:flex;&#34;&gt;&lt;span&gt;    container: {
&lt;/span&gt;&lt;/span&gt;&lt;span style=&#34;display:flex;&#34;&gt;&lt;span&gt;      image: &lt;span style=&#34;color:#e6db74&#34;&gt;&amp;#39;ghcr.io/azure/azure-workload-identity/msal-go:latest&amp;#39;&lt;/span&gt;
&lt;/span&gt;&lt;/span&gt;&lt;span style=&#34;display:flex;&#34;&gt;&lt;span&gt;      env: {
&lt;/span&gt;&lt;/span&gt;&lt;span style=&#34;display:flex;&#34;&gt;&lt;span&gt;        KEYVAULT_NAME: keyvault.name
&lt;/span&gt;&lt;/span&gt;&lt;span style=&#34;display:flex;&#34;&gt;&lt;span&gt;        KEYVAULT_URL: keyvault.properties.vaultUri
&lt;/span&gt;&lt;/span&gt;&lt;span style=&#34;display:flex;&#34;&gt;&lt;span&gt;        SECRET_NAME: &lt;span style=&#34;color:#e6db74&#34;&gt;&amp;#39;mysecret&amp;#39;&lt;/span&gt;
&lt;/span&gt;&lt;/span&gt;&lt;span style=&#34;display:flex;&#34;&gt;&lt;span&gt;      }
&lt;/span&gt;&lt;/span&gt;&lt;span style=&#34;display:flex;&#34;&gt;&lt;span&gt;    }
&lt;/span&gt;&lt;/span&gt;&lt;span style=&#34;display:flex;&#34;&gt;&lt;span&gt;    connections: {
&lt;/span&gt;&lt;/span&gt;&lt;span style=&#34;display:flex;&#34;&gt;&lt;span&gt;      vault: {
&lt;/span&gt;&lt;/span&gt;&lt;span style=&#34;display:flex;&#34;&gt;&lt;span&gt;        source: keyvault.id
&lt;/span&gt;&lt;/span&gt;&lt;span style=&#34;display:flex;&#34;&gt;&lt;span&gt;        iam: {
&lt;/span&gt;&lt;/span&gt;&lt;span style=&#34;display:flex;&#34;&gt;&lt;span&gt;          kind: &lt;span style=&#34;color:#e6db74&#34;&gt;&amp;#39;azure&amp;#39;&lt;/span&gt;
&lt;/span&gt;&lt;/span&gt;&lt;span style=&#34;display:flex;&#34;&gt;&lt;span&gt;          roles: [
&lt;/span&gt;&lt;/span&gt;&lt;span style=&#34;display:flex;&#34;&gt;&lt;span&gt;            &lt;span style=&#34;color:#e6db74&#34;&gt;&amp;#39;Key Vault Secrets User&amp;#39;&lt;/span&gt;
&lt;/span&gt;&lt;/span&gt;&lt;span style=&#34;display:flex;&#34;&gt;&lt;span&gt;          ]
&lt;/span&gt;&lt;/span&gt;&lt;span style=&#34;display:flex;&#34;&gt;&lt;span&gt;        }
&lt;/span&gt;&lt;/span&gt;&lt;span style=&#34;display:flex;&#34;&gt;&lt;span&gt;      }
&lt;/span&gt;&lt;/span&gt;&lt;span style=&#34;display:flex;&#34;&gt;&lt;span&gt;    }
&lt;/span&gt;&lt;/span&gt;&lt;span style=&#34;display:flex;&#34;&gt;&lt;span&gt;  }
&lt;/span&gt;&lt;/span&gt;&lt;span style=&#34;display:flex;&#34;&gt;&lt;span&gt;}
&lt;/span&gt;&lt;/span&gt;&lt;span style=&#34;display:flex;&#34;&gt;&lt;span&gt;
&lt;/span&gt;&lt;/span&gt;&lt;span style=&#34;display:flex;&#34;&gt;&lt;span&gt;&lt;span style=&#34;color:#66d9ef&#34;&gt;resource&lt;/span&gt; keyvault &lt;span style=&#34;color:#e6db74&#34;&gt;&amp;#39;Microsoft.KeyVault/vaults@2021-10-01&amp;#39;&lt;/span&gt; = {
&lt;/span&gt;&lt;/span&gt;&lt;span style=&#34;display:flex;&#34;&gt;&lt;span&gt;  name: &lt;span style=&#34;color:#e6db74&#34;&gt;&amp;#39;qs-${uniqueString(resourceGroup().id)}&amp;#39;&lt;/span&gt;
&lt;/span&gt;&lt;/span&gt;&lt;span style=&#34;display:flex;&#34;&gt;&lt;span&gt;  location: azLocation
&lt;/span&gt;&lt;/span&gt;&lt;span style=&#34;display:flex;&#34;&gt;&lt;span&gt;  properties: {
&lt;/span&gt;&lt;/span&gt;&lt;span style=&#34;display:flex;&#34;&gt;&lt;span&gt;    enabledForTemplateDeployment: true
&lt;/span&gt;&lt;/span&gt;&lt;span style=&#34;display:flex;&#34;&gt;&lt;span&gt;    tenantId: &lt;span style=&#34;color:#a6e22e&#34;&gt;subscription&lt;/span&gt;().tenantId
&lt;/span&gt;&lt;/span&gt;&lt;span style=&#34;display:flex;&#34;&gt;&lt;span&gt;    enableRbacAuthorization:true
&lt;/span&gt;&lt;/span&gt;&lt;span style=&#34;display:flex;&#34;&gt;&lt;span&gt;    sku: {
&lt;/span&gt;&lt;/span&gt;&lt;span style=&#34;display:flex;&#34;&gt;&lt;span&gt;      name: &lt;span style=&#34;color:#e6db74&#34;&gt;&amp;#39;standard&amp;#39;&lt;/span&gt;
&lt;/span&gt;&lt;/span&gt;&lt;span style=&#34;display:flex;&#34;&gt;&lt;span&gt;      family: &lt;span style=&#34;color:#e6db74&#34;&gt;&amp;#39;A&amp;#39;&lt;/span&gt;
&lt;/span&gt;&lt;/span&gt;&lt;span style=&#34;display:flex;&#34;&gt;&lt;span&gt;    }
&lt;/span&gt;&lt;/span&gt;&lt;span style=&#34;display:flex;&#34;&gt;&lt;span&gt;  }
&lt;/span&gt;&lt;/span&gt;&lt;span style=&#34;display:flex;&#34;&gt;&lt;span&gt;  &lt;span style=&#34;color:#66d9ef&#34;&gt;resource&lt;/span&gt; mySecret &lt;span style=&#34;color:#e6db74&#34;&gt;&amp;#39;secrets&amp;#39;&lt;/span&gt; = {
&lt;/span&gt;&lt;/span&gt;&lt;span style=&#34;display:flex;&#34;&gt;&lt;span&gt;    name: &lt;span style=&#34;color:#e6db74&#34;&gt;&amp;#39;mysecret&amp;#39;&lt;/span&gt;
&lt;/span&gt;&lt;/span&gt;&lt;span style=&#34;display:flex;&#34;&gt;&lt;span&gt;    properties: {
&lt;/span&gt;&lt;/span&gt;&lt;span style=&#34;display:flex;&#34;&gt;&lt;span&gt;      value: &lt;span style=&#34;color:#e6db74&#34;&gt;&amp;#39;supersecret&amp;#39;&lt;/span&gt;
&lt;/span&gt;&lt;/span&gt;&lt;span style=&#34;display:flex;&#34;&gt;&lt;span&gt;    }
&lt;/span&gt;&lt;/span&gt;&lt;span style=&#34;display:flex;&#34;&gt;&lt;span&gt;  }
&lt;/span&gt;&lt;/span&gt;&lt;span style=&#34;display:flex;&#34;&gt;&lt;span&gt;}
&lt;/span&gt;&lt;/span&gt;&lt;/code&gt;&lt;/pre&gt;&lt;/div&gt;


&lt;h2 id=&#34;step-4-deploy-the-app-and-container&#34;&gt;Step 4: Deploy the app and container&lt;/h2&gt;
&lt;p&gt;Deploy your app by specifying the OIDC issuer URL. To retrieve the OIDC issuer URL, follow the &lt;a href=&#34;https://azure.github.io/azure-workload-identity/docs/installation.html&#34;&gt;Azure Workload Identity installation guide&lt;/a&gt;.&lt;/p&gt;
&lt;div class=&#34;highlight&#34;&gt;&lt;pre tabindex=&#34;0&#34; style=&#34;color:#f8f8f2;background-color:#272822;-moz-tab-size:4;-o-tab-size:4;tab-size:4;&#34;&gt;&lt;code class=&#34;language-bash&#34; data-lang=&#34;bash&#34;&gt;&lt;span style=&#34;display:flex;&#34;&gt;&lt;span&gt;rad deploy ./app.bicep -p oidcIssuer&lt;span style=&#34;color:#f92672&#34;&gt;=&lt;/span&gt;&amp;lt;OIDC_ISSUER_URL&amp;gt;
&lt;/span&gt;&lt;/span&gt;&lt;/code&gt;&lt;/pre&gt;&lt;/div&gt;&lt;h2 id=&#34;step-5-verify-access-to-the-key-vault&#34;&gt;Step 5: Verify access to the Key Vault&lt;/h2&gt;
&lt;ol&gt;
&lt;li&gt;
&lt;p&gt;Once deployment completes, read the logs from your running container resource:&lt;/p&gt;
&lt;div class=&#34;highlight&#34;&gt;&lt;pre tabindex=&#34;0&#34; style=&#34;color:#f8f8f2;background-color:#272822;-moz-tab-size:4;-o-tab-size:4;tab-size:4;&#34;&gt;&lt;code class=&#34;language-bash&#34; data-lang=&#34;bash&#34;&gt;&lt;span style=&#34;display:flex;&#34;&gt;&lt;span&gt;rad resource logs containers mycontainer -a myapp
&lt;/span&gt;&lt;/span&gt;&lt;/code&gt;&lt;/pre&gt;&lt;/div&gt;&lt;/li&gt;
&lt;li&gt;
&lt;p&gt;You should see the contents of the secret from your Key Vault:&lt;/p&gt;
&lt;div class=&#34;highlight&#34;&gt;&lt;pre tabindex=&#34;0&#34; style=&#34;color:#f8f8f2;background-color:#272822;-moz-tab-size:4;-o-tab-size:4;tab-size:4;&#34;&gt;&lt;code class=&#34;language-txt&#34; data-lang=&#34;txt&#34;&gt;&lt;span style=&#34;display:flex;&#34;&gt;&lt;span&gt;[myapp-mycontainer-79c54bd7c7-tgdpn] I1108 18:39:53.636314       1 main.go:33] &amp;#34;successfully got secret&amp;#34; secret=&amp;#34;supersecret&amp;#34;
&lt;/span&gt;&lt;/span&gt;&lt;/code&gt;&lt;/pre&gt;&lt;/div&gt;&lt;p&gt;Note: the container retrieves the secret every 60 seconds. If you get an error on the first attempt, wait a minute and try again. The Azure AD federation may still be in progress.&lt;/p&gt;
&lt;/li&gt;
&lt;/ol&gt;
&lt;h2 id=&#34;cleanup&#34;&gt;Cleanup&lt;/h2&gt;
&lt;ol&gt;
&lt;li&gt;
&lt;p&gt;Run the following command to delete your app and container:&lt;/p&gt;
&lt;div class=&#34;highlight&#34;&gt;&lt;pre tabindex=&#34;0&#34; style=&#34;color:#f8f8f2;background-color:#272822;-moz-tab-size:4;-o-tab-size:4;tab-size:4;&#34;&gt;&lt;code class=&#34;language-bash&#34; data-lang=&#34;bash&#34;&gt;&lt;span style=&#34;display:flex;&#34;&gt;&lt;span&gt;rad app delete myapp --yes
&lt;/span&gt;&lt;/span&gt;&lt;/code&gt;&lt;/pre&gt;&lt;/div&gt;&lt;/li&gt;
&lt;li&gt;
&lt;p&gt;Delete the deployed Azure Key Vault via the Azure portal or the Azure CLI&lt;/p&gt;
&lt;/li&gt;
&lt;/ol&gt;

      </description>
    </item>
    
  </channel>
</rss>
