<rss version="2.0" xmlns:atom="http://www.w3.org/2005/Atom">
  <channel>
    <title>Radius Docs – troubleshooting</title>
    <link>https://docs.radapp.io/tags/troubleshooting/</link>
    <description>Recent content in troubleshooting on Radius Docs</description>
    <generator>Hugo -- gohugo.io</generator>
    <language>en-us</language>
    
	  <atom:link href="https://docs.radapp.io/tags/troubleshooting/index.xml" rel="self" type="application/rss+xml" />
    
    
      
        
      
    
    
    <item>
      <title>Guides: Overview: Control plane logs</title>
      <link>https://docs.radapp.io/guides/operations/control-plane/logs/overview/overview/</link>
      <pubDate>Mon, 01 Jan 0001 00:00:00 +0000</pubDate>
      
      <guid>https://docs.radapp.io/guides/operations/control-plane/logs/overview/overview/</guid>
      <description>
        
        
        &lt;p&gt;The Radius control plane produces logs that you can use to monitor and troubleshoot the control plane. This document describes how to collect and search logs, as well as the log schema.&lt;/p&gt;
&lt;h2 id=&#34;log-formats&#34;&gt;Log formats&lt;/h2&gt;
&lt;p&gt;The Radius control plane outputs structured logs to stdout, either plain-text or JSON-formatted. By default, services produce JSON formatted logs.&lt;/p&gt;
&lt;blockquote&gt;
&lt;p&gt;If you want to use a search engine such as Elastic Search or Azure Monitor to search logs, it is strongly recommended to use JSON-formatted logs which the log collector and the search engine can parse using the built-in JSON parser.&lt;/p&gt;
&lt;/blockquote&gt;
&lt;h2 id=&#34;log-collectors&#34;&gt;Log collectors&lt;/h2&gt;
&lt;h3 id=&#34;fluentd&#34;&gt;Fluentd&lt;/h3&gt;
&lt;p&gt;If you run the control plane in a Kubernetes cluster, &lt;a href=&#34;https://www.fluentd.org/&#34;&gt;Fluentd&lt;/a&gt; is a popular container log collector. You can use Fluentd with a &lt;a href=&#34;https://docs.fluentd.org/parser/json&#34;&gt;JSON parser plugin&lt;/a&gt; to parse Radius JSON-formatted logs. This &lt;a href=&#34;https://docs.radapp.io/guides/operations/control-plane/logs/fluentd/&#34;&gt;how-to&lt;/a&gt; shows how to configure Fluentd in your cluster.&lt;/p&gt;
&lt;h3 id=&#34;azure-monitor&#34;&gt;Azure Monitor&lt;/h3&gt;
&lt;p&gt;If you are using Azure Kubernetes Service, you can use the &lt;a href=&#34;https://learn.microsoft.com/azure/aks/monitor-aks&#34;&gt;built-in agent to collect logs with Azure Monitor&lt;/a&gt; without needing to install Fluentd.&lt;/p&gt;
&lt;h2 id=&#34;search-engines&#34;&gt;Search engines&lt;/h2&gt;
&lt;h3 id=&#34;elastic-search-and-kibana&#34;&gt;Elastic Search and Kibana&lt;/h3&gt;
&lt;p&gt;If you use &lt;a href=&#34;https://www.fluentd.org/&#34;&gt;Fluentd&lt;/a&gt;, we recommend using Elastic Search and Kibana. This &lt;a href=&#34;https://docs.radapp.io/guides/operations/control-plane/logs/fluentd/&#34;&gt;how-to&lt;/a&gt; shows how to set up Elastic Search and Kibana in your Kubernetes cluster.&lt;/p&gt;
&lt;h3 id=&#34;azure-monitor-1&#34;&gt;Azure Monitor&lt;/h3&gt;
&lt;p&gt;If you are using the Azure Kubernetes Service, you can use &lt;a href=&#34;https://docs.microsoft.com/azure/azure-monitor/insights/container-insights-overview&#34;&gt;Azure Monitor for containers&lt;/a&gt; without installing any additional monitoring tools. Also read &lt;a href=&#34;https://learn.microsoft.com/azure/azure-monitor/containers/container-insights-onboard&#34;&gt;How to enable Azure Monitor for containers&lt;/a&gt;&lt;/p&gt;
&lt;h2 id=&#34;log-schema&#34;&gt;Log schema&lt;/h2&gt;
&lt;p&gt;Control plane logs contain the following fields:&lt;/p&gt;
&lt;table&gt;
&lt;thead&gt;
&lt;tr&gt;
&lt;th&gt;Field&lt;/th&gt;
&lt;th&gt;Description&lt;/th&gt;
&lt;th&gt;Example&lt;/th&gt;
&lt;/tr&gt;
&lt;/thead&gt;
&lt;tbody&gt;
&lt;tr&gt;
&lt;td&gt;&lt;code&gt;timestamp&lt;/code&gt;&lt;/td&gt;
&lt;td&gt;&lt;a href=&#34;https://www.iso.org/iso-8601-date-and-time-format.html&#34;&gt;ISO8601&lt;/a&gt; timestamp&lt;/td&gt;
&lt;td&gt;&lt;code&gt;2011-10-05T14:48:00.000Z&lt;/code&gt;&lt;/td&gt;
&lt;/tr&gt;
&lt;tr&gt;
&lt;td&gt;&lt;code&gt;severity&lt;/code&gt;&lt;/td&gt;
&lt;td&gt;Log level. Available levels are info, warn, debug, and error.&lt;/td&gt;
&lt;td&gt;&lt;code&gt;info&lt;/code&gt;&lt;/td&gt;
&lt;/tr&gt;
&lt;tr&gt;
&lt;td&gt;&lt;code&gt;message&lt;/code&gt;&lt;/td&gt;
&lt;td&gt;Log message&lt;/td&gt;
&lt;td&gt;&lt;code&gt;proxying request target: http://de-api.radius-system:6443&lt;/code&gt;&lt;/td&gt;
&lt;/tr&gt;
&lt;tr&gt;
&lt;td&gt;&lt;code&gt;name&lt;/code&gt;&lt;/td&gt;
&lt;td&gt;Logging scope&lt;/td&gt;
&lt;td&gt;&lt;code&gt;ucplogger.api&lt;/code&gt;&lt;/td&gt;
&lt;/tr&gt;
&lt;tr&gt;
&lt;td&gt;&lt;code&gt;caller&lt;/code&gt;&lt;/td&gt;
&lt;td&gt;Service logging point&lt;/td&gt;
&lt;td&gt;&lt;code&gt;planes/proxyplane.go:171&lt;/code&gt;&lt;/td&gt;
&lt;/tr&gt;
&lt;tr&gt;
&lt;td&gt;&lt;code&gt;version&lt;/code&gt;&lt;/td&gt;
&lt;td&gt;Control plane version&lt;/td&gt;
&lt;td&gt;&lt;code&gt;0.18&lt;/code&gt;&lt;/td&gt;
&lt;/tr&gt;
&lt;tr&gt;
&lt;td&gt;&lt;code&gt;serviceName&lt;/code&gt;&lt;/td&gt;
&lt;td&gt;Name of control plane service&lt;/td&gt;
&lt;td&gt;&lt;code&gt;ucplogger&lt;/code&gt;&lt;/td&gt;
&lt;/tr&gt;
&lt;tr&gt;
&lt;td&gt;&lt;code&gt;hostName&lt;/code&gt;&lt;/td&gt;
&lt;td&gt;Service host name&lt;/td&gt;
&lt;td&gt;&lt;code&gt;ucp-77bc9b4cbb-nmjlz&lt;/code&gt;&lt;/td&gt;
&lt;/tr&gt;
&lt;tr&gt;
&lt;td&gt;&lt;code&gt;resourceId&lt;/code&gt;&lt;/td&gt;
&lt;td&gt;The resourceId being affected, if applicable&lt;/td&gt;
&lt;td&gt;&lt;code&gt;/apis/api.ucp.dev/v1alpha3/planes/deployments/local/resourcegroups/myrg/providers/Microsoft.Resources/deployments/rad-deploy-6c0d37b0-705e-454b-9167-877aa080e656&lt;/code&gt;&lt;/td&gt;
&lt;/tr&gt;
&lt;tr&gt;
&lt;td&gt;&lt;code&gt;traceId&lt;/code&gt;&lt;/td&gt;
&lt;td&gt;&lt;a href=&#34;https://www.w3.org/TR/trace-context/#trace-id&#34;&gt;w3c traceId&lt;/a&gt;. Used to uniquely identify a &lt;a href=&#34;https://www.w3.org/TR/trace-context/#dfn-distributed-traces&#34;&gt;distributed trace&lt;/a&gt; through a system.&lt;/td&gt;
&lt;td&gt;&lt;code&gt;d1ba9c7d2326ee1b44eb0b8177ef554f&lt;/code&gt;&lt;/td&gt;
&lt;/tr&gt;
&lt;tr&gt;
&lt;td&gt;&lt;code&gt;spanId&lt;/code&gt;&lt;/td&gt;
&lt;td&gt;&lt;a href=&#34;https://www.w3.org/TR/trace-context/#parent-id&#34;&gt;w3c spanId&lt;/a&gt; The ID of this request as known by the caller. Also known as &lt;code&gt;parent-id&lt;/code&gt; in some tracing systems.&lt;/td&gt;
&lt;td&gt;&lt;code&gt;ce52a91ed3c86c6d&lt;/code&gt;&lt;/td&gt;
&lt;/tr&gt;
&lt;/tbody&gt;
&lt;/table&gt;
&lt;h4 id=&#34;example&#34;&gt;Example&lt;/h4&gt;
&lt;div class=&#34;highlight&#34;&gt;&lt;pre tabindex=&#34;0&#34; style=&#34;color:#f8f8f2;background-color:#272822;-moz-tab-size:4;-o-tab-size:4;tab-size:4;&#34;&gt;&lt;code class=&#34;language-json&#34; data-lang=&#34;json&#34;&gt;&lt;span style=&#34;display:flex;&#34;&gt;&lt;span&gt;{
&lt;/span&gt;&lt;/span&gt;&lt;span style=&#34;display:flex;&#34;&gt;&lt;span&gt;    &lt;span style=&#34;color:#f92672&#34;&gt;&amp;#34;severity&amp;#34;&lt;/span&gt;: &lt;span style=&#34;color:#e6db74&#34;&gt;&amp;#34;info&amp;#34;&lt;/span&gt;,
&lt;/span&gt;&lt;/span&gt;&lt;span style=&#34;display:flex;&#34;&gt;&lt;span&gt;    &lt;span style=&#34;color:#f92672&#34;&gt;&amp;#34;timestamp&amp;#34;&lt;/span&gt;: &lt;span style=&#34;color:#e6db74&#34;&gt;&amp;#34;2023-03-03T00:03:55.355Z&amp;#34;&lt;/span&gt;,
&lt;/span&gt;&lt;/span&gt;&lt;span style=&#34;display:flex;&#34;&gt;&lt;span&gt;    &lt;span style=&#34;color:#f92672&#34;&gt;&amp;#34;name&amp;#34;&lt;/span&gt;: &lt;span style=&#34;color:#e6db74&#34;&gt;&amp;#34;ucplogger.api&amp;#34;&lt;/span&gt;,
&lt;/span&gt;&lt;/span&gt;&lt;span style=&#34;display:flex;&#34;&gt;&lt;span&gt;    &lt;span style=&#34;color:#f92672&#34;&gt;&amp;#34;caller&amp;#34;&lt;/span&gt;: &lt;span style=&#34;color:#e6db74&#34;&gt;&amp;#34;planes/proxyplane.go:171&amp;#34;&lt;/span&gt;,
&lt;/span&gt;&lt;/span&gt;&lt;span style=&#34;display:flex;&#34;&gt;&lt;span&gt;    &lt;span style=&#34;color:#f92672&#34;&gt;&amp;#34;message&amp;#34;&lt;/span&gt;: &lt;span style=&#34;color:#e6db74&#34;&gt;&amp;#34;proxying request target: http://de-api.radius-system:6443&amp;#34;&lt;/span&gt;,
&lt;/span&gt;&lt;/span&gt;&lt;span style=&#34;display:flex;&#34;&gt;&lt;span&gt;    &lt;span style=&#34;color:#f92672&#34;&gt;&amp;#34;serviceName&amp;#34;&lt;/span&gt;: &lt;span style=&#34;color:#e6db74&#34;&gt;&amp;#34;ucplogger&amp;#34;&lt;/span&gt;,
&lt;/span&gt;&lt;/span&gt;&lt;span style=&#34;display:flex;&#34;&gt;&lt;span&gt;    &lt;span style=&#34;color:#f92672&#34;&gt;&amp;#34;version&amp;#34;&lt;/span&gt;: &lt;span style=&#34;color:#e6db74&#34;&gt;&amp;#34;0.18&amp;#34;&lt;/span&gt;,
&lt;/span&gt;&lt;/span&gt;&lt;span style=&#34;display:flex;&#34;&gt;&lt;span&gt;    &lt;span style=&#34;color:#f92672&#34;&gt;&amp;#34;hostName&amp;#34;&lt;/span&gt;: &lt;span style=&#34;color:#e6db74&#34;&gt;&amp;#34;ucp-77bc9b4cbb-nmjlz&amp;#34;&lt;/span&gt;,
&lt;/span&gt;&lt;/span&gt;&lt;span style=&#34;display:flex;&#34;&gt;&lt;span&gt;    &lt;span style=&#34;color:#f92672&#34;&gt;&amp;#34;resourceId&amp;#34;&lt;/span&gt;: &lt;span style=&#34;color:#e6db74&#34;&gt;&amp;#34;/apis/api.ucp.dev/v1alpha3/planes/deployments/local/resourcegroups/myrg/providers/Microsoft.Resources/deployments/rad-deploy-6c0d37b0-705e-454b-9167-877aa080e656&amp;#34;&lt;/span&gt;,
&lt;/span&gt;&lt;/span&gt;&lt;span style=&#34;display:flex;&#34;&gt;&lt;span&gt;    &lt;span style=&#34;color:#f92672&#34;&gt;&amp;#34;traceId&amp;#34;&lt;/span&gt;: &lt;span style=&#34;color:#e6db74&#34;&gt;&amp;#34;2435428bbf8533c68b122b1ef31bb42f&amp;#34;&lt;/span&gt;,
&lt;/span&gt;&lt;/span&gt;&lt;span style=&#34;display:flex;&#34;&gt;&lt;span&gt;    &lt;span style=&#34;color:#f92672&#34;&gt;&amp;#34;spanId&amp;#34;&lt;/span&gt;: &lt;span style=&#34;color:#e6db74&#34;&gt;&amp;#34;30a88181fe683c00&amp;#34;&lt;/span&gt;
&lt;/span&gt;&lt;/span&gt;&lt;span style=&#34;display:flex;&#34;&gt;&lt;span&gt;}
&lt;/span&gt;&lt;/span&gt;&lt;/code&gt;&lt;/pre&gt;&lt;/div&gt;&lt;h2 id=&#34;references&#34;&gt;References&lt;/h2&gt;
&lt;ul&gt;
&lt;li&gt;&lt;a href=&#34;https://docs.radapp.io/guides/operations/control-plane/logs/fluentd/&#34;&gt;How-to: Set up Fluentd, Elastic search, and Kibana&lt;/a&gt;&lt;/li&gt;
&lt;li&gt;&lt;a href=&#34;https://learn.microsoft.com/azure/aks/monitor-aks&#34;&gt;How-to: Set up Azure Monitor for containers&lt;/a&gt;&lt;/li&gt;
&lt;/ul&gt;

      </description>
    </item>
    
    <item>
      <title>Guides: How-To: Troubleshoot applications</title>
      <link>https://docs.radapp.io/guides/deploy-apps/howto-troubleshootapps/</link>
      <pubDate>Mon, 01 Jan 0001 00:00:00 +0000</pubDate>
      
      <guid>https://docs.radapp.io/guides/deploy-apps/howto-troubleshootapps/</guid>
      <description>
        
        
        &lt;h2 id=&#34;pre-requisites&#34;&gt;Pre-requisites&lt;/h2&gt;
&lt;ul&gt;
&lt;li&gt;A &lt;a href=&#34;https://docs.radapp.io/guides/deploy-apps/&#34;&gt;deployed application&lt;/a&gt; in a Radius Environment.&lt;/li&gt;
&lt;/ul&gt;
&lt;h2 id=&#34;step-1-port-forward-container-to-your-local-machine&#34;&gt;Step 1: Port-forward container to your local machine&lt;/h2&gt;
&lt;p&gt;Use the below command to port-forward the container to your local machine. This enables you to access the container from your local machine.&lt;/p&gt;
&lt;div class=&#34;highlight&#34;&gt;&lt;pre tabindex=&#34;0&#34; style=&#34;color:#f8f8f2;background-color:#272822;-moz-tab-size:4;-o-tab-size:4;tab-size:4;&#34;&gt;&lt;code class=&#34;language-bash&#34; data-lang=&#34;bash&#34;&gt;&lt;span style=&#34;display:flex;&#34;&gt;&lt;span&gt;rad resource expose containers &amp;lt;container_name&amp;gt; -a &amp;lt;app_name&amp;gt; --port &amp;lt;port_number&amp;gt;
&lt;/span&gt;&lt;/span&gt;&lt;/code&gt;&lt;/pre&gt;&lt;/div&gt;&lt;p&gt;Refer to &lt;a href=&#34;https://docs.radapp.io/reference/cli/rad_resource_expose/&#34;&gt;&lt;code&gt;rad resource expose&lt;/code&gt;&lt;/a&gt; for more details on the command.&lt;/p&gt;
&lt;h2 id=&#34;step-2-inspect-container-logs&#34;&gt;Step 2: Inspect container logs&lt;/h2&gt;
&lt;p&gt;If your Radius Application is unresponsive or does not connect to its dependencies, Use the below command to inspect logs from container:&lt;/p&gt;
&lt;div class=&#34;highlight&#34;&gt;&lt;pre tabindex=&#34;0&#34; style=&#34;color:#f8f8f2;background-color:#272822;-moz-tab-size:4;-o-tab-size:4;tab-size:4;&#34;&gt;&lt;code class=&#34;language-bash&#34; data-lang=&#34;bash&#34;&gt;&lt;span style=&#34;display:flex;&#34;&gt;&lt;span&gt;rad resource logs containers &amp;lt;container_name&amp;gt; -a &amp;lt;app_name&amp;gt;
&lt;/span&gt;&lt;/span&gt;&lt;/code&gt;&lt;/pre&gt;&lt;/div&gt;&lt;blockquote&gt;
&lt;p&gt;Also refer to the &lt;a href=&#34;https://docs.radapp.io/guides/author-apps/containers/overview/#connections&#34;&gt;connections section&lt;/a&gt; to know about the naming convention of the environment variables and inspect if your application uses the right variables.&lt;/p&gt;
&lt;/blockquote&gt;
&lt;h2 id=&#34;step-3-inspect-control-plane-logs&#34;&gt;Step 3: Inspect control-plane logs&lt;/h2&gt;
&lt;p&gt;If you hit errors while deploying the application, look at the control plane logs to see if there are any errors. You can use the following command to view the logs:&lt;/p&gt;
&lt;div class=&#34;highlight&#34;&gt;&lt;pre tabindex=&#34;0&#34; style=&#34;color:#f8f8f2;background-color:#272822;-moz-tab-size:4;-o-tab-size:4;tab-size:4;&#34;&gt;&lt;code class=&#34;language-bash&#34; data-lang=&#34;bash&#34;&gt;&lt;span style=&#34;display:flex;&#34;&gt;&lt;span&gt;rad debug-logs
&lt;/span&gt;&lt;/span&gt;&lt;/code&gt;&lt;/pre&gt;&lt;/div&gt;&lt;p&gt;Inspect the UCP and DE logs to see if there are any errors&lt;/p&gt;
&lt;blockquote&gt;
&lt;p&gt;Also make sure to &lt;a href=&#34;https://github.com/radius-project/radius/issues/new/choose&#34;&gt;open an Issue&lt;/a&gt; if you encounter a generic &lt;code&gt;Internal server error&lt;/code&gt; message or an error message that is not self-serviceable, so we can address the root error not being forwarded to the user.&lt;/p&gt;
&lt;/blockquote&gt;

      </description>
    </item>
    
  </channel>
</rss>
