<rss version="2.0" xmlns:atom="http://www.w3.org/2005/Atom">
  <channel>
    <title>Radius Docs – deployments</title>
    <link>https://docs.radapp.io/tags/deployments/</link>
    <description>Recent content in deployments on Radius Docs</description>
    <generator>Hugo -- gohugo.io</generator>
    <language>en-us</language>
    
	  <atom:link href="https://docs.radapp.io/tags/deployments/index.xml" rel="self" type="application/rss+xml" />
    
    
      
        
      
    
    
    <item>
      <title>Guides: How-To: Run applications on Radius</title>
      <link>https://docs.radapp.io/guides/deploy-apps/howto-deploy/howto-run-app/</link>
      <pubDate>Mon, 01 Jan 0001 00:00:00 +0000</pubDate>
      
      <guid>https://docs.radapp.io/guides/deploy-apps/howto-deploy/howto-run-app/</guid>
      <description>
        
        
        &lt;h2 id=&#34;pre-requisites&#34;&gt;Pre-requisites&lt;/h2&gt;
&lt;ul&gt;
&lt;li&gt;&lt;a href=&#34;https://docs.radapp.io/guides/author-apps/&#34;&gt;An authored Radius Application&lt;/a&gt;&lt;/li&gt;
&lt;/ul&gt;
&lt;h2 id=&#34;step-1-run-an-application&#34;&gt;Step 1: Run an application&lt;/h2&gt;
&lt;ul class=&#34;nav nav-tabs&#34; id=&#34;tabs-1&#34; role=&#34;tablist&#34;&gt;&lt;li class=&#34;nav-item&#34;&gt;&lt;a class=&#34;nav-link active&#34;
    id=&#34;tabs-1-run-app-tab&#34; data-toggle=&#34;tab&#34; href=&#34;#tabs-1-run-app&#34; role=&#34;tab&#34;
    aria-controls=&#34;tabs-1-run-app&#34; aria-selected=&#34;true&#34;&gt;
    Run-app
  &lt;/a&gt;
  &lt;/li&gt;&lt;li class=&#34;nav-item&#34;&gt;&lt;a class=&#34;nav-link&#34;
    id=&#34;tabs-1-run-app-with-parameters-tab&#34; data-toggle=&#34;tab&#34; href=&#34;#tabs-1-run-app-with-parameters&#34; role=&#34;tab&#34;
    aria-controls=&#34;tabs-1-run-app-with-parameters&#34; aria-selected=&#34;false&#34;&gt;
    Run-app-with-parameters
  &lt;/a&gt;
  &lt;/li&gt;&lt;/ul&gt;


&lt;div class=&#34;tab-content&#34; id=&#34;tabs-1-content&#34;&gt;


&lt;div class=&#34;tab-pane fade show active&#34; id=&#34;tabs-1-run-app&#34; role=&#34;tabpanel&#34; aria-labelled-by=&#34;tabs-1-run-app-tab&#34;&gt;
&lt;br /&gt;&lt;p&gt;You can run an application using the &lt;a href=&#34;https://docs.radapp.io/reference/cli/rad_run/&#34;&gt;&lt;code&gt;rad run&lt;/code&gt;&lt;/a&gt; command.&lt;/p&gt;
&lt;div class=&#34;highlight&#34;&gt;&lt;pre tabindex=&#34;0&#34; style=&#34;color:#f8f8f2;background-color:#272822;-moz-tab-size:4;-o-tab-size:4;tab-size:4;&#34;&gt;&lt;code class=&#34;language-bash&#34; data-lang=&#34;bash&#34;&gt;&lt;span style=&#34;display:flex;&#34;&gt;&lt;span&gt; rad run app.bicep
&lt;/span&gt;&lt;/span&gt;&lt;/code&gt;&lt;/pre&gt;&lt;/div&gt;&lt;p&gt;This will deploy the application to your environment, create port-forwards for all container ports, and stream container logs to the console.&lt;/p&gt;
&lt;/div&gt;

&lt;div class=&#34;tab-pane fade&#34; id=&#34;tabs-1-run-app-with-parameters&#34; role=&#34;tabpanel&#34; aria-labelled-by=&#34;tabs-1-run-app-with-parameters-tab&#34;&gt;
&lt;br /&gt;&lt;p&gt;Parameters can be included as part of &lt;code&gt;rad run&lt;/code&gt; via the &lt;code&gt;-p/--parameters&lt;/code&gt; flag:&lt;/p&gt;
&lt;div class=&#34;highlight&#34;&gt;&lt;pre tabindex=&#34;0&#34; style=&#34;color:#f8f8f2;background-color:#272822;-moz-tab-size:4;-o-tab-size:4;tab-size:4;&#34;&gt;&lt;code class=&#34;language-bash&#34; data-lang=&#34;bash&#34;&gt;&lt;span style=&#34;display:flex;&#34;&gt;&lt;span&gt; rad run app.bicep -p param1&lt;span style=&#34;color:#f92672&#34;&gt;=&lt;/span&gt;value1 -p param2&lt;span style=&#34;color:#f92672&#34;&gt;=&lt;/span&gt;value2
&lt;/span&gt;&lt;/span&gt;&lt;/code&gt;&lt;/pre&gt;&lt;/div&gt;&lt;p&gt;This will deploy the application to the created Radius Environment injecting the parameters into the application.&lt;/p&gt;
&lt;p&gt;You can find more examples of deploying applications with parameters &lt;a href=&#34;https://docs.radapp.io/reference/cli/rad_run/#examples&#34;&gt;here&lt;/a&gt;.&lt;/p&gt;
&lt;/div&gt;

 
&lt;/div&gt;
&lt;blockquote&gt;
&lt;p&gt;Follow the &lt;a href=&#34;https://docs.radapp.io/guides/deploy-apps/howto-troubleshootapps/&#34;&gt;how-to guide&lt;/a&gt; for guidance on troubleshooting your apps&lt;/p&gt;
&lt;/blockquote&gt;

      </description>
    </item>
    
    <item>
      <title>Guides: How-To: Deploying applications into a Radius Environment</title>
      <link>https://docs.radapp.io/guides/deploy-apps/howto-deploy/howto-deploy-rad-cli/</link>
      <pubDate>Mon, 01 Jan 0001 00:00:00 +0000</pubDate>
      
      <guid>https://docs.radapp.io/guides/deploy-apps/howto-deploy/howto-deploy-rad-cli/</guid>
      <description>
        
        
        &lt;h2 id=&#34;pre-requisites&#34;&gt;Pre-requisites&lt;/h2&gt;
&lt;ul&gt;
&lt;li&gt;&lt;a href=&#34;https://docs.radapp.io/guides/author-apps/&#34;&gt;An authored Radius Application&lt;/a&gt;&lt;/li&gt;
&lt;/ul&gt;
&lt;h2 id=&#34;step-1--deploy-an-application-into-a-radius-environment&#34;&gt;Step 1 : Deploy an application into a Radius Environment&lt;/h2&gt;
&lt;ul class=&#34;nav nav-tabs&#34; id=&#34;tabs-1&#34; role=&#34;tablist&#34;&gt;&lt;li class=&#34;nav-item&#34;&gt;&lt;a class=&#34;nav-link active&#34;
    id=&#34;tabs-1-deploy-app-tab&#34; data-toggle=&#34;tab&#34; href=&#34;#tabs-1-deploy-app&#34; role=&#34;tab&#34;
    aria-controls=&#34;tabs-1-deploy-app&#34; aria-selected=&#34;true&#34;&gt;
    Deploy-app
  &lt;/a&gt;
  &lt;/li&gt;&lt;li class=&#34;nav-item&#34;&gt;&lt;a class=&#34;nav-link&#34;
    id=&#34;tabs-1-deploy-app-with-parameters-tab&#34; data-toggle=&#34;tab&#34; href=&#34;#tabs-1-deploy-app-with-parameters&#34; role=&#34;tab&#34;
    aria-controls=&#34;tabs-1-deploy-app-with-parameters&#34; aria-selected=&#34;false&#34;&gt;
    Deploy-app-with-parameters
  &lt;/a&gt;
  &lt;/li&gt;&lt;/ul&gt;


&lt;div class=&#34;tab-content&#34; id=&#34;tabs-1-content&#34;&gt;


&lt;div class=&#34;tab-pane fade show active&#34; id=&#34;tabs-1-deploy-app&#34; role=&#34;tabpanel&#34; aria-labelled-by=&#34;tabs-1-deploy-app-tab&#34;&gt;
&lt;br /&gt;&lt;p&gt;An application can be deployed to an environment with &lt;a href=&#34;https://docs.radapp.io/reference/cli/rad_deploy/&#34;&gt;&lt;code&gt;rad deploy&lt;/code&gt;&lt;/a&gt;:&lt;/p&gt;
&lt;div class=&#34;highlight&#34;&gt;&lt;pre tabindex=&#34;0&#34; style=&#34;color:#f8f8f2;background-color:#272822;-moz-tab-size:4;-o-tab-size:4;tab-size:4;&#34;&gt;&lt;code class=&#34;language-bash&#34; data-lang=&#34;bash&#34;&gt;&lt;span style=&#34;display:flex;&#34;&gt;&lt;span&gt; rad deploy app.bicep
&lt;/span&gt;&lt;/span&gt;&lt;/code&gt;&lt;/pre&gt;&lt;/div&gt;&lt;p&gt;This will deploy the application to the created Radius Environment.&lt;/p&gt;
&lt;/div&gt;

 &lt;div class=&#34;tab-pane fade&#34; id=&#34;tabs-1-deploy-app-with-parameters&#34; role=&#34;tabpanel&#34; aria-labelled-by=&#34;tabs-1-deploy-app-with-parameters-tab&#34;&gt;
&lt;br /&gt;&lt;p&gt;Parameters can be included as part of &lt;code&gt;rad deploy&lt;/code&gt; via the &lt;code&gt;-p/--parameters&lt;/code&gt; flag:&lt;/p&gt;
&lt;div class=&#34;highlight&#34;&gt;&lt;pre tabindex=&#34;0&#34; style=&#34;color:#f8f8f2;background-color:#272822;-moz-tab-size:4;-o-tab-size:4;tab-size:4;&#34;&gt;&lt;code class=&#34;language-bash&#34; data-lang=&#34;bash&#34;&gt;&lt;span style=&#34;display:flex;&#34;&gt;&lt;span&gt; rad deploy app.bicep -p param1&lt;span style=&#34;color:#f92672&#34;&gt;=&lt;/span&gt;value1 -p param2&lt;span style=&#34;color:#f92672&#34;&gt;=&lt;/span&gt;value2
&lt;/span&gt;&lt;/span&gt;&lt;/code&gt;&lt;/pre&gt;&lt;/div&gt;&lt;p&gt;This will deploy the application to the created Radius Environment injecting the parameters into the application.&lt;/p&gt;
&lt;p&gt;You can find more examples of deploying applications with parameters &lt;a href=&#34;https://docs.radapp.io/reference/cli/rad_deploy/#examples&#34;&gt;here&lt;/a&gt;.&lt;/p&gt;
&lt;/div&gt;

 
&lt;/div&gt;
&lt;blockquote&gt;
&lt;p&gt;Follow the &lt;a href=&#34;https://docs.radapp.io/guides/deploy-apps/howto-troubleshootapps/&#34;&gt;how-to guide&lt;/a&gt; for guidance on troubleshooting your Radius Application&lt;/p&gt;
&lt;/blockquote&gt;

      </description>
    </item>
    
  </channel>
</rss>
