<rss version="2.0" xmlns:atom="http://www.w3.org/2005/Atom">
  <channel>
    <title>Radius Docs – Secrets management</title>
    <link>https://docs.radapp.io/guides/author-apps/secrets/</link>
    <description>Recent content in Secrets management on Radius Docs</description>
    <generator>Hugo -- gohugo.io</generator>
    <language>en-us</language>
    
	  <atom:link href="https://docs.radapp.io/guides/author-apps/secrets/index.xml" rel="self" type="application/rss+xml" />
    
    
      
        
      
    
    
    <item>
      <title>Guides: Overview: Secrets management</title>
      <link>https://docs.radapp.io/guides/author-apps/secrets/overview/</link>
      <pubDate>Mon, 01 Jan 0001 00:00:00 +0000</pubDate>
      
      <guid>https://docs.radapp.io/guides/author-apps/secrets/overview/</guid>
      <description>
        
        
        &lt;h2 id=&#34;overview&#34;&gt;Overview&lt;/h2&gt;
&lt;p&gt;Sensitive data, such as TLS certificates, tokens, passwords, and keys that serve as digital authentication credentials are commonly referred to as secrets. A Radius Secret Store enables you to either store these secrets or reference existing secrets stored in external secret management solutions. Kubernetes Secrets is currently supported with others, such as Azure Keyvault or AWS Secrets Manager, coming in the future.&lt;/p&gt;
&lt;p&gt;An independent resource with its own lifecycle, a Radius Secret Store ensures that data is persisted across container restarts or mounts and can interact directly with the Radius Application Model. For instance, an Applications.Core/gateways resource can use this resource to store a TLS certificate and reference it.&lt;/p&gt;
&lt;h2 id=&#34;create-a-new-secret-store&#34;&gt;Create a new Secret Store&lt;/h2&gt;
&lt;p&gt;Radius leverages the secrets management solution available on the hosting platform to create and store the secret. For example, if you are deploying to Kubernetes, the secret will be created in Kubernetes Secrets.
Follow the &lt;a href=&#34;https://docs.radapp.io/guides/author-apps/secrets/howto-new-secretstore/&#34;&gt;how-to guide on creating new secret store&lt;/a&gt; to learn more about creating a new secret store resource and storing a TLS certificate in it.&lt;/p&gt;
&lt;h2 id=&#34;reference-an-existing-secret-store&#34;&gt;Reference an existing Secret Store&lt;/h2&gt;
&lt;p&gt;You can also reference an existing secrets management solution that is external to the Radius Application stack. Note that only references to Kubernetes Secrets is currently supported, with more to come in the future.&lt;/p&gt;
&lt;h2 id=&#34;using-secret-stores&#34;&gt;Using Secret Stores&lt;/h2&gt;
&lt;p&gt;Secret Stores can currently be used for TLS certificates with &lt;a href=&#34;https://docs.radapp.io/guides/author-apps/networking/overview/#gateways&#34;&gt;Radius Gateways&lt;/a&gt;.&lt;/p&gt;
&lt;p&gt;Additional use-cases will be added in upcoming releases.&lt;/p&gt;
&lt;h2 id=&#34;further-reading&#34;&gt;Further reading&lt;/h2&gt;
&lt;ul&gt;
&lt;li&gt;&lt;a href=&#34;https://docs.radapp.io/guides/author-apps/networking/tls/&#34;&gt;How To: gateway TLS termination&lt;/a&gt;&lt;/li&gt;
&lt;/ul&gt;

      </description>
    </item>
    
    <item>
      <title>Guides: How To: Create new Secret Store</title>
      <link>https://docs.radapp.io/guides/author-apps/secrets/howto-new-secretstore/</link>
      <pubDate>Mon, 01 Jan 0001 00:00:00 +0000</pubDate>
      
      <guid>https://docs.radapp.io/guides/author-apps/secrets/howto-new-secretstore/</guid>
      <description>
        
        
        &lt;p&gt;Radius secret stores securely manage secrets for your Environment and Application.&lt;/p&gt;
&lt;p&gt;By default, Radius leverages the hosting platform&amp;rsquo;s secrets management solution to create and store the secret. For example, if you are deploying to Kubernetes, the secret store will be created as a Kubernetes Secret.&lt;/p&gt;
&lt;h2 id=&#34;pre-requisites&#34;&gt;Pre-requisites&lt;/h2&gt;
&lt;ul&gt;
&lt;li&gt;&lt;a href=&#34;https://docs.radapp.io/installation/#step-1-install-the-rad-cli&#34;&gt;rad CLI&lt;/a&gt;&lt;/li&gt;
&lt;li&gt;&lt;a href=&#34;https://kubernetes.io/docs/tasks/tools/install-kubectl/&#34;&gt;kubectl CLI&lt;/a&gt;&lt;/li&gt;
&lt;li&gt;&lt;a href=&#34;https://docs.radapp.io/installation/#step-2-install-the-radius-bicep-vs-code-extension&#34;&gt;Radius Bicep VSCode extension&lt;/a&gt;&lt;/li&gt;
&lt;li&gt;&lt;a href=&#34;https://docs.radapp.io/installation/#step-3-initialize-the-radius-control-plane-and-the-radius-environment&#34;&gt;Radius environment&lt;/a&gt;&lt;/li&gt;
&lt;/ul&gt;
&lt;h2 id=&#34;step-1-add-a-secret-store&#34;&gt;Step 1: Add a Secret Store&lt;/h2&gt;
&lt;p&gt;Open the &lt;code&gt;app.bicep&lt;/code&gt; from the current working directory and add a new Secret Store resource&lt;/p&gt;











    
    
    


    

    

    

&lt;div class=&#34;highlight&#34;&gt;&lt;pre tabindex=&#34;0&#34; style=&#34;color:#f8f8f2;background-color:#272822;-moz-tab-size:4;-o-tab-size:4;tab-size:4;&#34;&gt;&lt;code class=&#34;language-bicep&#34; data-lang=&#34;bicep&#34;&gt;&lt;span style=&#34;display:flex;&#34;&gt;&lt;span&gt;@&lt;span style=&#34;color:#a6e22e&#34;&gt;description&lt;/span&gt;(&lt;span style=&#34;color:#e6db74&#34;&gt;&amp;#39;The data for your TLS certificate&amp;#39;&lt;/span&gt;)
&lt;/span&gt;&lt;/span&gt;&lt;span style=&#34;display:flex;&#34;&gt;&lt;span&gt;@&lt;span style=&#34;color:#a6e22e&#34;&gt;secure&lt;/span&gt;()
&lt;/span&gt;&lt;/span&gt;&lt;span style=&#34;display:flex;&#34;&gt;&lt;span&gt;&lt;span style=&#34;color:#66d9ef&#34;&gt;param&lt;/span&gt; tlscrt &lt;span style=&#34;color:#a6e22e&#34;&gt;string&lt;/span&gt;
&lt;/span&gt;&lt;/span&gt;&lt;span style=&#34;display:flex;&#34;&gt;&lt;span&gt;
&lt;/span&gt;&lt;/span&gt;&lt;span style=&#34;display:flex;&#34;&gt;&lt;span&gt;@&lt;span style=&#34;color:#a6e22e&#34;&gt;description&lt;/span&gt;(&lt;span style=&#34;color:#e6db74&#34;&gt;&amp;#39;The key for your TLS certificate&amp;#39;&lt;/span&gt;)
&lt;/span&gt;&lt;/span&gt;&lt;span style=&#34;display:flex;&#34;&gt;&lt;span&gt;@&lt;span style=&#34;color:#a6e22e&#34;&gt;secure&lt;/span&gt;()
&lt;/span&gt;&lt;/span&gt;&lt;span style=&#34;display:flex;&#34;&gt;&lt;span&gt;&lt;span style=&#34;color:#66d9ef&#34;&gt;param&lt;/span&gt; tlskey &lt;span style=&#34;color:#a6e22e&#34;&gt;string&lt;/span&gt;
&lt;/span&gt;&lt;/span&gt;&lt;span style=&#34;display:flex;&#34;&gt;&lt;span&gt;
&lt;/span&gt;&lt;/span&gt;&lt;span style=&#34;display:flex;&#34;&gt;&lt;span&gt;&lt;span style=&#34;color:#66d9ef&#34;&gt;resource&lt;/span&gt; appCert &lt;span style=&#34;color:#e6db74&#34;&gt;&amp;#39;Applications.Core/secretStores@2023-10-01-preview&amp;#39;&lt;/span&gt; = {
&lt;/span&gt;&lt;/span&gt;&lt;span style=&#34;display:flex;&#34;&gt;&lt;span&gt;  name: &lt;span style=&#34;color:#e6db74&#34;&gt;&amp;#39;appcert&amp;#39;&lt;/span&gt;
&lt;/span&gt;&lt;/span&gt;&lt;span style=&#34;display:flex;&#34;&gt;&lt;span&gt;  properties:{
&lt;/span&gt;&lt;/span&gt;&lt;span style=&#34;display:flex;&#34;&gt;&lt;span&gt;    application: application
&lt;/span&gt;&lt;/span&gt;&lt;span style=&#34;display:flex;&#34;&gt;&lt;span&gt;    type: &lt;span style=&#34;color:#e6db74&#34;&gt;&amp;#39;certificate&amp;#39;&lt;/span&gt;
&lt;/span&gt;&lt;/span&gt;&lt;span style=&#34;display:flex;&#34;&gt;&lt;span&gt;    data: {
&lt;/span&gt;&lt;/span&gt;&lt;span style=&#34;display:flex;&#34;&gt;&lt;span&gt;      &lt;span style=&#34;color:#e6db74&#34;&gt;&amp;#39;tls.key&amp;#39;&lt;/span&gt;: {
&lt;/span&gt;&lt;/span&gt;&lt;span style=&#34;display:flex;&#34;&gt;&lt;span&gt;        value: tlskey
&lt;/span&gt;&lt;/span&gt;&lt;span style=&#34;display:flex;&#34;&gt;&lt;span&gt;      }
&lt;/span&gt;&lt;/span&gt;&lt;span style=&#34;display:flex;&#34;&gt;&lt;span&gt;      &lt;span style=&#34;color:#e6db74&#34;&gt;&amp;#39;tls.crt&amp;#39;&lt;/span&gt;: {
&lt;/span&gt;&lt;/span&gt;&lt;span style=&#34;display:flex;&#34;&gt;&lt;span&gt;        value: tlscrt
&lt;/span&gt;&lt;/span&gt;&lt;span style=&#34;display:flex;&#34;&gt;&lt;span&gt;      }
&lt;/span&gt;&lt;/span&gt;&lt;span style=&#34;display:flex;&#34;&gt;&lt;span&gt;    }
&lt;/span&gt;&lt;/span&gt;&lt;span style=&#34;display:flex;&#34;&gt;&lt;span&gt;  }
&lt;/span&gt;&lt;/span&gt;&lt;span style=&#34;display:flex;&#34;&gt;&lt;span&gt;}
&lt;/span&gt;&lt;/span&gt;&lt;/code&gt;&lt;/pre&gt;&lt;/div&gt;


&lt;p&gt;In this example a new secret store resource is created for storing a TLS certificate in it.&lt;/p&gt;
&lt;h2 id=&#34;step-2-deploy-the-application&#34;&gt;Step 2: Deploy the application&lt;/h2&gt;
&lt;p&gt;Deploy the application with &lt;a href=&#34;https://docs.radapp.io/reference/cli/rad_deploy/&#34;&gt;&lt;code&gt;rad deploy&lt;/code&gt;&lt;/a&gt;:&lt;/p&gt;
&lt;div class=&#34;highlight&#34;&gt;&lt;pre tabindex=&#34;0&#34; style=&#34;color:#f8f8f2;background-color:#272822;-moz-tab-size:4;-o-tab-size:4;tab-size:4;&#34;&gt;&lt;code class=&#34;language-bash&#34; data-lang=&#34;bash&#34;&gt;&lt;span style=&#34;display:flex;&#34;&gt;&lt;span&gt;rad deploy app.bicep -a secretdemo 
&lt;/span&gt;&lt;/span&gt;&lt;/code&gt;&lt;/pre&gt;&lt;/div&gt;&lt;h2 id=&#34;step-3-verify-the-secrets-are-deployed&#34;&gt;Step 3: Verify the secrets are deployed&lt;/h2&gt;
&lt;p&gt;Use the below command to verify if the secret got deployed&lt;/p&gt;
&lt;div class=&#34;highlight&#34;&gt;&lt;pre tabindex=&#34;0&#34; style=&#34;color:#f8f8f2;background-color:#272822;-moz-tab-size:4;-o-tab-size:4;tab-size:4;&#34;&gt;&lt;code class=&#34;language-bash&#34; data-lang=&#34;bash&#34;&gt;&lt;span style=&#34;display:flex;&#34;&gt;&lt;span&gt;kubectl get secret -n default-secretdemo
&lt;/span&gt;&lt;/span&gt;&lt;/code&gt;&lt;/pre&gt;&lt;/div&gt;&lt;p&gt;You will find &lt;code&gt;appCert&lt;/code&gt; of type kubernetes.io/tls automatically created.&lt;/p&gt;
&lt;h2 id=&#34;further-reading&#34;&gt;Further reading&lt;/h2&gt;
&lt;ul&gt;
&lt;li&gt;&lt;a href=&#34;https://docs.radapp.io/reference/resource-schema/core-schema/secretstore/&#34;&gt;Secret store schema&lt;/a&gt;&lt;/li&gt;
&lt;li&gt;&lt;a href=&#34;https://docs.radapp.io/guides/author-apps/networking/tls/&#34;&gt;How To: gateway TLS termination&lt;/a&gt;&lt;/li&gt;
&lt;/ul&gt;

      </description>
    </item>
    
  </channel>
</rss>
