<rss version="2.0" xmlns:atom="http://www.w3.org/2005/Atom">
  <channel>
    <title>Radius Docs – applications</title>
    <link>https://docs.radapp.io/tags/applications/</link>
    <description>Recent content in applications on Radius Docs</description>
    <generator>Hugo -- gohugo.io</generator>
    <language>en-us</language>
    
	  <atom:link href="https://docs.radapp.io/tags/applications/index.xml" rel="self" type="application/rss+xml" />
    
    
      
        
      
    
    
    <item>
      <title>Guides: Overview: Radius Applications</title>
      <link>https://docs.radapp.io/guides/author-apps/application/overview/</link>
      <pubDate>Mon, 01 Jan 0001 00:00:00 +0000</pubDate>
      
      <guid>https://docs.radapp.io/guides/author-apps/application/overview/</guid>
      <description>
        
        
        &lt;img src=&#34;application.png&#34; alt=&#34;Diagram of an application&#34; width=350px &gt;
&lt;p&gt;A Radius Application is the primary resource that brings all your &amp;ldquo;stuff&amp;rdquo; together. This can include services, dependencies, and relationships. Radius apps give you a single description and view into your entire application, and allow you to deploy and manage it easily.&lt;/p&gt;
&lt;h2 id=&#34;add-portability-to-your-application&#34;&gt;Add portability to your application&lt;/h2&gt;
&lt;p&gt;Radius Applications are designed to be cloud and platform agnostic. This means that you can define your application once, and deploy it to any cloud or platform that Radius supports. This allows you to easily move your application between clouds, or even between cloud and on-premises environments. Developers can define their requirements and dependencies (&lt;em&gt;Redis, SQL, Dapr, etc.&lt;/em&gt;) and operators can define the &lt;a href=&#34;https://docs.radapp.io/guides/deploy-apps/environments/overview/&#34;&gt;environments&lt;/a&gt; and &lt;a href=&#34;https://docs.radapp.io/guides/recipes/overview/&#34;&gt;Recipes&lt;/a&gt; that bind those requirements to the appropriate cloud resources.&lt;/p&gt;
&lt;img src=&#34;portable-resources.png&#34; alt=&#34;Diagram of portable resources binding to different clouds&#34; width=600px &gt;
&lt;p&gt;Learn more about portable resources in the &lt;a href=&#34;https://docs.radapp.io/guides/author-apps/portable-resources/overview/&#34;&gt;portable resources docs&lt;/a&gt; and &lt;a href=&#34;https://docs.radapp.io/guides/author-apps/dapr/overview/&#34;&gt;Dapr docs&lt;/a&gt;&lt;/p&gt;
&lt;h2 id=&#34;customize-your-application-with-extensions&#34;&gt;Customize your application with extensions&lt;/h2&gt;
&lt;p&gt;Extensions allow you to customize how resources are generated or customized as part of deployment.&lt;/p&gt;
&lt;h3 id=&#34;kubernetes-namespace-extension&#34;&gt;Kubernetes Namespace extension&lt;/h3&gt;
&lt;p&gt;The Kubernetes namespace extension allows you to customize how all of the resources within your application generate Kubernetes resources. See the &lt;a href=&#34;https://docs.radapp.io/guides/operations/kubernetes/overview/#resource-mapping&#34;&gt;Kubernetes mapping guide&lt;/a&gt; for more information on namespace mapping behavior&lt;/p&gt;
&lt;h3 id=&#34;kubernetes-metadata-extension&#34;&gt;Kubernetes Metadata extension&lt;/h3&gt;
&lt;p&gt;The &lt;a href=&#34;https://docs.radapp.io/guides/operations/kubernetes/kubernetes-metadata/&#34;&gt;Kubernetes Metadata extension&lt;/a&gt; enables you set and cascade Kubernetes metadata such as labels and Annotations on all the Kubernetes resources defined with in your Radius Application.&lt;/p&gt;
&lt;h2 id=&#34;query-and-understand-your-application-with-the-radius-application-graph&#34;&gt;Query and understand your application with the Radius Application Graph&lt;/h2&gt;
&lt;p&gt;Radius Applications are more than just client-side configuration and automation, they also provide a server-side graph of your application. This graph can be queried and used to understand your application, and can be used to power other Radius features and custom tooling. Refer to the &lt;a href=&#34;https://docs.radapp.io/concepts/api-concept/&#34;&gt;API concept docs&lt;/a&gt; and &lt;a href=&#34;https://docs.radapp.io/guides/operations/control-plane/howto-postman/&#34;&gt;Postman How-To guide&lt;/a&gt; for more information on how to query the application graph.&lt;/p&gt;
&lt;img src=&#34;app-graph.png&#34; alt=&#34;Diagram of the application graph&#34; width=500px &gt;
&lt;h2 id=&#34;resource-schema&#34;&gt;Resource schema&lt;/h2&gt;
&lt;p&gt;Refer to the &lt;a href=&#34;https://docs.radapp.io/reference/resource-schema/core-schema/application-schema/&#34;&gt;application schema docs&lt;/a&gt; for more information on how to define an application.&lt;/p&gt;









&lt;a class=&#34;btn  btn-primary&#34; href=&#34;https://docs.radapp.io/reference/resource-schema/core-schema/application-schema/&#34; role=&#34;button&#34;&gt;📄 Application schema&lt;/a&gt;&lt;br /&gt;
&lt;br /&gt;

      </description>
    </item>
    
    <item>
      <title>Guides: How-To: Set Kubernetes metadata</title>
      <link>https://docs.radapp.io/guides/operations/kubernetes/kubernetes-metadata/</link>
      <pubDate>Mon, 01 Jan 0001 00:00:00 +0000</pubDate>
      
      <guid>https://docs.radapp.io/guides/operations/kubernetes/kubernetes-metadata/</guid>
      <description>
        
        
        &lt;h2 id=&#34;background&#34;&gt;Background&lt;/h2&gt;
&lt;p&gt;&lt;a href=&#34;https://kubernetes.io/docs/concepts/overview/working-with-objects/labels/&#34;&gt;Kubernetes Labels&lt;/a&gt; are key/value pairs attached to Kubernetes objects and used to identify groups of related resources by organizational structure, release, process etc. Labels are descriptive in nature and can be queried.&lt;/p&gt;
&lt;p&gt;&lt;a href=&#34;https://kubernetes.io/docs/concepts/overview/working-with-objects/annotations/&#34;&gt;Kubernetes Annotations&lt;/a&gt; attach non-identifying information to Kubernetes objects. They are used to provide  additional information to users and can also be used for operational purposes. Annotations are used to represent behavior that can be leveraged by tools and libraries and often they are not human readable or queried.&lt;/p&gt;
&lt;h2 id=&#34;kubernetes-metadata-extension&#34;&gt;Kubernetes metadata extension&lt;/h2&gt;
&lt;p&gt;Radius enables you to retain or use your own defined tagging scheme for Kubernetes resources using Kubernetes labels and annotations. This enables users to incrementally adopt Radius for microservices built in the Kubernetes ecosystem using Kubernetes metadata concepts.&lt;/p&gt;
&lt;p&gt;You can set labels and annotations on an environment, application, or container using the Kubernetes metadata extension. The Kubernetes objects output from your resources (&lt;em&gt;Deployments, Services, etc.&lt;/em&gt;) will now have the defined metadata.&lt;/p&gt;
&lt;ul class=&#34;nav nav-tabs&#34; id=&#34;tabs-0&#34; role=&#34;tablist&#34;&gt;&lt;li class=&#34;nav-item&#34;&gt;&lt;a class=&#34;nav-link active&#34;
    id=&#34;tabs-0-environment-tab&#34; data-toggle=&#34;tab&#34; href=&#34;#tabs-0-environment&#34; role=&#34;tab&#34;
    aria-controls=&#34;tabs-0-environment&#34; aria-selected=&#34;true&#34;&gt;
    Environment
  &lt;/a&gt;
  &lt;/li&gt;&lt;li class=&#34;nav-item&#34;&gt;&lt;a class=&#34;nav-link&#34;
    id=&#34;tabs-0-application-tab&#34; data-toggle=&#34;tab&#34; href=&#34;#tabs-0-application&#34; role=&#34;tab&#34;
    aria-controls=&#34;tabs-0-application&#34; aria-selected=&#34;false&#34;&gt;
    Application
  &lt;/a&gt;
  &lt;/li&gt;&lt;li class=&#34;nav-item&#34;&gt;&lt;a class=&#34;nav-link&#34;
    id=&#34;tabs-0-container-tab&#34; data-toggle=&#34;tab&#34; href=&#34;#tabs-0-container&#34; role=&#34;tab&#34;
    aria-controls=&#34;tabs-0-container&#34; aria-selected=&#34;false&#34;&gt;
    Container
  &lt;/a&gt;
  &lt;/li&gt;&lt;/ul&gt;


&lt;div class=&#34;tab-content&#34; id=&#34;tabs-0-content&#34;&gt;


&lt;div class=&#34;tab-pane fade show active&#34; id=&#34;tabs-0-environment&#34; role=&#34;tabpanel&#34; aria-labelled-by=&#34;tabs-0-environment-tab&#34;&gt;
&lt;br /&gt;&lt;div class=&#34;highlight&#34;&gt;&lt;pre tabindex=&#34;0&#34; style=&#34;color:#f8f8f2;background-color:#272822;-moz-tab-size:4;-o-tab-size:4;tab-size:4;&#34;&gt;&lt;code class=&#34;language-bicep&#34; data-lang=&#34;bicep&#34;&gt;&lt;span style=&#34;display:flex;&#34;&gt;&lt;span&gt;&lt;span style=&#34;color:#66d9ef&#34;&gt;resource&lt;/span&gt; env &lt;span style=&#34;color:#e6db74&#34;&gt;&amp;#39;Applications.Core/environments@2023-10-01-preview&amp;#39;&lt;/span&gt; = {
&lt;/span&gt;&lt;/span&gt;&lt;span style=&#34;display:flex;&#34;&gt;&lt;span&gt;  name: &lt;span style=&#34;color:#e6db74&#34;&gt;&amp;#39;myenv&amp;#39;&lt;/span&gt;
&lt;/span&gt;&lt;/span&gt;&lt;span style=&#34;display:flex;&#34;&gt;&lt;span&gt;  properties: {
&lt;/span&gt;&lt;/span&gt;&lt;span style=&#34;display:flex;&#34;&gt;&lt;span&gt;    compute: {
&lt;/span&gt;&lt;/span&gt;&lt;span style=&#34;display:flex;&#34;&gt;&lt;span&gt;      kind: &lt;span style=&#34;color:#e6db74&#34;&gt;&amp;#39;kubernetes&amp;#39;&lt;/span&gt;
&lt;/span&gt;&lt;/span&gt;&lt;span style=&#34;display:flex;&#34;&gt;&lt;span&gt;      namespace: &lt;span style=&#34;color:#e6db74&#34;&gt;&amp;#39;my-ns&amp;#39;&lt;/span&gt;
&lt;/span&gt;&lt;/span&gt;&lt;span style=&#34;display:flex;&#34;&gt;&lt;span&gt;    }
&lt;/span&gt;&lt;/span&gt;&lt;span style=&#34;display:flex;&#34;&gt;&lt;span&gt;    extensions: [
&lt;/span&gt;&lt;/span&gt;&lt;span style=&#34;display:flex;&#34;&gt;&lt;span&gt;      {
&lt;/span&gt;&lt;/span&gt;&lt;span style=&#34;display:flex;&#34;&gt;&lt;span&gt;        kind: &lt;span style=&#34;color:#e6db74&#34;&gt;&amp;#39;kubernetesMetadata&amp;#39;&lt;/span&gt;
&lt;/span&gt;&lt;/span&gt;&lt;span style=&#34;display:flex;&#34;&gt;&lt;span&gt;        labels: {
&lt;/span&gt;&lt;/span&gt;&lt;span style=&#34;display:flex;&#34;&gt;&lt;span&gt;          &lt;span style=&#34;color:#e6db74&#34;&gt;&amp;#39;team.key1&amp;#39;&lt;/span&gt;: &lt;span style=&#34;color:#e6db74&#34;&gt;&amp;#39;envValue1&amp;#39;&lt;/span&gt;
&lt;/span&gt;&lt;/span&gt;&lt;span style=&#34;display:flex;&#34;&gt;&lt;span&gt;          &lt;span style=&#34;color:#e6db74&#34;&gt;&amp;#39;team.key2&amp;#39;&lt;/span&gt;: &lt;span style=&#34;color:#e6db74&#34;&gt;&amp;#39;envValue2&amp;#39;&lt;/span&gt;
&lt;/span&gt;&lt;/span&gt;&lt;span style=&#34;display:flex;&#34;&gt;&lt;span&gt;        }
&lt;/span&gt;&lt;/span&gt;&lt;span style=&#34;display:flex;&#34;&gt;&lt;span&gt;      }
&lt;/span&gt;&lt;/span&gt;&lt;span style=&#34;display:flex;&#34;&gt;&lt;span&gt;    ]
&lt;/span&gt;&lt;/span&gt;&lt;span style=&#34;display:flex;&#34;&gt;&lt;span&gt;  }
&lt;/span&gt;&lt;/span&gt;&lt;span style=&#34;display:flex;&#34;&gt;&lt;span&gt;}
&lt;/span&gt;&lt;/span&gt;&lt;/code&gt;&lt;/pre&gt;&lt;/div&gt;
&lt;/div&gt;

&lt;div class=&#34;tab-pane fade&#34; id=&#34;tabs-0-application&#34; role=&#34;tabpanel&#34; aria-labelled-by=&#34;tabs-0-application-tab&#34;&gt;
&lt;br /&gt;&lt;div class=&#34;highlight&#34;&gt;&lt;pre tabindex=&#34;0&#34; style=&#34;color:#f8f8f2;background-color:#272822;-moz-tab-size:4;-o-tab-size:4;tab-size:4;&#34;&gt;&lt;code class=&#34;language-bicep&#34; data-lang=&#34;bicep&#34;&gt;&lt;span style=&#34;display:flex;&#34;&gt;&lt;span&gt;&lt;span style=&#34;color:#66d9ef&#34;&gt;resource&lt;/span&gt; app &lt;span style=&#34;color:#e6db74&#34;&gt;&amp;#39;Applications.Core/applications@2023-10-01-preview&amp;#39;&lt;/span&gt; = {
&lt;/span&gt;&lt;/span&gt;&lt;span style=&#34;display:flex;&#34;&gt;&lt;span&gt;  name: &lt;span style=&#34;color:#e6db74&#34;&gt;&amp;#39;myapp&amp;#39;&lt;/span&gt;
&lt;/span&gt;&lt;/span&gt;&lt;span style=&#34;display:flex;&#34;&gt;&lt;span&gt;  properties: {
&lt;/span&gt;&lt;/span&gt;&lt;span style=&#34;display:flex;&#34;&gt;&lt;span&gt;    environment: env.id
&lt;/span&gt;&lt;/span&gt;&lt;span style=&#34;display:flex;&#34;&gt;&lt;span&gt;    extensions: [
&lt;/span&gt;&lt;/span&gt;&lt;span style=&#34;display:flex;&#34;&gt;&lt;span&gt;      {
&lt;/span&gt;&lt;/span&gt;&lt;span style=&#34;display:flex;&#34;&gt;&lt;span&gt;        kind: &lt;span style=&#34;color:#e6db74&#34;&gt;&amp;#39;kubernetesMetadata&amp;#39;&lt;/span&gt;
&lt;/span&gt;&lt;/span&gt;&lt;span style=&#34;display:flex;&#34;&gt;&lt;span&gt;        labels: {
&lt;/span&gt;&lt;/span&gt;&lt;span style=&#34;display:flex;&#34;&gt;&lt;span&gt;          &lt;span style=&#34;color:#e6db74&#34;&gt;&amp;#39;team.key1&amp;#39;&lt;/span&gt;: &lt;span style=&#34;color:#e6db74&#34;&gt;&amp;#39;appValue1&amp;#39;&lt;/span&gt;
&lt;/span&gt;&lt;/span&gt;&lt;span style=&#34;display:flex;&#34;&gt;&lt;span&gt;          &lt;span style=&#34;color:#e6db74&#34;&gt;&amp;#39;team.key2&amp;#39;&lt;/span&gt;: &lt;span style=&#34;color:#e6db74&#34;&gt;&amp;#39;appValue2&amp;#39;&lt;/span&gt;
&lt;/span&gt;&lt;/span&gt;&lt;span style=&#34;display:flex;&#34;&gt;&lt;span&gt;          &lt;span style=&#34;color:#e6db74&#34;&gt;&amp;#39;team.contact.name&amp;#39;&lt;/span&gt;: &lt;span style=&#34;color:#e6db74&#34;&gt;&amp;#39;Operations&amp;#39;&lt;/span&gt;
&lt;/span&gt;&lt;/span&gt;&lt;span style=&#34;display:flex;&#34;&gt;&lt;span&gt;          &lt;span style=&#34;color:#e6db74&#34;&gt;&amp;#39;team.contact.alias&amp;#39;&lt;/span&gt;: &lt;span style=&#34;color:#e6db74&#34;&gt;&amp;#39;ops&amp;#39;&lt;/span&gt;
&lt;/span&gt;&lt;/span&gt;&lt;span style=&#34;display:flex;&#34;&gt;&lt;span&gt;        }
&lt;/span&gt;&lt;/span&gt;&lt;span style=&#34;display:flex;&#34;&gt;&lt;span&gt;        annotations: {
&lt;/span&gt;&lt;/span&gt;&lt;span style=&#34;display:flex;&#34;&gt;&lt;span&gt;          &lt;span style=&#34;color:#e6db74&#34;&gt;&amp;#39;prometheus.io/port&amp;#39;&lt;/span&gt;: &lt;span style=&#34;color:#e6db74&#34;&gt;&amp;#39;9090&amp;#39;&lt;/span&gt;
&lt;/span&gt;&lt;/span&gt;&lt;span style=&#34;display:flex;&#34;&gt;&lt;span&gt;          &lt;span style=&#34;color:#e6db74&#34;&gt;&amp;#39;prometheus.io/scrape&amp;#39;&lt;/span&gt;: &lt;span style=&#34;color:#e6db74&#34;&gt;&amp;#39;true&amp;#39;&lt;/span&gt;
&lt;/span&gt;&lt;/span&gt;&lt;span style=&#34;display:flex;&#34;&gt;&lt;span&gt;        }
&lt;/span&gt;&lt;/span&gt;&lt;span style=&#34;display:flex;&#34;&gt;&lt;span&gt;      }
&lt;/span&gt;&lt;/span&gt;&lt;span style=&#34;display:flex;&#34;&gt;&lt;span&gt;    ]
&lt;/span&gt;&lt;/span&gt;&lt;span style=&#34;display:flex;&#34;&gt;&lt;span&gt;  }
&lt;/span&gt;&lt;/span&gt;&lt;span style=&#34;display:flex;&#34;&gt;&lt;span&gt;}
&lt;/span&gt;&lt;/span&gt;&lt;/code&gt;&lt;/pre&gt;&lt;/div&gt;
&lt;/div&gt;

&lt;div class=&#34;tab-pane fade&#34; id=&#34;tabs-0-container&#34; role=&#34;tabpanel&#34; aria-labelled-by=&#34;tabs-0-container-tab&#34;&gt;
&lt;br /&gt;&lt;div class=&#34;highlight&#34;&gt;&lt;pre tabindex=&#34;0&#34; style=&#34;color:#f8f8f2;background-color:#272822;-moz-tab-size:4;-o-tab-size:4;tab-size:4;&#34;&gt;&lt;code class=&#34;language-bicep&#34; data-lang=&#34;bicep&#34;&gt;&lt;span style=&#34;display:flex;&#34;&gt;&lt;span&gt;&lt;span style=&#34;color:#66d9ef&#34;&gt;resource&lt;/span&gt; frontend &lt;span style=&#34;color:#e6db74&#34;&gt;&amp;#39;Applications.Core/containers@2023-10-01-preview&amp;#39;&lt;/span&gt; = {
&lt;/span&gt;&lt;/span&gt;&lt;span style=&#34;display:flex;&#34;&gt;&lt;span&gt;  name: &lt;span style=&#34;color:#e6db74&#34;&gt;&amp;#39;frontend&amp;#39;&lt;/span&gt;
&lt;/span&gt;&lt;/span&gt;&lt;span style=&#34;display:flex;&#34;&gt;&lt;span&gt;  properties: {
&lt;/span&gt;&lt;/span&gt;&lt;span style=&#34;display:flex;&#34;&gt;&lt;span&gt;    application: app.id
&lt;/span&gt;&lt;/span&gt;&lt;span style=&#34;display:flex;&#34;&gt;&lt;span&gt;    container: {
&lt;/span&gt;&lt;/span&gt;&lt;span style=&#34;display:flex;&#34;&gt;&lt;span&gt;      image: &lt;span style=&#34;color:#e6db74&#34;&gt;&amp;#39;myregistry/mycontainer:latest&amp;#39;&lt;/span&gt;
&lt;/span&gt;&lt;/span&gt;&lt;span style=&#34;display:flex;&#34;&gt;&lt;span&gt;    }
&lt;/span&gt;&lt;/span&gt;&lt;span style=&#34;display:flex;&#34;&gt;&lt;span&gt;    extensions: [
&lt;/span&gt;&lt;/span&gt;&lt;span style=&#34;display:flex;&#34;&gt;&lt;span&gt;      {
&lt;/span&gt;&lt;/span&gt;&lt;span style=&#34;display:flex;&#34;&gt;&lt;span&gt;        kind: &lt;span style=&#34;color:#e6db74&#34;&gt;&amp;#39;kubernetesMetadata&amp;#39;&lt;/span&gt;
&lt;/span&gt;&lt;/span&gt;&lt;span style=&#34;display:flex;&#34;&gt;&lt;span&gt;        labels: {
&lt;/span&gt;&lt;/span&gt;&lt;span style=&#34;display:flex;&#34;&gt;&lt;span&gt;          &lt;span style=&#34;color:#e6db74&#34;&gt;&amp;#39;team.key2&amp;#39;&lt;/span&gt;: &lt;span style=&#34;color:#e6db74&#34;&gt;&amp;#39;containerValue2&amp;#39;&lt;/span&gt;
&lt;/span&gt;&lt;/span&gt;&lt;span style=&#34;display:flex;&#34;&gt;&lt;span&gt;          &lt;span style=&#34;color:#e6db74&#34;&gt;&amp;#39;team.contact.name&amp;#39;&lt;/span&gt;: &lt;span style=&#34;color:#e6db74&#34;&gt;&amp;#39;Frontend&amp;#39;&lt;/span&gt;
&lt;/span&gt;&lt;/span&gt;&lt;span style=&#34;display:flex;&#34;&gt;&lt;span&gt;          &lt;span style=&#34;color:#e6db74&#34;&gt;&amp;#39;team.contact.alias&amp;#39;&lt;/span&gt;: &lt;span style=&#34;color:#e6db74&#34;&gt;&amp;#39;frontend-eng&amp;#39;&lt;/span&gt;
&lt;/span&gt;&lt;/span&gt;&lt;span style=&#34;display:flex;&#34;&gt;&lt;span&gt;        }
&lt;/span&gt;&lt;/span&gt;&lt;span style=&#34;display:flex;&#34;&gt;&lt;span&gt;      }
&lt;/span&gt;&lt;/span&gt;&lt;span style=&#34;display:flex;&#34;&gt;&lt;span&gt;    ]
&lt;/span&gt;&lt;/span&gt;&lt;span style=&#34;display:flex;&#34;&gt;&lt;span&gt;  }
&lt;/span&gt;&lt;/span&gt;&lt;span style=&#34;display:flex;&#34;&gt;&lt;span&gt;}
&lt;/span&gt;&lt;/span&gt;&lt;/code&gt;&lt;/pre&gt;&lt;/div&gt;
&lt;/div&gt;


&lt;/div&gt;
&lt;h2 id=&#34;cascading-metadata&#34;&gt;Cascading metadata&lt;/h2&gt;
&lt;p&gt;Kubernetes metadata can be applied at the environment, application, or container layers. Metadata cascades down from the environment to the application to the containers, gateway and route resources. For example, you can set labels and annotations at an environment level and all containers within the environment will gain these labels and annotation, without the need for an explicit extension on the containers. The following resources will gain the Kubernetes metadata for their &lt;a href=&#34;https://docs.radapp.io/guides/operations/kubernetes/overview/#resource-mapping&#34;&gt;output resources&lt;/a&gt; from labels, annotations set at Environment, Application levels:&lt;/p&gt;
&lt;ul&gt;
&lt;li&gt;Applications.Core/containers&lt;/li&gt;
&lt;li&gt;Applications.Core/gateways&lt;/li&gt;
&lt;/ul&gt;
&lt;h3 id=&#34;metadata-processing-order&#34;&gt;Metadata processing order&lt;/h3&gt;
&lt;p&gt;Labels and annotations are processed in the following order, combining the keys/values at each level:&lt;/p&gt;
&lt;ol&gt;
&lt;li&gt;Environment&lt;/li&gt;
&lt;li&gt;Application&lt;/li&gt;
&lt;li&gt;Container&lt;/li&gt;
&lt;/ol&gt;
&lt;h3 id=&#34;conflicts-and-overrides&#34;&gt;Conflicts and overrides&lt;/h3&gt;
&lt;p&gt;In the case where layers have conflicting keys (&lt;em&gt;i.e. Application and Container both specify a &lt;code&gt;myapp.team.name&lt;/code&gt; label&lt;/em&gt;), the last level to process wins out and overrides other values (container). The metadata specified on the container will override the metadata specified on the application or environment.&lt;/p&gt;
&lt;h2 id=&#34;reserved-keys&#34;&gt;Reserved keys&lt;/h2&gt;
&lt;p&gt;Certain labels/annotations have special uses to Radius internally and are not allowed to be overridden by user. Labels/Annotations with keys that have a prefix : &lt;code&gt;radapp.io/&lt;/code&gt; will be ignored during processing.&lt;/p&gt;
&lt;h2 id=&#34;extension-processing-order&#34;&gt;Extension processing order&lt;/h2&gt;
&lt;p&gt;Other extensions may set Kubernetes metadata. For example, the &lt;code&gt;daprSidecar&lt;/code&gt; extension sets the &lt;code&gt;dapr.io/enabled&lt;/code&gt; annotation, as well as some others. This may cause issues in the case of conflicts.&lt;/p&gt;
&lt;p&gt;The order in which extensions are executed is as follows, from first to last:&lt;/p&gt;
&lt;ol&gt;
&lt;li&gt;Dapr sidecar extension&lt;/li&gt;
&lt;li&gt;Manual scale extension&lt;/li&gt;
&lt;li&gt;Kubernetes metadata extension&lt;/li&gt;
&lt;/ol&gt;
&lt;h3 id=&#34;conflicts&#34;&gt;Conflicts&lt;/h3&gt;
&lt;p&gt;When labels/annotation have the same set of key(s) added by two or more extensions, the final value is determined by the last extension that is processed.&lt;/p&gt;
&lt;h2 id=&#34;example&#34;&gt;Example&lt;/h2&gt;
&lt;p&gt;Let&amp;rsquo;s take an example of an application with some labels and annotations. This example shows some generic &amp;lsquo;keys&amp;rsquo;, as well as an example of how an organization may use labels to track organization contact information inside labels for troubleshooting scenarios:&lt;/p&gt;











    
    
    


    

    

    

&lt;div class=&#34;highlight&#34;&gt;&lt;pre tabindex=&#34;0&#34; style=&#34;color:#f8f8f2;background-color:#272822;-moz-tab-size:4;-o-tab-size:4;tab-size:4;&#34;&gt;&lt;code class=&#34;language-bicep&#34; data-lang=&#34;bicep&#34;&gt;&lt;span style=&#34;display:flex;&#34;&gt;&lt;span&gt;&lt;span style=&#34;color:#66d9ef&#34;&gt;resource&lt;/span&gt; app &lt;span style=&#34;color:#e6db74&#34;&gt;&amp;#39;Applications.Core/applications@2023-10-01-preview&amp;#39;&lt;/span&gt; = {
&lt;/span&gt;&lt;/span&gt;&lt;span style=&#34;display:flex;&#34;&gt;&lt;span&gt;  name: &lt;span style=&#34;color:#e6db74&#34;&gt;&amp;#39;myapp&amp;#39;&lt;/span&gt;
&lt;/span&gt;&lt;/span&gt;&lt;span style=&#34;display:flex;&#34;&gt;&lt;span&gt;  properties: {
&lt;/span&gt;&lt;/span&gt;&lt;span style=&#34;display:flex;&#34;&gt;&lt;span&gt;    environment: env.id
&lt;/span&gt;&lt;/span&gt;&lt;span style=&#34;display:flex;&#34;&gt;&lt;span&gt;    extensions: [
&lt;/span&gt;&lt;/span&gt;&lt;span style=&#34;display:flex;&#34;&gt;&lt;span&gt;      {
&lt;/span&gt;&lt;/span&gt;&lt;span style=&#34;display:flex;&#34;&gt;&lt;span&gt;        kind: &lt;span style=&#34;color:#e6db74&#34;&gt;&amp;#39;kubernetesMetadata&amp;#39;&lt;/span&gt;
&lt;/span&gt;&lt;/span&gt;&lt;span style=&#34;display:flex;&#34;&gt;&lt;span&gt;        labels: {
&lt;/span&gt;&lt;/span&gt;&lt;span style=&#34;display:flex;&#34;&gt;&lt;span&gt;          &lt;span style=&#34;color:#e6db74&#34;&gt;&amp;#39;team.key1&amp;#39;&lt;/span&gt;: &lt;span style=&#34;color:#e6db74&#34;&gt;&amp;#39;appValue1&amp;#39;&lt;/span&gt;
&lt;/span&gt;&lt;/span&gt;&lt;span style=&#34;display:flex;&#34;&gt;&lt;span&gt;          &lt;span style=&#34;color:#e6db74&#34;&gt;&amp;#39;team.key2&amp;#39;&lt;/span&gt;: &lt;span style=&#34;color:#e6db74&#34;&gt;&amp;#39;appValue2&amp;#39;&lt;/span&gt;
&lt;/span&gt;&lt;/span&gt;&lt;span style=&#34;display:flex;&#34;&gt;&lt;span&gt;          &lt;span style=&#34;color:#e6db74&#34;&gt;&amp;#39;team.contact.name&amp;#39;&lt;/span&gt;: &lt;span style=&#34;color:#e6db74&#34;&gt;&amp;#39;Operations&amp;#39;&lt;/span&gt;
&lt;/span&gt;&lt;/span&gt;&lt;span style=&#34;display:flex;&#34;&gt;&lt;span&gt;          &lt;span style=&#34;color:#e6db74&#34;&gt;&amp;#39;team.contact.alias&amp;#39;&lt;/span&gt;: &lt;span style=&#34;color:#e6db74&#34;&gt;&amp;#39;ops&amp;#39;&lt;/span&gt;
&lt;/span&gt;&lt;/span&gt;&lt;span style=&#34;display:flex;&#34;&gt;&lt;span&gt;        }
&lt;/span&gt;&lt;/span&gt;&lt;span style=&#34;display:flex;&#34;&gt;&lt;span&gt;        annotations: {
&lt;/span&gt;&lt;/span&gt;&lt;span style=&#34;display:flex;&#34;&gt;&lt;span&gt;          &lt;span style=&#34;color:#e6db74&#34;&gt;&amp;#39;prometheus.io/port&amp;#39;&lt;/span&gt;: &lt;span style=&#34;color:#e6db74&#34;&gt;&amp;#39;9090&amp;#39;&lt;/span&gt;
&lt;/span&gt;&lt;/span&gt;&lt;span style=&#34;display:flex;&#34;&gt;&lt;span&gt;          &lt;span style=&#34;color:#e6db74&#34;&gt;&amp;#39;prometheus.io/scrape&amp;#39;&lt;/span&gt;: &lt;span style=&#34;color:#e6db74&#34;&gt;&amp;#39;true&amp;#39;&lt;/span&gt;
&lt;/span&gt;&lt;/span&gt;&lt;span style=&#34;display:flex;&#34;&gt;&lt;span&gt;        }
&lt;/span&gt;&lt;/span&gt;&lt;span style=&#34;display:flex;&#34;&gt;&lt;span&gt;      }
&lt;/span&gt;&lt;/span&gt;&lt;span style=&#34;display:flex;&#34;&gt;&lt;span&gt;    ]
&lt;/span&gt;&lt;/span&gt;&lt;span style=&#34;display:flex;&#34;&gt;&lt;span&gt;  }
&lt;/span&gt;&lt;/span&gt;&lt;span style=&#34;display:flex;&#34;&gt;&lt;span&gt;}
&lt;/span&gt;&lt;/span&gt;&lt;/code&gt;&lt;/pre&gt;&lt;/div&gt;


&lt;p&gt;All resources within this application with Kubernetes outputs will gain these labels. Let&amp;rsquo;s now take a look at a frontend container, where the frontend team has overridden some of the values:&lt;/p&gt;











    
    
    


    

    

    

&lt;div class=&#34;highlight&#34;&gt;&lt;pre tabindex=&#34;0&#34; style=&#34;color:#f8f8f2;background-color:#272822;-moz-tab-size:4;-o-tab-size:4;tab-size:4;&#34;&gt;&lt;code class=&#34;language-bicep&#34; data-lang=&#34;bicep&#34;&gt;&lt;span style=&#34;display:flex;&#34;&gt;&lt;span&gt;&lt;span style=&#34;color:#66d9ef&#34;&gt;resource&lt;/span&gt; frontend &lt;span style=&#34;color:#e6db74&#34;&gt;&amp;#39;Applications.Core/containers@2023-10-01-preview&amp;#39;&lt;/span&gt; = {
&lt;/span&gt;&lt;/span&gt;&lt;span style=&#34;display:flex;&#34;&gt;&lt;span&gt;  name: &lt;span style=&#34;color:#e6db74&#34;&gt;&amp;#39;frontend&amp;#39;&lt;/span&gt;
&lt;/span&gt;&lt;/span&gt;&lt;span style=&#34;display:flex;&#34;&gt;&lt;span&gt;  properties: {
&lt;/span&gt;&lt;/span&gt;&lt;span style=&#34;display:flex;&#34;&gt;&lt;span&gt;    application: app.id
&lt;/span&gt;&lt;/span&gt;&lt;span style=&#34;display:flex;&#34;&gt;&lt;span&gt;    container: {
&lt;/span&gt;&lt;/span&gt;&lt;span style=&#34;display:flex;&#34;&gt;&lt;span&gt;      image: &lt;span style=&#34;color:#e6db74&#34;&gt;&amp;#39;myregistry/mycontainer:latest&amp;#39;&lt;/span&gt;
&lt;/span&gt;&lt;/span&gt;&lt;span style=&#34;display:flex;&#34;&gt;&lt;span&gt;    }
&lt;/span&gt;&lt;/span&gt;&lt;span style=&#34;display:flex;&#34;&gt;&lt;span&gt;    extensions: [
&lt;/span&gt;&lt;/span&gt;&lt;span style=&#34;display:flex;&#34;&gt;&lt;span&gt;      {
&lt;/span&gt;&lt;/span&gt;&lt;span style=&#34;display:flex;&#34;&gt;&lt;span&gt;        kind: &lt;span style=&#34;color:#e6db74&#34;&gt;&amp;#39;kubernetesMetadata&amp;#39;&lt;/span&gt;
&lt;/span&gt;&lt;/span&gt;&lt;span style=&#34;display:flex;&#34;&gt;&lt;span&gt;        labels: {
&lt;/span&gt;&lt;/span&gt;&lt;span style=&#34;display:flex;&#34;&gt;&lt;span&gt;          &lt;span style=&#34;color:#e6db74&#34;&gt;&amp;#39;team.key2&amp;#39;&lt;/span&gt;: &lt;span style=&#34;color:#e6db74&#34;&gt;&amp;#39;containerValue2&amp;#39;&lt;/span&gt;
&lt;/span&gt;&lt;/span&gt;&lt;span style=&#34;display:flex;&#34;&gt;&lt;span&gt;          &lt;span style=&#34;color:#e6db74&#34;&gt;&amp;#39;team.contact.name&amp;#39;&lt;/span&gt;: &lt;span style=&#34;color:#e6db74&#34;&gt;&amp;#39;Frontend&amp;#39;&lt;/span&gt;
&lt;/span&gt;&lt;/span&gt;&lt;span style=&#34;display:flex;&#34;&gt;&lt;span&gt;          &lt;span style=&#34;color:#e6db74&#34;&gt;&amp;#39;team.contact.alias&amp;#39;&lt;/span&gt;: &lt;span style=&#34;color:#e6db74&#34;&gt;&amp;#39;frontend-eng&amp;#39;&lt;/span&gt;
&lt;/span&gt;&lt;/span&gt;&lt;span style=&#34;display:flex;&#34;&gt;&lt;span&gt;        }
&lt;/span&gt;&lt;/span&gt;&lt;span style=&#34;display:flex;&#34;&gt;&lt;span&gt;      }
&lt;/span&gt;&lt;/span&gt;&lt;span style=&#34;display:flex;&#34;&gt;&lt;span&gt;    ]
&lt;/span&gt;&lt;/span&gt;&lt;span style=&#34;display:flex;&#34;&gt;&lt;span&gt;  }
&lt;/span&gt;&lt;/span&gt;&lt;span style=&#34;display:flex;&#34;&gt;&lt;span&gt;}
&lt;/span&gt;&lt;/span&gt;&lt;/code&gt;&lt;/pre&gt;&lt;/div&gt;


&lt;p&gt;When this file is deployed, the metadata on the &lt;code&gt;frontend&lt;/code&gt; deployment is:&lt;/p&gt;
&lt;div class=&#34;highlight&#34;&gt;&lt;pre tabindex=&#34;0&#34; style=&#34;color:#f8f8f2;background-color:#272822;-moz-tab-size:4;-o-tab-size:4;tab-size:4;&#34;&gt;&lt;code class=&#34;language-bash&#34; data-lang=&#34;bash&#34;&gt;&lt;span style=&#34;display:flex;&#34;&gt;&lt;span&gt;$ kubectl describe deployment frontend
&lt;/span&gt;&lt;/span&gt;&lt;span style=&#34;display:flex;&#34;&gt;&lt;span&gt;Name:             frontend
&lt;/span&gt;&lt;/span&gt;&lt;span style=&#34;display:flex;&#34;&gt;&lt;span&gt;Namespace:        default-myapp
&lt;/span&gt;&lt;/span&gt;&lt;span style=&#34;display:flex;&#34;&gt;&lt;span&gt;Labels:           key1&lt;span style=&#34;color:#f92672&#34;&gt;=&lt;/span&gt;appValue1
&lt;/span&gt;&lt;/span&gt;&lt;span style=&#34;display:flex;&#34;&gt;&lt;span&gt;                  key2&lt;span style=&#34;color:#f92672&#34;&gt;=&lt;/span&gt;containerValue2
&lt;/span&gt;&lt;/span&gt;&lt;span style=&#34;display:flex;&#34;&gt;&lt;span&gt;                  team.contact.name&lt;span style=&#34;color:#f92672&#34;&gt;=&lt;/span&gt;Frontend
&lt;/span&gt;&lt;/span&gt;&lt;span style=&#34;display:flex;&#34;&gt;&lt;span&gt;                  team.contact.alias&lt;span style=&#34;color:#f92672&#34;&gt;=&lt;/span&gt;frontend-eng
&lt;/span&gt;&lt;/span&gt;&lt;span style=&#34;display:flex;&#34;&gt;&lt;span&gt;                  radapp.io/application&lt;span style=&#34;color:#f92672&#34;&gt;=&lt;/span&gt;myapp
&lt;/span&gt;&lt;/span&gt;&lt;span style=&#34;display:flex;&#34;&gt;&lt;span&gt;                  radapp.io/resource&lt;span style=&#34;color:#f92672&#34;&gt;=&lt;/span&gt;frontend
&lt;/span&gt;&lt;/span&gt;&lt;span style=&#34;display:flex;&#34;&gt;&lt;span&gt;                  radapp.io/resource-type&lt;span style=&#34;color:#f92672&#34;&gt;=&lt;/span&gt;applications.core-containers
&lt;/span&gt;&lt;/span&gt;&lt;span style=&#34;display:flex;&#34;&gt;&lt;span&gt;                  ...
&lt;/span&gt;&lt;/span&gt;&lt;span style=&#34;display:flex;&#34;&gt;&lt;span&gt;Annotations:      prometheus.io/port: &lt;span style=&#34;color:#ae81ff&#34;&gt;9090&lt;/span&gt;
&lt;/span&gt;&lt;/span&gt;&lt;span style=&#34;display:flex;&#34;&gt;&lt;span&gt;                  prometheus.io/scrape: true
&lt;/span&gt;&lt;/span&gt;&lt;span style=&#34;display:flex;&#34;&gt;&lt;span&gt;                  ...
&lt;/span&gt;&lt;/span&gt;&lt;/code&gt;&lt;/pre&gt;&lt;/div&gt;&lt;p&gt;The labels &amp;amp; annotations were set based on the following:&lt;/p&gt;
&lt;table&gt;
&lt;thead&gt;
&lt;tr&gt;
&lt;th&gt;Key&lt;/th&gt;
&lt;th&gt;Value&lt;/th&gt;
&lt;th&gt;Description&lt;/th&gt;
&lt;/tr&gt;
&lt;/thead&gt;
&lt;tbody&gt;
&lt;tr&gt;
&lt;td&gt;&lt;strong&gt;Labels&lt;/strong&gt;&lt;/td&gt;
&lt;td&gt;&lt;/td&gt;
&lt;td&gt;&lt;/td&gt;
&lt;/tr&gt;
&lt;tr&gt;
&lt;td&gt;&lt;code&gt;team.key1&lt;/code&gt;&lt;/td&gt;
&lt;td&gt;&lt;code&gt;appValue1&lt;/code&gt;&lt;/td&gt;
&lt;td&gt;Application value is applied&lt;/td&gt;
&lt;/tr&gt;
&lt;tr&gt;
&lt;td&gt;&lt;code&gt;team.key2&lt;/code&gt;&lt;/td&gt;
&lt;td&gt;&lt;code&gt;containerValue2&lt;/code&gt;&lt;/td&gt;
&lt;td&gt;Container value overrides application value&lt;/td&gt;
&lt;/tr&gt;
&lt;tr&gt;
&lt;td&gt;&lt;code&gt;team.contact.name&lt;/code&gt;&lt;/td&gt;
&lt;td&gt;&lt;code&gt;Frontend&lt;/code&gt;&lt;/td&gt;
&lt;td&gt;Container value overrides application value&lt;/td&gt;
&lt;/tr&gt;
&lt;tr&gt;
&lt;td&gt;&lt;code&gt;team.contact.alias&lt;/code&gt;&lt;/td&gt;
&lt;td&gt;&lt;code&gt;frontend-eng&lt;/code&gt;&lt;/td&gt;
&lt;td&gt;Container value overrides application value&lt;/td&gt;
&lt;/tr&gt;
&lt;tr&gt;
&lt;td&gt;&lt;code&gt;radapp.io/application&lt;/code&gt;&lt;/td&gt;
&lt;td&gt;&lt;code&gt;myapp&lt;/code&gt;&lt;/td&gt;
&lt;td&gt;Radius-injected label&lt;/td&gt;
&lt;/tr&gt;
&lt;tr&gt;
&lt;td&gt;&lt;code&gt;radapp.io/resource&lt;/code&gt;&lt;/td&gt;
&lt;td&gt;&lt;code&gt;frontend&lt;/code&gt;&lt;/td&gt;
&lt;td&gt;Radius-injected label&lt;/td&gt;
&lt;/tr&gt;
&lt;tr&gt;
&lt;td&gt;&lt;code&gt;radapp.io/resource-type&lt;/code&gt;&lt;/td&gt;
&lt;td&gt;&lt;code&gt;applications.core-containers&lt;/code&gt;&lt;/td&gt;
&lt;td&gt;Radius-injected label&lt;/td&gt;
&lt;/tr&gt;
&lt;tr&gt;
&lt;td&gt;&lt;strong&gt;Annotations&lt;/strong&gt;&lt;/td&gt;
&lt;td&gt;&lt;/td&gt;
&lt;td&gt;&lt;/td&gt;
&lt;/tr&gt;
&lt;tr&gt;
&lt;td&gt;&lt;code&gt;prometheus.io/port&lt;/code&gt;&lt;/td&gt;
&lt;td&gt;&lt;code&gt;9090&lt;/code&gt;&lt;/td&gt;
&lt;td&gt;Application annotation is applied&lt;/td&gt;
&lt;/tr&gt;
&lt;tr&gt;
&lt;td&gt;&lt;code&gt;prometheus.io/scrape&lt;/code&gt;&lt;/td&gt;
&lt;td&gt;&lt;code&gt;true &lt;/code&gt;&lt;/td&gt;
&lt;td&gt;Application annotation is applied&lt;/td&gt;
&lt;/tr&gt;
&lt;/tbody&gt;
&lt;/table&gt;

      </description>
    </item>
    
  </channel>
</rss>
