<rss version="2.0" xmlns:atom="http://www.w3.org/2005/Atom">
  <channel>
    <title>Radius Docs – Overview: Radius workspaces</title>
    <link>https://docs.radapp.io/guides/operations/workspaces/</link>
    <description>Recent content in Overview: Radius workspaces on Radius Docs</description>
    <generator>Hugo -- gohugo.io</generator>
    <language>en-us</language>
    
	  <atom:link href="https://docs.radapp.io/guides/operations/workspaces/index.xml" rel="self" type="application/rss+xml" />
    
    
      
        
      
    
    
    <item>
      <title>Guides: Overview: Radius workspaces</title>
      <link>https://docs.radapp.io/guides/operations/workspaces/overview/</link>
      <pubDate>Mon, 01 Jan 0001 00:00:00 +0000</pubDate>
      
      <guid>https://docs.radapp.io/guides/operations/workspaces/overview/</guid>
      <description>
        
        
        &lt;p&gt;Workspaces allow you to manage multiple Radius platforms and environments using a local configuration file. You can easily define and switch between workspaces to deploy and manage applications across separate environments.&lt;/p&gt;
&lt;img src=workspaces.png alt=&#34;Diagram showing a Radius configuration file mapping workspaces to Kubernetes clusters&#34; width=800px /&gt;
&lt;h2 id=&#34;cli-commands&#34;&gt;CLI commands&lt;/h2&gt;
&lt;p&gt;The following commands let you interact with Radius Environments:&lt;/p&gt;
&lt;ul class=&#34;nav nav-tabs&#34; id=&#34;tabs-0&#34; role=&#34;tablist&#34;&gt;&lt;li class=&#34;nav-item&#34;&gt;&lt;a class=&#34;nav-link active&#34;
    id=&#34;tabs-0-create-tab&#34; data-toggle=&#34;tab&#34; href=&#34;#tabs-0-create&#34; role=&#34;tab&#34;
    aria-controls=&#34;tabs-0-create&#34; aria-selected=&#34;true&#34;&gt;
    create
  &lt;/a&gt;
  &lt;/li&gt;&lt;li class=&#34;nav-item&#34;&gt;&lt;a class=&#34;nav-link&#34;
    id=&#34;tabs-0-list-tab&#34; data-toggle=&#34;tab&#34; href=&#34;#tabs-0-list&#34; role=&#34;tab&#34;
    aria-controls=&#34;tabs-0-list&#34; aria-selected=&#34;false&#34;&gt;
    list
  &lt;/a&gt;
  &lt;/li&gt;&lt;li class=&#34;nav-item&#34;&gt;&lt;a class=&#34;nav-link&#34;
    id=&#34;tabs-0-show-tab&#34; data-toggle=&#34;tab&#34; href=&#34;#tabs-0-show&#34; role=&#34;tab&#34;
    aria-controls=&#34;tabs-0-show&#34; aria-selected=&#34;false&#34;&gt;
    show
  &lt;/a&gt;
  &lt;/li&gt;&lt;li class=&#34;nav-item&#34;&gt;&lt;a class=&#34;nav-link&#34;
    id=&#34;tabs-0-delete-tab&#34; data-toggle=&#34;tab&#34; href=&#34;#tabs-0-delete&#34; role=&#34;tab&#34;
    aria-controls=&#34;tabs-0-delete&#34; aria-selected=&#34;false&#34;&gt;
    delete
  &lt;/a&gt;
  &lt;/li&gt;&lt;li class=&#34;nav-item&#34;&gt;&lt;a class=&#34;nav-link&#34;
    id=&#34;tabs-0-switch-tab&#34; data-toggle=&#34;tab&#34; href=&#34;#tabs-0-switch&#34; role=&#34;tab&#34;
    aria-controls=&#34;tabs-0-switch&#34; aria-selected=&#34;false&#34;&gt;
    switch
  &lt;/a&gt;
  &lt;/li&gt;&lt;/ul&gt;


&lt;div class=&#34;tab-content&#34; id=&#34;tabs-0-content&#34;&gt;


&lt;div class=&#34;tab-pane fade show active&#34; id=&#34;tabs-0-create&#34; role=&#34;tabpanel&#34; aria-labelled-by=&#34;tabs-0-create-tab&#34;&gt;
&lt;br /&gt;&lt;p&gt;&lt;a href=&#34;https://docs.radapp.io/reference/cli/rad_workspace_create/&#34;&gt;rad workspace init kubernetes&lt;/a&gt; creates a new workspace:&lt;/p&gt;
&lt;div class=&#34;highlight&#34;&gt;&lt;pre tabindex=&#34;0&#34; style=&#34;color:#f8f8f2;background-color:#272822;-moz-tab-size:4;-o-tab-size:4;tab-size:4;&#34;&gt;&lt;code class=&#34;language-bash&#34; data-lang=&#34;bash&#34;&gt;&lt;span style=&#34;display:flex;&#34;&gt;&lt;span&gt;rad workspace init kubernetes
&lt;/span&gt;&lt;/span&gt;&lt;/code&gt;&lt;/pre&gt;&lt;/div&gt;&lt;/div&gt;

&lt;div class=&#34;tab-pane fade&#34; id=&#34;tabs-0-list&#34; role=&#34;tabpanel&#34; aria-labelled-by=&#34;tabs-0-list-tab&#34;&gt;
&lt;br /&gt;&lt;p&gt;&lt;a href=&#34;https://docs.radapp.io/reference/cli/rad_workspace_list/&#34;&gt;rad workspace list&lt;/a&gt; lists all of the workspaces in your configuration file:&lt;/p&gt;
&lt;div class=&#34;highlight&#34;&gt;&lt;pre tabindex=&#34;0&#34; style=&#34;color:#f8f8f2;background-color:#272822;-moz-tab-size:4;-o-tab-size:4;tab-size:4;&#34;&gt;&lt;code class=&#34;language-bash&#34; data-lang=&#34;bash&#34;&gt;&lt;span style=&#34;display:flex;&#34;&gt;&lt;span&gt;rad workspacae list
&lt;/span&gt;&lt;/span&gt;&lt;/code&gt;&lt;/pre&gt;&lt;/div&gt;&lt;/div&gt;

&lt;div class=&#34;tab-pane fade&#34; id=&#34;tabs-0-show&#34; role=&#34;tabpanel&#34; aria-labelled-by=&#34;tabs-0-show-tab&#34;&gt;
&lt;br /&gt;&lt;p&gt;&lt;a href=&#34;https://docs.radapp.io/reference/cli/rad_workspace_show/&#34;&gt;rad workspace show&lt;/a&gt; prints information on the default or specified workspace:&lt;/p&gt;
&lt;div class=&#34;highlight&#34;&gt;&lt;pre tabindex=&#34;0&#34; style=&#34;color:#f8f8f2;background-color:#272822;-moz-tab-size:4;-o-tab-size:4;tab-size:4;&#34;&gt;&lt;code class=&#34;language-bash&#34; data-lang=&#34;bash&#34;&gt;&lt;span style=&#34;display:flex;&#34;&gt;&lt;span&gt;rad workspace show
&lt;/span&gt;&lt;/span&gt;&lt;/code&gt;&lt;/pre&gt;&lt;/div&gt;&lt;/div&gt;

&lt;div class=&#34;tab-pane fade&#34; id=&#34;tabs-0-delete&#34; role=&#34;tabpanel&#34; aria-labelled-by=&#34;tabs-0-delete-tab&#34;&gt;
&lt;br /&gt;&lt;p&gt;&lt;a href=&#34;https://docs.radapp.io/reference/cli/rad_workspace_delete/&#34;&gt;rad workspace delete&lt;/a&gt; deletes the specified workspace:&lt;/p&gt;
&lt;div class=&#34;highlight&#34;&gt;&lt;pre tabindex=&#34;0&#34; style=&#34;color:#f8f8f2;background-color:#272822;-moz-tab-size:4;-o-tab-size:4;tab-size:4;&#34;&gt;&lt;code class=&#34;language-bash&#34; data-lang=&#34;bash&#34;&gt;&lt;span style=&#34;display:flex;&#34;&gt;&lt;span&gt;rad workspace delete -w myenv
&lt;/span&gt;&lt;/span&gt;&lt;/code&gt;&lt;/pre&gt;&lt;/div&gt;&lt;/div&gt;

&lt;div class=&#34;tab-pane fade&#34; id=&#34;tabs-0-switch&#34; role=&#34;tabpanel&#34; aria-labelled-by=&#34;tabs-0-switch-tab&#34;&gt;
&lt;br /&gt;&lt;p&gt;&lt;a href=&#34;https://docs.radapp.io/reference/cli/rad_workspace_switch/&#34;&gt;rad workspace switch&lt;/a&gt; switches the default workspace:&lt;/p&gt;
&lt;div class=&#34;highlight&#34;&gt;&lt;pre tabindex=&#34;0&#34; style=&#34;color:#f8f8f2;background-color:#272822;-moz-tab-size:4;-o-tab-size:4;tab-size:4;&#34;&gt;&lt;code class=&#34;language-bash&#34; data-lang=&#34;bash&#34;&gt;&lt;span style=&#34;display:flex;&#34;&gt;&lt;span&gt;rad env switch -e myenv
&lt;/span&gt;&lt;/span&gt;&lt;/code&gt;&lt;/pre&gt;&lt;/div&gt;&lt;/div&gt;


&lt;/div&gt;
&lt;h2 id=&#34;example&#34;&gt;Example&lt;/h2&gt;
&lt;p&gt;Your Radius configuration file contains workspace entries that point to a Radius platform and environment:&lt;/p&gt;
&lt;div class=&#34;highlight&#34;&gt;&lt;pre tabindex=&#34;0&#34; style=&#34;color:#f8f8f2;background-color:#272822;-moz-tab-size:4;-o-tab-size:4;tab-size:4;&#34;&gt;&lt;code class=&#34;language-yaml&#34; data-lang=&#34;yaml&#34;&gt;&lt;span style=&#34;display:flex;&#34;&gt;&lt;span&gt;&lt;span style=&#34;color:#f92672&#34;&gt;workspaces&lt;/span&gt;:
&lt;/span&gt;&lt;/span&gt;&lt;span style=&#34;display:flex;&#34;&gt;&lt;span&gt;  &lt;span style=&#34;color:#f92672&#34;&gt;default&lt;/span&gt;: &lt;span style=&#34;color:#ae81ff&#34;&gt;dev&lt;/span&gt;
&lt;/span&gt;&lt;/span&gt;&lt;span style=&#34;display:flex;&#34;&gt;&lt;span&gt;  &lt;span style=&#34;color:#f92672&#34;&gt;items&lt;/span&gt;:
&lt;/span&gt;&lt;/span&gt;&lt;span style=&#34;display:flex;&#34;&gt;&lt;span&gt;    &lt;span style=&#34;color:#f92672&#34;&gt;dev&lt;/span&gt;:
&lt;/span&gt;&lt;/span&gt;&lt;span style=&#34;display:flex;&#34;&gt;&lt;span&gt;      &lt;span style=&#34;color:#f92672&#34;&gt;connection&lt;/span&gt;:
&lt;/span&gt;&lt;/span&gt;&lt;span style=&#34;display:flex;&#34;&gt;&lt;span&gt;        &lt;span style=&#34;color:#f92672&#34;&gt;context&lt;/span&gt;: &lt;span style=&#34;color:#ae81ff&#34;&gt;DevCluster&lt;/span&gt;
&lt;/span&gt;&lt;/span&gt;&lt;span style=&#34;display:flex;&#34;&gt;&lt;span&gt;        &lt;span style=&#34;color:#f92672&#34;&gt;kind&lt;/span&gt;: &lt;span style=&#34;color:#ae81ff&#34;&gt;kubernetes&lt;/span&gt;
&lt;/span&gt;&lt;/span&gt;&lt;span style=&#34;display:flex;&#34;&gt;&lt;span&gt;      &lt;span style=&#34;color:#f92672&#34;&gt;environment&lt;/span&gt;: &lt;span style=&#34;color:#ae81ff&#34;&gt;/planes/radius/local/resourcegroups/dev/providers/applications.core/environments/dev&lt;/span&gt;
&lt;/span&gt;&lt;/span&gt;&lt;span style=&#34;display:flex;&#34;&gt;&lt;span&gt;      &lt;span style=&#34;color:#f92672&#34;&gt;scope&lt;/span&gt;: &lt;span style=&#34;color:#ae81ff&#34;&gt;/planes/radius/local/resourceGroups/dev&lt;/span&gt;
&lt;/span&gt;&lt;/span&gt;&lt;span style=&#34;display:flex;&#34;&gt;&lt;span&gt;      &lt;span style=&#34;color:#f92672&#34;&gt;providerConfig&lt;/span&gt;:
&lt;/span&gt;&lt;/span&gt;&lt;span style=&#34;display:flex;&#34;&gt;&lt;span&gt;        &lt;span style=&#34;color:#f92672&#34;&gt;azure&lt;/span&gt;:
&lt;/span&gt;&lt;/span&gt;&lt;span style=&#34;display:flex;&#34;&gt;&lt;span&gt;          &lt;span style=&#34;color:#f92672&#34;&gt;subscriptionid&lt;/span&gt;: &lt;span style=&#34;color:#ae81ff&#34;&gt;DEV-SUBID&lt;/span&gt;
&lt;/span&gt;&lt;/span&gt;&lt;span style=&#34;display:flex;&#34;&gt;&lt;span&gt;          &lt;span style=&#34;color:#f92672&#34;&gt;resourcegroup&lt;/span&gt;: &lt;span style=&#34;color:#ae81ff&#34;&gt;Dev&lt;/span&gt;
&lt;/span&gt;&lt;/span&gt;&lt;span style=&#34;display:flex;&#34;&gt;&lt;span&gt;    &lt;span style=&#34;color:#f92672&#34;&gt;prod&lt;/span&gt;:
&lt;/span&gt;&lt;/span&gt;&lt;span style=&#34;display:flex;&#34;&gt;&lt;span&gt;      &lt;span style=&#34;color:#f92672&#34;&gt;connection&lt;/span&gt;:
&lt;/span&gt;&lt;/span&gt;&lt;span style=&#34;display:flex;&#34;&gt;&lt;span&gt;        &lt;span style=&#34;color:#f92672&#34;&gt;context&lt;/span&gt;: &lt;span style=&#34;color:#ae81ff&#34;&gt;ProdCluster&lt;/span&gt;
&lt;/span&gt;&lt;/span&gt;&lt;span style=&#34;display:flex;&#34;&gt;&lt;span&gt;        &lt;span style=&#34;color:#f92672&#34;&gt;kind&lt;/span&gt;: &lt;span style=&#34;color:#ae81ff&#34;&gt;kubernetes&lt;/span&gt;
&lt;/span&gt;&lt;/span&gt;&lt;span style=&#34;display:flex;&#34;&gt;&lt;span&gt;      &lt;span style=&#34;color:#f92672&#34;&gt;environment&lt;/span&gt;: &lt;span style=&#34;color:#ae81ff&#34;&gt;/planes/radius/local/resourcegroups/prod/providers/applications.core/environments/prod&lt;/span&gt;
&lt;/span&gt;&lt;/span&gt;&lt;span style=&#34;display:flex;&#34;&gt;&lt;span&gt;      &lt;span style=&#34;color:#f92672&#34;&gt;scope&lt;/span&gt;: &lt;span style=&#34;color:#ae81ff&#34;&gt;/planes/radius/local/resourceGroups/prod&lt;/span&gt;
&lt;/span&gt;&lt;/span&gt;&lt;span style=&#34;display:flex;&#34;&gt;&lt;span&gt;      &lt;span style=&#34;color:#f92672&#34;&gt;providerConfig&lt;/span&gt;:
&lt;/span&gt;&lt;/span&gt;&lt;span style=&#34;display:flex;&#34;&gt;&lt;span&gt;        &lt;span style=&#34;color:#f92672&#34;&gt;azure&lt;/span&gt;:
&lt;/span&gt;&lt;/span&gt;&lt;span style=&#34;display:flex;&#34;&gt;&lt;span&gt;          &lt;span style=&#34;color:#f92672&#34;&gt;subscriptionid&lt;/span&gt;: &lt;span style=&#34;color:#ae81ff&#34;&gt;PROD-SUBID&lt;/span&gt;
&lt;/span&gt;&lt;/span&gt;&lt;span style=&#34;display:flex;&#34;&gt;&lt;span&gt;          &lt;span style=&#34;color:#f92672&#34;&gt;resourcegroup&lt;/span&gt;: &lt;span style=&#34;color:#ae81ff&#34;&gt;Prod&lt;/span&gt;
&lt;/span&gt;&lt;/span&gt;&lt;/code&gt;&lt;/pre&gt;&lt;/div&gt;&lt;h2 id=&#34;schema&#34;&gt;Schema&lt;/h2&gt;
&lt;p&gt;Visit the &lt;a href=&#34;https://docs.radapp.io/reference/config/&#34;&gt;&lt;code&gt;config.yaml&lt;/code&gt; reference docs&lt;/a&gt; to learn about workspace definitions.&lt;/p&gt;









&lt;a class=&#34;btn  btn-primary&#34; href=&#34;https://docs.radapp.io/reference/config/&#34; role=&#34;button&#34;&gt;config.yaml Schema&lt;/a&gt;&lt;br /&gt;
&lt;br /&gt;

      </description>
    </item>
    
    <item>
      <title>Guides: How-To: Use Radius workspaces</title>
      <link>https://docs.radapp.io/guides/operations/workspaces/howto-workspaces/</link>
      <pubDate>Mon, 01 Jan 0001 00:00:00 +0000</pubDate>
      
      <guid>https://docs.radapp.io/guides/operations/workspaces/howto-workspaces/</guid>
      <description>
        
        
        &lt;h2 id=&#34;pre-requisites&#34;&gt;Pre-requisites&lt;/h2&gt;
&lt;ul&gt;
&lt;li&gt;&lt;a href=&#34;https://docs.radapp.io/guides/operations/kubernetes/overview/#supported-clusters&#34;&gt;Setup a supported Kubernetes cluster&lt;/a&gt;&lt;/li&gt;
&lt;li&gt;&lt;a href=&#34;https://docs.radapp.io/installation/#step-1-install-the-rad-cli&#34;&gt;rad CLI&lt;/a&gt;&lt;/li&gt;
&lt;/ul&gt;
&lt;h2 id=&#34;how-to-use-workspaces-to-switch-between-environments&#34;&gt;How-to: Use workspaces to switch between environments&lt;/h2&gt;
&lt;p&gt;When you have multiple environments initialized for different purposes workspaces enable you to switch between different environments easily. You can create separate workspaces and switch between them as you are working through your deployment lifecycle.&lt;/p&gt;
&lt;ol&gt;
&lt;li&gt;Install the Radius control plane on kubernetes cluster
&lt;div class=&#34;highlight&#34;&gt;&lt;pre tabindex=&#34;0&#34; style=&#34;color:#f8f8f2;background-color:#272822;-moz-tab-size:4;-o-tab-size:4;tab-size:4;&#34;&gt;&lt;code class=&#34;language-sh&#34; data-lang=&#34;sh&#34;&gt;&lt;span style=&#34;display:flex;&#34;&gt;&lt;span&gt;rad install kubernetes
&lt;/span&gt;&lt;/span&gt;&lt;/code&gt;&lt;/pre&gt;&lt;/div&gt;&lt;/li&gt;
&lt;li&gt;Create a resource group named &lt;code&gt;myworkspace&lt;/code&gt; using &lt;a href=&#34;https://docs.radapp.io/reference/cli/rad_group_create/&#34;&gt;&lt;code&gt;rad group create&lt;/code&gt;&lt;/a&gt;:
&lt;div class=&#34;highlight&#34;&gt;&lt;pre tabindex=&#34;0&#34; style=&#34;color:#f8f8f2;background-color:#272822;-moz-tab-size:4;-o-tab-size:4;tab-size:4;&#34;&gt;&lt;code class=&#34;language-sh&#34; data-lang=&#34;sh&#34;&gt;&lt;span style=&#34;display:flex;&#34;&gt;&lt;span&gt;rad group create myworkspace
&lt;/span&gt;&lt;/span&gt;&lt;/code&gt;&lt;/pre&gt;&lt;/div&gt;&lt;/li&gt;
&lt;li&gt;Create an environment named &lt;code&gt;myworkspace&lt;/code&gt; using &lt;a href=&#34;https://docs.radapp.io/reference/cli/rad_env_create/&#34;&gt;&lt;code&gt;rad env create&lt;/code&gt;&lt;/a&gt;:
&lt;div class=&#34;highlight&#34;&gt;&lt;pre tabindex=&#34;0&#34; style=&#34;color:#f8f8f2;background-color:#272822;-moz-tab-size:4;-o-tab-size:4;tab-size:4;&#34;&gt;&lt;code class=&#34;language-sh&#34; data-lang=&#34;sh&#34;&gt;&lt;span style=&#34;display:flex;&#34;&gt;&lt;span&gt;rad env create myworkspace
&lt;/span&gt;&lt;/span&gt;&lt;/code&gt;&lt;/pre&gt;&lt;/div&gt;&lt;/li&gt;
&lt;li&gt;Create a workspace named &lt;code&gt;myworkspace&lt;/code&gt; using &lt;a href=&#34;https://docs.radapp.io/reference/cli/rad_workspace_create/&#34;&gt;&lt;code&gt;rad workspace create&lt;/code&gt;&lt;/a&gt;:
&lt;div class=&#34;highlight&#34;&gt;&lt;pre tabindex=&#34;0&#34; style=&#34;color:#f8f8f2;background-color:#272822;-moz-tab-size:4;-o-tab-size:4;tab-size:4;&#34;&gt;&lt;code class=&#34;language-sh&#34; data-lang=&#34;sh&#34;&gt;&lt;span style=&#34;display:flex;&#34;&gt;&lt;span&gt;rad workspace create kubernetes myworkspace --group myworkspace --environment myworkspace
&lt;/span&gt;&lt;/span&gt;&lt;/code&gt;&lt;/pre&gt;&lt;/div&gt;Radius writes the workspace details to your local configuration file (&lt;code&gt;~/.rad/config.yaml&lt;/code&gt; on Linux and macOS, &lt;code&gt;%USERPROFILE%\.rad\config.yaml&lt;/code&gt; on Windows).&lt;/li&gt;
&lt;li&gt;Create another resource group named &lt;code&gt;yourworkspace&lt;/code&gt; using &lt;a href=&#34;https://docs.radapp.io/reference/cli/rad_group_create/&#34;&gt;&lt;code&gt;rad group create&lt;/code&gt;&lt;/a&gt;:
&lt;div class=&#34;highlight&#34;&gt;&lt;pre tabindex=&#34;0&#34; style=&#34;color:#f8f8f2;background-color:#272822;-moz-tab-size:4;-o-tab-size:4;tab-size:4;&#34;&gt;&lt;code class=&#34;language-sh&#34; data-lang=&#34;sh&#34;&gt;&lt;span style=&#34;display:flex;&#34;&gt;&lt;span&gt;rad group create yourworkspace
&lt;/span&gt;&lt;/span&gt;&lt;/code&gt;&lt;/pre&gt;&lt;/div&gt;&lt;/li&gt;
&lt;li&gt;Create an environment named &lt;code&gt;yourworkspace&lt;/code&gt; using &lt;a href=&#34;https://docs.radapp.io/reference/cli/rad_env_create/&#34;&gt;&lt;code&gt;rad env create&lt;/code&gt;&lt;/a&gt;:
&lt;div class=&#34;highlight&#34;&gt;&lt;pre tabindex=&#34;0&#34; style=&#34;color:#f8f8f2;background-color:#272822;-moz-tab-size:4;-o-tab-size:4;tab-size:4;&#34;&gt;&lt;code class=&#34;language-sh&#34; data-lang=&#34;sh&#34;&gt;&lt;span style=&#34;display:flex;&#34;&gt;&lt;span&gt;rad env create yourworkspace
&lt;/span&gt;&lt;/span&gt;&lt;/code&gt;&lt;/pre&gt;&lt;/div&gt;&lt;/li&gt;
&lt;li&gt;Create a workspace named &lt;code&gt;yourworkspace&lt;/code&gt; using &lt;a href=&#34;https://docs.radapp.io/reference/cli/rad_workspace_create/&#34;&gt;&lt;code&gt;rad workspace create&lt;/code&gt;&lt;/a&gt;:
&lt;div class=&#34;highlight&#34;&gt;&lt;pre tabindex=&#34;0&#34; style=&#34;color:#f8f8f2;background-color:#272822;-moz-tab-size:4;-o-tab-size:4;tab-size:4;&#34;&gt;&lt;code class=&#34;language-sh&#34; data-lang=&#34;sh&#34;&gt;&lt;span style=&#34;display:flex;&#34;&gt;&lt;span&gt;rad workspace create kubernetes yourworkspace --group yourworkspace --environment yourworkspace
&lt;/span&gt;&lt;/span&gt;&lt;/code&gt;&lt;/pre&gt;&lt;/div&gt;&lt;/li&gt;
&lt;li&gt;Verify your &lt;code&gt;config.yaml&lt;/code&gt; file. It should show both &lt;code&gt;myworkspace&lt;/code&gt; and &lt;code&gt;yourworkspace&lt;/code&gt; workspaces, with your environments:
&lt;div class=&#34;highlight&#34;&gt;&lt;pre tabindex=&#34;0&#34; style=&#34;color:#f8f8f2;background-color:#272822;-moz-tab-size:4;-o-tab-size:4;tab-size:4;&#34;&gt;&lt;code class=&#34;language-yaml&#34; data-lang=&#34;yaml&#34;&gt;&lt;span style=&#34;display:flex;&#34;&gt;&lt;span&gt;&lt;span style=&#34;color:#f92672&#34;&gt;workspaces&lt;/span&gt;:
&lt;/span&gt;&lt;/span&gt;&lt;span style=&#34;display:flex;&#34;&gt;&lt;span&gt;&lt;span style=&#34;color:#f92672&#34;&gt;default&lt;/span&gt;: &lt;span style=&#34;color:#ae81ff&#34;&gt;yourworkspace&lt;/span&gt;
&lt;/span&gt;&lt;/span&gt;&lt;span style=&#34;display:flex;&#34;&gt;&lt;span&gt;&lt;span style=&#34;color:#f92672&#34;&gt;items&lt;/span&gt;:
&lt;/span&gt;&lt;/span&gt;&lt;span style=&#34;display:flex;&#34;&gt;&lt;span&gt;  &lt;span style=&#34;color:#f92672&#34;&gt;yourworkspace&lt;/span&gt;:
&lt;/span&gt;&lt;/span&gt;&lt;span style=&#34;display:flex;&#34;&gt;&lt;span&gt;    &lt;span style=&#34;color:#f92672&#34;&gt;connection&lt;/span&gt;:
&lt;/span&gt;&lt;/span&gt;&lt;span style=&#34;display:flex;&#34;&gt;&lt;span&gt;      &lt;span style=&#34;color:#f92672&#34;&gt;context&lt;/span&gt;: &lt;span style=&#34;color:#ae81ff&#34;&gt;mycluster&lt;/span&gt;
&lt;/span&gt;&lt;/span&gt;&lt;span style=&#34;display:flex;&#34;&gt;&lt;span&gt;      &lt;span style=&#34;color:#f92672&#34;&gt;kind&lt;/span&gt;: &lt;span style=&#34;color:#ae81ff&#34;&gt;kubernetes&lt;/span&gt;
&lt;/span&gt;&lt;/span&gt;&lt;span style=&#34;display:flex;&#34;&gt;&lt;span&gt;    &lt;span style=&#34;color:#f92672&#34;&gt;environment&lt;/span&gt;: &lt;span style=&#34;color:#ae81ff&#34;&gt;/planes/radius/local/resourcegroups/yourworkspace&lt;/span&gt;
&lt;/span&gt;&lt;/span&gt;&lt;span style=&#34;display:flex;&#34;&gt;&lt;span&gt;    &lt;span style=&#34;color:#ae81ff&#34;&gt;/providers/applications.core/environments/yourworkspace&lt;/span&gt;
&lt;/span&gt;&lt;/span&gt;&lt;span style=&#34;display:flex;&#34;&gt;&lt;span&gt;    &lt;span style=&#34;color:#f92672&#34;&gt;scope&lt;/span&gt;: &lt;span style=&#34;color:#ae81ff&#34;&gt;/planes/radius/local/resourceGroups/yourworkspace&lt;/span&gt;
&lt;/span&gt;&lt;/span&gt;&lt;span style=&#34;display:flex;&#34;&gt;&lt;span&gt;  &lt;span style=&#34;color:#f92672&#34;&gt;myworkspace&lt;/span&gt;:
&lt;/span&gt;&lt;/span&gt;&lt;span style=&#34;display:flex;&#34;&gt;&lt;span&gt;    &lt;span style=&#34;color:#f92672&#34;&gt;connection&lt;/span&gt;:
&lt;/span&gt;&lt;/span&gt;&lt;span style=&#34;display:flex;&#34;&gt;&lt;span&gt;      &lt;span style=&#34;color:#f92672&#34;&gt;context&lt;/span&gt;: &lt;span style=&#34;color:#ae81ff&#34;&gt;mycluster&lt;/span&gt;
&lt;/span&gt;&lt;/span&gt;&lt;span style=&#34;display:flex;&#34;&gt;&lt;span&gt;      &lt;span style=&#34;color:#f92672&#34;&gt;kind&lt;/span&gt;: &lt;span style=&#34;color:#ae81ff&#34;&gt;kubernetes&lt;/span&gt;
&lt;/span&gt;&lt;/span&gt;&lt;span style=&#34;display:flex;&#34;&gt;&lt;span&gt;    &lt;span style=&#34;color:#f92672&#34;&gt;environment&lt;/span&gt;: &lt;span style=&#34;color:#ae81ff&#34;&gt;/planes/radius/local/resourcegroups/myworkspace&lt;/span&gt;
&lt;/span&gt;&lt;/span&gt;&lt;span style=&#34;display:flex;&#34;&gt;&lt;span&gt;    &lt;span style=&#34;color:#ae81ff&#34;&gt;/providers/applications.core/environments/myworkspace&lt;/span&gt;
&lt;/span&gt;&lt;/span&gt;&lt;span style=&#34;display:flex;&#34;&gt;&lt;span&gt;    &lt;span style=&#34;color:#f92672&#34;&gt;scope&lt;/span&gt;: &lt;span style=&#34;color:#ae81ff&#34;&gt;/planes/radius/local/resourceGroups/myworkspace&lt;/span&gt;
&lt;/span&gt;&lt;/span&gt;&lt;/code&gt;&lt;/pre&gt;&lt;/div&gt;&lt;/li&gt;
&lt;li&gt;You can now deploy applications to both myworkspace and yourworkspace using &lt;a href=&#34;https://docs.radapp.io/reference/cli/rad_deploy/&#34;&gt;&lt;code&gt;rad deploy&lt;/code&gt;&lt;/a&gt;, specifying the &lt;code&gt;-w&lt;/code&gt; flag.&lt;/li&gt;
&lt;/ol&gt;

      </description>
    </item>
    
  </channel>
</rss>
