<rss version="2.0" xmlns:atom="http://www.w3.org/2005/Atom">
  <channel>
    <title>Radius Docs – Deploying applications</title>
    <link>https://docs.radapp.io/guides/deploy-apps/howto-deploy/</link>
    <description>Recent content in Deploying applications on Radius Docs</description>
    <generator>Hugo -- gohugo.io</generator>
    <language>en-us</language>
    
	  <atom:link href="https://docs.radapp.io/guides/deploy-apps/howto-deploy/index.xml" rel="self" type="application/rss+xml" />
    
    
      
        
      
    
    
    <item>
      <title>Guides: How-To: Run applications on Radius</title>
      <link>https://docs.radapp.io/guides/deploy-apps/howto-deploy/howto-run-app/</link>
      <pubDate>Mon, 01 Jan 0001 00:00:00 +0000</pubDate>
      
      <guid>https://docs.radapp.io/guides/deploy-apps/howto-deploy/howto-run-app/</guid>
      <description>
        
        
        &lt;h2 id=&#34;pre-requisites&#34;&gt;Pre-requisites&lt;/h2&gt;
&lt;ul&gt;
&lt;li&gt;&lt;a href=&#34;https://docs.radapp.io/guides/author-apps/&#34;&gt;An authored Radius Application&lt;/a&gt;&lt;/li&gt;
&lt;/ul&gt;
&lt;h2 id=&#34;step-1-run-an-application&#34;&gt;Step 1: Run an application&lt;/h2&gt;
&lt;ul class=&#34;nav nav-tabs&#34; id=&#34;tabs-1&#34; role=&#34;tablist&#34;&gt;&lt;li class=&#34;nav-item&#34;&gt;&lt;a class=&#34;nav-link active&#34;
    id=&#34;tabs-1-run-app-tab&#34; data-toggle=&#34;tab&#34; href=&#34;#tabs-1-run-app&#34; role=&#34;tab&#34;
    aria-controls=&#34;tabs-1-run-app&#34; aria-selected=&#34;true&#34;&gt;
    Run-app
  &lt;/a&gt;
  &lt;/li&gt;&lt;li class=&#34;nav-item&#34;&gt;&lt;a class=&#34;nav-link&#34;
    id=&#34;tabs-1-run-app-with-parameters-tab&#34; data-toggle=&#34;tab&#34; href=&#34;#tabs-1-run-app-with-parameters&#34; role=&#34;tab&#34;
    aria-controls=&#34;tabs-1-run-app-with-parameters&#34; aria-selected=&#34;false&#34;&gt;
    Run-app-with-parameters
  &lt;/a&gt;
  &lt;/li&gt;&lt;/ul&gt;


&lt;div class=&#34;tab-content&#34; id=&#34;tabs-1-content&#34;&gt;


&lt;div class=&#34;tab-pane fade show active&#34; id=&#34;tabs-1-run-app&#34; role=&#34;tabpanel&#34; aria-labelled-by=&#34;tabs-1-run-app-tab&#34;&gt;
&lt;br /&gt;&lt;p&gt;You can run an application using the &lt;a href=&#34;https://docs.radapp.io/reference/cli/rad_run/&#34;&gt;&lt;code&gt;rad run&lt;/code&gt;&lt;/a&gt; command.&lt;/p&gt;
&lt;div class=&#34;highlight&#34;&gt;&lt;pre tabindex=&#34;0&#34; style=&#34;color:#f8f8f2;background-color:#272822;-moz-tab-size:4;-o-tab-size:4;tab-size:4;&#34;&gt;&lt;code class=&#34;language-bash&#34; data-lang=&#34;bash&#34;&gt;&lt;span style=&#34;display:flex;&#34;&gt;&lt;span&gt; rad run app.bicep
&lt;/span&gt;&lt;/span&gt;&lt;/code&gt;&lt;/pre&gt;&lt;/div&gt;&lt;p&gt;This will deploy the application to your environment, create port-forwards for all container ports, and stream container logs to the console.&lt;/p&gt;
&lt;/div&gt;

&lt;div class=&#34;tab-pane fade&#34; id=&#34;tabs-1-run-app-with-parameters&#34; role=&#34;tabpanel&#34; aria-labelled-by=&#34;tabs-1-run-app-with-parameters-tab&#34;&gt;
&lt;br /&gt;&lt;p&gt;Parameters can be included as part of &lt;code&gt;rad run&lt;/code&gt; via the &lt;code&gt;-p/--parameters&lt;/code&gt; flag:&lt;/p&gt;
&lt;div class=&#34;highlight&#34;&gt;&lt;pre tabindex=&#34;0&#34; style=&#34;color:#f8f8f2;background-color:#272822;-moz-tab-size:4;-o-tab-size:4;tab-size:4;&#34;&gt;&lt;code class=&#34;language-bash&#34; data-lang=&#34;bash&#34;&gt;&lt;span style=&#34;display:flex;&#34;&gt;&lt;span&gt; rad run app.bicep -p param1&lt;span style=&#34;color:#f92672&#34;&gt;=&lt;/span&gt;value1 -p param2&lt;span style=&#34;color:#f92672&#34;&gt;=&lt;/span&gt;value2
&lt;/span&gt;&lt;/span&gt;&lt;/code&gt;&lt;/pre&gt;&lt;/div&gt;&lt;p&gt;This will deploy the application to the created Radius Environment injecting the parameters into the application.&lt;/p&gt;
&lt;p&gt;You can find more examples of deploying applications with parameters &lt;a href=&#34;https://docs.radapp.io/reference/cli/rad_run/#examples&#34;&gt;here&lt;/a&gt;.&lt;/p&gt;
&lt;/div&gt;

 
&lt;/div&gt;
&lt;blockquote&gt;
&lt;p&gt;Follow the &lt;a href=&#34;https://docs.radapp.io/guides/deploy-apps/howto-troubleshootapps/&#34;&gt;how-to guide&lt;/a&gt; for guidance on troubleshooting your apps&lt;/p&gt;
&lt;/blockquote&gt;

      </description>
    </item>
    
    <item>
      <title>Guides: How-To: Deploying applications into a Radius Environment</title>
      <link>https://docs.radapp.io/guides/deploy-apps/howto-deploy/howto-deploy-rad-cli/</link>
      <pubDate>Mon, 01 Jan 0001 00:00:00 +0000</pubDate>
      
      <guid>https://docs.radapp.io/guides/deploy-apps/howto-deploy/howto-deploy-rad-cli/</guid>
      <description>
        
        
        &lt;h2 id=&#34;pre-requisites&#34;&gt;Pre-requisites&lt;/h2&gt;
&lt;ul&gt;
&lt;li&gt;&lt;a href=&#34;https://docs.radapp.io/guides/author-apps/&#34;&gt;An authored Radius Application&lt;/a&gt;&lt;/li&gt;
&lt;/ul&gt;
&lt;h2 id=&#34;step-1--deploy-an-application-into-a-radius-environment&#34;&gt;Step 1 : Deploy an application into a Radius Environment&lt;/h2&gt;
&lt;ul class=&#34;nav nav-tabs&#34; id=&#34;tabs-1&#34; role=&#34;tablist&#34;&gt;&lt;li class=&#34;nav-item&#34;&gt;&lt;a class=&#34;nav-link active&#34;
    id=&#34;tabs-1-deploy-app-tab&#34; data-toggle=&#34;tab&#34; href=&#34;#tabs-1-deploy-app&#34; role=&#34;tab&#34;
    aria-controls=&#34;tabs-1-deploy-app&#34; aria-selected=&#34;true&#34;&gt;
    Deploy-app
  &lt;/a&gt;
  &lt;/li&gt;&lt;li class=&#34;nav-item&#34;&gt;&lt;a class=&#34;nav-link&#34;
    id=&#34;tabs-1-deploy-app-with-parameters-tab&#34; data-toggle=&#34;tab&#34; href=&#34;#tabs-1-deploy-app-with-parameters&#34; role=&#34;tab&#34;
    aria-controls=&#34;tabs-1-deploy-app-with-parameters&#34; aria-selected=&#34;false&#34;&gt;
    Deploy-app-with-parameters
  &lt;/a&gt;
  &lt;/li&gt;&lt;/ul&gt;


&lt;div class=&#34;tab-content&#34; id=&#34;tabs-1-content&#34;&gt;


&lt;div class=&#34;tab-pane fade show active&#34; id=&#34;tabs-1-deploy-app&#34; role=&#34;tabpanel&#34; aria-labelled-by=&#34;tabs-1-deploy-app-tab&#34;&gt;
&lt;br /&gt;&lt;p&gt;An application can be deployed to an environment with &lt;a href=&#34;https://docs.radapp.io/reference/cli/rad_deploy/&#34;&gt;&lt;code&gt;rad deploy&lt;/code&gt;&lt;/a&gt;:&lt;/p&gt;
&lt;div class=&#34;highlight&#34;&gt;&lt;pre tabindex=&#34;0&#34; style=&#34;color:#f8f8f2;background-color:#272822;-moz-tab-size:4;-o-tab-size:4;tab-size:4;&#34;&gt;&lt;code class=&#34;language-bash&#34; data-lang=&#34;bash&#34;&gt;&lt;span style=&#34;display:flex;&#34;&gt;&lt;span&gt; rad deploy app.bicep
&lt;/span&gt;&lt;/span&gt;&lt;/code&gt;&lt;/pre&gt;&lt;/div&gt;&lt;p&gt;This will deploy the application to the created Radius Environment.&lt;/p&gt;
&lt;/div&gt;

 &lt;div class=&#34;tab-pane fade&#34; id=&#34;tabs-1-deploy-app-with-parameters&#34; role=&#34;tabpanel&#34; aria-labelled-by=&#34;tabs-1-deploy-app-with-parameters-tab&#34;&gt;
&lt;br /&gt;&lt;p&gt;Parameters can be included as part of &lt;code&gt;rad deploy&lt;/code&gt; via the &lt;code&gt;-p/--parameters&lt;/code&gt; flag:&lt;/p&gt;
&lt;div class=&#34;highlight&#34;&gt;&lt;pre tabindex=&#34;0&#34; style=&#34;color:#f8f8f2;background-color:#272822;-moz-tab-size:4;-o-tab-size:4;tab-size:4;&#34;&gt;&lt;code class=&#34;language-bash&#34; data-lang=&#34;bash&#34;&gt;&lt;span style=&#34;display:flex;&#34;&gt;&lt;span&gt; rad deploy app.bicep -p param1&lt;span style=&#34;color:#f92672&#34;&gt;=&lt;/span&gt;value1 -p param2&lt;span style=&#34;color:#f92672&#34;&gt;=&lt;/span&gt;value2
&lt;/span&gt;&lt;/span&gt;&lt;/code&gt;&lt;/pre&gt;&lt;/div&gt;&lt;p&gt;This will deploy the application to the created Radius Environment injecting the parameters into the application.&lt;/p&gt;
&lt;p&gt;You can find more examples of deploying applications with parameters &lt;a href=&#34;https://docs.radapp.io/reference/cli/rad_deploy/#examples&#34;&gt;here&lt;/a&gt;.&lt;/p&gt;
&lt;/div&gt;

 
&lt;/div&gt;
&lt;blockquote&gt;
&lt;p&gt;Follow the &lt;a href=&#34;https://docs.radapp.io/guides/deploy-apps/howto-troubleshootapps/&#34;&gt;how-to guide&lt;/a&gt; for guidance on troubleshooting your Radius Application&lt;/p&gt;
&lt;/blockquote&gt;

      </description>
    </item>
    
    <item>
      <title>Guides: How-To: Deploy an application with Github Actions</title>
      <link>https://docs.radapp.io/guides/deploy-apps/howto-deploy/howto-deploy-cicd/</link>
      <pubDate>Mon, 01 Jan 0001 00:00:00 +0000</pubDate>
      
      <guid>https://docs.radapp.io/guides/deploy-apps/howto-deploy/howto-deploy-cicd/</guid>
      <description>
        
        
        &lt;p&gt;It&amp;rsquo;s easy to get Radius added to your GitHub Actions deployment pipelines. By leveraging the &lt;code&gt;rad&lt;/code&gt; CLI, you can keep your checked-in app definitions in sync with deployed instances of your app.&lt;/p&gt;
&lt;h2 id=&#34;prerequisites&#34;&gt;Prerequisites&lt;/h2&gt;
&lt;ul&gt;
&lt;li&gt;&lt;a href=&#34;https://docs.radapp.io/guides/operations/kubernetes/overview/#supported-clusters&#34;&gt;Setup a supported Kubernetes cluster&lt;/a&gt;&lt;/li&gt;
&lt;li&gt;Radius control plane &lt;a href=&#34;https://docs.radapp.io/guides/operations/kubernetes/install/&#34;&gt;installed in your cluster&lt;/a&gt;&lt;/li&gt;
&lt;li&gt;GitHub repo with Actions enabled&lt;/li&gt;
&lt;/ul&gt;
&lt;h2 id=&#34;step-1-create-your-environment-and-application-definitions&#34;&gt;Step 1: Create your environment and application definitions&lt;/h2&gt;
&lt;p&gt;Make sure you have the following files checked into your repository under &lt;code&gt;iac/&lt;/code&gt;:&lt;/p&gt;
&lt;h3 id=&#34;envbicep&#34;&gt;&lt;code&gt;env.bicep&lt;/code&gt;&lt;/h3&gt;












    

    

&lt;div class=&#34;highlight&#34;&gt;&lt;pre tabindex=&#34;0&#34; style=&#34;color:#f8f8f2;background-color:#272822;-moz-tab-size:4;-o-tab-size:4;tab-size:4;&#34;&gt;&lt;code class=&#34;language-bicep&#34; data-lang=&#34;bicep&#34;&gt;&lt;span style=&#34;display:flex;&#34;&gt;&lt;span&gt;import radius as rad
&lt;/span&gt;&lt;/span&gt;&lt;span style=&#34;display:flex;&#34;&gt;&lt;span&gt;
&lt;/span&gt;&lt;/span&gt;&lt;span style=&#34;display:flex;&#34;&gt;&lt;span&gt;&lt;span style=&#34;color:#66d9ef&#34;&gt;resource&lt;/span&gt; &lt;span style=&#34;color:#a6e22e&#34;&gt;environment&lt;/span&gt; &lt;span style=&#34;color:#e6db74&#34;&gt;&amp;#39;Applications.Core/environments@2023-10-01-preview&amp;#39;&lt;/span&gt; = {
&lt;/span&gt;&lt;/span&gt;&lt;span style=&#34;display:flex;&#34;&gt;&lt;span&gt;  name: &lt;span style=&#34;color:#e6db74&#34;&gt;&amp;#39;myenv&amp;#39;&lt;/span&gt;
&lt;/span&gt;&lt;/span&gt;&lt;span style=&#34;display:flex;&#34;&gt;&lt;span&gt;  properties: {
&lt;/span&gt;&lt;/span&gt;&lt;span style=&#34;display:flex;&#34;&gt;&lt;span&gt;    compute: {
&lt;/span&gt;&lt;/span&gt;&lt;span style=&#34;display:flex;&#34;&gt;&lt;span&gt;      kind: &lt;span style=&#34;color:#e6db74&#34;&gt;&amp;#39;kubernetes&amp;#39;&lt;/span&gt;
&lt;/span&gt;&lt;/span&gt;&lt;span style=&#34;display:flex;&#34;&gt;&lt;span&gt;      namespace: &lt;span style=&#34;color:#e6db74&#34;&gt;&amp;#39;default&amp;#39;&lt;/span&gt;
&lt;/span&gt;&lt;/span&gt;&lt;span style=&#34;display:flex;&#34;&gt;&lt;span&gt;    }
&lt;/span&gt;&lt;/span&gt;&lt;span style=&#34;display:flex;&#34;&gt;&lt;span&gt;  }
&lt;/span&gt;&lt;/span&gt;&lt;span style=&#34;display:flex;&#34;&gt;&lt;span&gt;}
&lt;/span&gt;&lt;/span&gt;&lt;/code&gt;&lt;/pre&gt;&lt;/div&gt;


&lt;h3 id=&#34;appbicep&#34;&gt;&lt;code&gt;app.bicep&lt;/code&gt;&lt;/h3&gt;












    

    

&lt;div class=&#34;highlight&#34;&gt;&lt;pre tabindex=&#34;0&#34; style=&#34;color:#f8f8f2;background-color:#272822;-moz-tab-size:4;-o-tab-size:4;tab-size:4;&#34;&gt;&lt;code class=&#34;language-bicep&#34; data-lang=&#34;bicep&#34;&gt;&lt;span style=&#34;display:flex;&#34;&gt;&lt;span&gt;import radius as rad
&lt;/span&gt;&lt;/span&gt;&lt;span style=&#34;display:flex;&#34;&gt;&lt;span&gt;
&lt;/span&gt;&lt;/span&gt;&lt;span style=&#34;display:flex;&#34;&gt;&lt;span&gt;&lt;span style=&#34;color:#66d9ef&#34;&gt;param&lt;/span&gt; &lt;span style=&#34;color:#a6e22e&#34;&gt;environment&lt;/span&gt; &lt;span style=&#34;color:#a6e22e&#34;&gt;string&lt;/span&gt;
&lt;/span&gt;&lt;/span&gt;&lt;span style=&#34;display:flex;&#34;&gt;&lt;span&gt;
&lt;/span&gt;&lt;/span&gt;&lt;span style=&#34;display:flex;&#34;&gt;&lt;span&gt;&lt;span style=&#34;color:#66d9ef&#34;&gt;resource&lt;/span&gt; app &lt;span style=&#34;color:#e6db74&#34;&gt;&amp;#39;Applications.Core/applications@2023-10-01-preview&amp;#39;&lt;/span&gt; = {
&lt;/span&gt;&lt;/span&gt;&lt;span style=&#34;display:flex;&#34;&gt;&lt;span&gt;  name: &lt;span style=&#34;color:#e6db74&#34;&gt;&amp;#39;myapp&amp;#39;&lt;/span&gt;
&lt;/span&gt;&lt;/span&gt;&lt;span style=&#34;display:flex;&#34;&gt;&lt;span&gt;  properties: {
&lt;/span&gt;&lt;/span&gt;&lt;span style=&#34;display:flex;&#34;&gt;&lt;span&gt;    environment: &lt;span style=&#34;color:#a6e22e&#34;&gt;environment&lt;/span&gt;
&lt;/span&gt;&lt;/span&gt;&lt;span style=&#34;display:flex;&#34;&gt;&lt;span&gt;  }
&lt;/span&gt;&lt;/span&gt;&lt;span style=&#34;display:flex;&#34;&gt;&lt;span&gt;}
&lt;/span&gt;&lt;/span&gt;&lt;span style=&#34;display:flex;&#34;&gt;&lt;span&gt;
&lt;/span&gt;&lt;/span&gt;&lt;span style=&#34;display:flex;&#34;&gt;&lt;span&gt;&lt;span style=&#34;color:#75715e&#34;&gt;// Put your other resources here&lt;/span&gt;
&lt;/span&gt;&lt;/span&gt;&lt;/code&gt;&lt;/pre&gt;&lt;/div&gt;


&lt;h2 id=&#34;step-2-create-your-workflow-file&#34;&gt;Step 2: Create your workflow file&lt;/h2&gt;
&lt;p&gt;Create a new file named &lt;code&gt;deploy-radius.yml&lt;/code&gt; under &lt;code&gt;.github/workflows/&lt;/code&gt; and paste the following:&lt;/p&gt;
&lt;div class=&#34;highlight&#34;&gt;&lt;pre tabindex=&#34;0&#34; style=&#34;color:#f8f8f2;background-color:#272822;-moz-tab-size:4;-o-tab-size:4;tab-size:4;&#34;&gt;&lt;code class=&#34;language-yml&#34; data-lang=&#34;yml&#34;&gt;&lt;span style=&#34;display:flex;&#34;&gt;&lt;span&gt;&lt;span style=&#34;color:#f92672&#34;&gt;name&lt;/span&gt;: &lt;span style=&#34;color:#ae81ff&#34;&gt;Deploy Radius app&lt;/span&gt;
&lt;/span&gt;&lt;/span&gt;&lt;span style=&#34;display:flex;&#34;&gt;&lt;span&gt;&lt;span style=&#34;color:#f92672&#34;&gt;on&lt;/span&gt;:
&lt;/span&gt;&lt;/span&gt;&lt;span style=&#34;display:flex;&#34;&gt;&lt;span&gt;  &lt;span style=&#34;color:#f92672&#34;&gt;push&lt;/span&gt;:
&lt;/span&gt;&lt;/span&gt;&lt;span style=&#34;display:flex;&#34;&gt;&lt;span&gt;    &lt;span style=&#34;color:#f92672&#34;&gt;branches&lt;/span&gt;:
&lt;/span&gt;&lt;/span&gt;&lt;span style=&#34;display:flex;&#34;&gt;&lt;span&gt;      - &lt;span style=&#34;color:#ae81ff&#34;&gt;main&lt;/span&gt;
&lt;/span&gt;&lt;/span&gt;&lt;span style=&#34;display:flex;&#34;&gt;&lt;span&gt;&lt;span style=&#34;color:#f92672&#34;&gt;env&lt;/span&gt;:
&lt;/span&gt;&lt;/span&gt;&lt;span style=&#34;display:flex;&#34;&gt;&lt;span&gt;  &lt;span style=&#34;color:#f92672&#34;&gt;RADIUS_INSTALL_DIR&lt;/span&gt;: &lt;span style=&#34;color:#ae81ff&#34;&gt;./&lt;/span&gt;
&lt;/span&gt;&lt;/span&gt;&lt;span style=&#34;display:flex;&#34;&gt;&lt;span&gt;
&lt;/span&gt;&lt;/span&gt;&lt;span style=&#34;display:flex;&#34;&gt;&lt;span&gt;&lt;span style=&#34;color:#f92672&#34;&gt;jobs&lt;/span&gt;:
&lt;/span&gt;&lt;/span&gt;&lt;span style=&#34;display:flex;&#34;&gt;&lt;span&gt;  &lt;span style=&#34;color:#f92672&#34;&gt;deploy&lt;/span&gt;:
&lt;/span&gt;&lt;/span&gt;&lt;span style=&#34;display:flex;&#34;&gt;&lt;span&gt;    &lt;span style=&#34;color:#f92672&#34;&gt;name&lt;/span&gt;: &lt;span style=&#34;color:#ae81ff&#34;&gt;Deploy app&lt;/span&gt;
&lt;/span&gt;&lt;/span&gt;&lt;span style=&#34;display:flex;&#34;&gt;&lt;span&gt;    &lt;span style=&#34;color:#f92672&#34;&gt;runs-on&lt;/span&gt;: &lt;span style=&#34;color:#ae81ff&#34;&gt;ubuntu-latest&lt;/span&gt;
&lt;/span&gt;&lt;/span&gt;&lt;span style=&#34;display:flex;&#34;&gt;&lt;span&gt;    &lt;span style=&#34;color:#f92672&#34;&gt;steps&lt;/span&gt;:
&lt;/span&gt;&lt;/span&gt;&lt;span style=&#34;display:flex;&#34;&gt;&lt;span&gt;    - &lt;span style=&#34;color:#f92672&#34;&gt;name&lt;/span&gt;: &lt;span style=&#34;color:#ae81ff&#34;&gt;Check out repo&lt;/span&gt;
&lt;/span&gt;&lt;/span&gt;&lt;span style=&#34;display:flex;&#34;&gt;&lt;span&gt;      &lt;span style=&#34;color:#f92672&#34;&gt;uses&lt;/span&gt;: &lt;span style=&#34;color:#ae81ff&#34;&gt;actions/checkout@v2&lt;/span&gt;
&lt;/span&gt;&lt;/span&gt;&lt;span style=&#34;display:flex;&#34;&gt;&lt;span&gt;    - &lt;span style=&#34;color:#f92672&#34;&gt;name&lt;/span&gt;: &lt;span style=&#34;color:#ae81ff&#34;&gt;Setup kubectl&lt;/span&gt;
&lt;/span&gt;&lt;/span&gt;&lt;span style=&#34;display:flex;&#34;&gt;&lt;span&gt;      &lt;span style=&#34;color:#f92672&#34;&gt;uses&lt;/span&gt;: &lt;span style=&#34;color:#ae81ff&#34;&gt;azure/setup-kubectl@v1&lt;/span&gt;
&lt;/span&gt;&lt;/span&gt;&lt;/code&gt;&lt;/pre&gt;&lt;/div&gt;&lt;p&gt;This workflow begins by checking out the repository. It then sets up the kubectl tool to access your cluster.&lt;/p&gt;
&lt;h2 id=&#34;step-3-connect-to-your-cluster&#34;&gt;Step 3: Connect to your cluster&lt;/h2&gt;
&lt;p&gt;To interact with the cluster, the rad CLI requires a valid kubectl context. Add the following steps to your workflow to connect to your cluster:&lt;/p&gt;
&lt;ul class=&#34;nav nav-tabs&#34; id=&#34;tabs-4&#34; role=&#34;tablist&#34;&gt;&lt;li class=&#34;nav-item&#34;&gt;&lt;a class=&#34;nav-link active&#34;
    id=&#34;tabs-4-aks-tab&#34; data-toggle=&#34;tab&#34; href=&#34;#tabs-4-aks&#34; role=&#34;tab&#34;
    aria-controls=&#34;tabs-4-aks&#34; aria-selected=&#34;true&#34;&gt;
    AKS
  &lt;/a&gt;
  &lt;/li&gt;&lt;li class=&#34;nav-item&#34;&gt;&lt;a class=&#34;nav-link&#34;
    id=&#34;tabs-4-aws-tab&#34; data-toggle=&#34;tab&#34; href=&#34;#tabs-4-aws&#34; role=&#34;tab&#34;
    aria-controls=&#34;tabs-4-aws&#34; aria-selected=&#34;false&#34;&gt;
    AWS
  &lt;/a&gt;
  &lt;/li&gt;&lt;/ul&gt;


&lt;div class=&#34;tab-content&#34; id=&#34;tabs-4-content&#34;&gt;


&lt;div class=&#34;tab-pane fade show active&#34; id=&#34;tabs-4-aks&#34; role=&#34;tabpanel&#34; aria-labelled-by=&#34;tabs-4-aks-tab&#34;&gt;
&lt;br /&gt;&lt;p&gt;Ensure the service principal created above has the proper RBAC assignment to download the AKS context. Then append the following steps to your workflow:&lt;/p&gt;
&lt;div class=&#34;highlight&#34;&gt;&lt;pre tabindex=&#34;0&#34; style=&#34;color:#f8f8f2;background-color:#272822;-moz-tab-size:4;-o-tab-size:4;tab-size:4;&#34;&gt;&lt;code class=&#34;language-yml&#34; data-lang=&#34;yml&#34;&gt;&lt;span style=&#34;display:flex;&#34;&gt;&lt;span&gt;    - &lt;span style=&#34;color:#f92672&#34;&gt;name&lt;/span&gt;: &lt;span style=&#34;color:#ae81ff&#34;&gt;az Login&lt;/span&gt;
&lt;/span&gt;&lt;/span&gt;&lt;span style=&#34;display:flex;&#34;&gt;&lt;span&gt;      &lt;span style=&#34;color:#f92672&#34;&gt;uses&lt;/span&gt;: &lt;span style=&#34;color:#ae81ff&#34;&gt;azure/login@v1&lt;/span&gt;
&lt;/span&gt;&lt;/span&gt;&lt;span style=&#34;display:flex;&#34;&gt;&lt;span&gt;      &lt;span style=&#34;color:#f92672&#34;&gt;with&lt;/span&gt;:
&lt;/span&gt;&lt;/span&gt;&lt;span style=&#34;display:flex;&#34;&gt;&lt;span&gt;        &lt;span style=&#34;color:#f92672&#34;&gt;creds&lt;/span&gt;: &lt;span style=&#34;color:#ae81ff&#34;&gt;${{ secrets.AZURE_CREDENTIALS }}&lt;/span&gt;
&lt;/span&gt;&lt;/span&gt;&lt;span style=&#34;display:flex;&#34;&gt;&lt;span&gt;    - &lt;span style=&#34;color:#f92672&#34;&gt;name&lt;/span&gt;: &lt;span style=&#34;color:#ae81ff&#34;&gt;Configure kubectl context&lt;/span&gt;
&lt;/span&gt;&lt;/span&gt;&lt;span style=&#34;display:flex;&#34;&gt;&lt;span&gt;      &lt;span style=&#34;color:#f92672&#34;&gt;run&lt;/span&gt;: &lt;span style=&#34;color:#ae81ff&#34;&gt;az aks get-credentials --name ${CLUSTER} --resource-group ${RESOURCE_GROUP} --subscription ${SUBSCRIPTION_ID}&lt;/span&gt;
&lt;/span&gt;&lt;/span&gt;&lt;/code&gt;&lt;/pre&gt;&lt;/div&gt;&lt;/div&gt;

&lt;div class=&#34;tab-pane fade&#34; id=&#34;tabs-4-aws&#34; role=&#34;tabpanel&#34; aria-labelled-by=&#34;tabs-4-aws-tab&#34;&gt;
&lt;br /&gt;&lt;div class=&#34;highlight&#34;&gt;&lt;pre tabindex=&#34;0&#34; style=&#34;color:#f8f8f2;background-color:#272822;-moz-tab-size:4;-o-tab-size:4;tab-size:4;&#34;&gt;&lt;code class=&#34;language-yml&#34; data-lang=&#34;yml&#34;&gt;&lt;span style=&#34;display:flex;&#34;&gt;&lt;span&gt;    - &lt;span style=&#34;color:#f92672&#34;&gt;name&lt;/span&gt;: &lt;span style=&#34;color:#ae81ff&#34;&gt;Configure AWS credentials&lt;/span&gt;
&lt;/span&gt;&lt;/span&gt;&lt;span style=&#34;display:flex;&#34;&gt;&lt;span&gt;      &lt;span style=&#34;color:#f92672&#34;&gt;uses&lt;/span&gt;: &lt;span style=&#34;color:#ae81ff&#34;&gt;aws-actions/configure-aws-credentials@v1&lt;/span&gt;
&lt;/span&gt;&lt;/span&gt;&lt;span style=&#34;display:flex;&#34;&gt;&lt;span&gt;      &lt;span style=&#34;color:#f92672&#34;&gt;with&lt;/span&gt;:
&lt;/span&gt;&lt;/span&gt;&lt;span style=&#34;display:flex;&#34;&gt;&lt;span&gt;        &lt;span style=&#34;color:#f92672&#34;&gt;aws-access-key-id&lt;/span&gt;: &lt;span style=&#34;color:#ae81ff&#34;&gt;${{ secrets.AWS_ACCESS_KEY_ID }}&lt;/span&gt;
&lt;/span&gt;&lt;/span&gt;&lt;span style=&#34;display:flex;&#34;&gt;&lt;span&gt;        &lt;span style=&#34;color:#f92672&#34;&gt;aws-secret-access-key&lt;/span&gt;: &lt;span style=&#34;color:#ae81ff&#34;&gt;${{ secrets.AWS_SECRET_ACCESS_KEY }}&lt;/span&gt;
&lt;/span&gt;&lt;/span&gt;&lt;span style=&#34;display:flex;&#34;&gt;&lt;span&gt;        &lt;span style=&#34;color:#f92672&#34;&gt;aws-region&lt;/span&gt;: &lt;span style=&#34;color:#ae81ff&#34;&gt;us-east-2&lt;/span&gt;
&lt;/span&gt;&lt;/span&gt;&lt;span style=&#34;display:flex;&#34;&gt;&lt;span&gt;    - &lt;span style=&#34;color:#f92672&#34;&gt;name&lt;/span&gt;: &lt;span style=&#34;color:#ae81ff&#34;&gt;Get EKS kubeconfig&lt;/span&gt;
&lt;/span&gt;&lt;/span&gt;&lt;span style=&#34;display:flex;&#34;&gt;&lt;span&gt;      &lt;span style=&#34;color:#f92672&#34;&gt;run&lt;/span&gt;: &lt;span style=&#34;color:#ae81ff&#34;&gt;aws eks update-kubeconfig --region us-east-2 --name my-cluster&lt;/span&gt;
&lt;/span&gt;&lt;/span&gt;&lt;/code&gt;&lt;/pre&gt;&lt;/div&gt;&lt;/div&gt;


&lt;/div&gt;
&lt;h2 id=&#34;step-4-install-the-rad-cli-and-deploy-environment&#34;&gt;Step 4: Install the rad CLI and deploy environment&lt;/h2&gt;
&lt;p&gt;Next, download the latest &lt;code&gt;rad&lt;/code&gt; CLI release and setup your workspace:&lt;/p&gt;
&lt;div class=&#34;highlight&#34;&gt;&lt;pre tabindex=&#34;0&#34; style=&#34;color:#f8f8f2;background-color:#272822;-moz-tab-size:4;-o-tab-size:4;tab-size:4;&#34;&gt;&lt;code class=&#34;language-yml&#34; data-lang=&#34;yml&#34;&gt;&lt;span style=&#34;display:flex;&#34;&gt;&lt;span&gt;    - &lt;span style=&#34;color:#f92672&#34;&gt;name&lt;/span&gt;: &lt;span style=&#34;color:#ae81ff&#34;&gt;Download rad CLI and rad-bicep&lt;/span&gt;
&lt;/span&gt;&lt;/span&gt;&lt;span style=&#34;display:flex;&#34;&gt;&lt;span&gt;      &lt;span style=&#34;color:#f92672&#34;&gt;run&lt;/span&gt;: |&lt;span style=&#34;color:#e6db74&#34;&gt;
&lt;/span&gt;&lt;/span&gt;&lt;/span&gt;&lt;span style=&#34;display:flex;&#34;&gt;&lt;span&gt;&lt;span style=&#34;color:#e6db74&#34;&gt;        wget -q &amp;#34;https://raw.githubusercontent.com/radius-project/radius/main/deploy/install.sh&amp;#34; -O - | /bin/bash
&lt;/span&gt;&lt;/span&gt;&lt;/span&gt;&lt;span style=&#34;display:flex;&#34;&gt;&lt;span&gt;&lt;span style=&#34;color:#e6db74&#34;&gt;        ./rad bicep download
&lt;/span&gt;&lt;/span&gt;&lt;/span&gt;&lt;span style=&#34;display:flex;&#34;&gt;&lt;span&gt;&lt;span style=&#34;color:#e6db74&#34;&gt;        ./rad --version&lt;/span&gt;        
&lt;/span&gt;&lt;/span&gt;&lt;span style=&#34;display:flex;&#34;&gt;&lt;span&gt;    - &lt;span style=&#34;color:#f92672&#34;&gt;name&lt;/span&gt;: &lt;span style=&#34;color:#ae81ff&#34;&gt;Initialize Radius Environment&lt;/span&gt;
&lt;/span&gt;&lt;/span&gt;&lt;span style=&#34;display:flex;&#34;&gt;&lt;span&gt;      &lt;span style=&#34;color:#f92672&#34;&gt;run&lt;/span&gt;: |&lt;span style=&#34;color:#e6db74&#34;&gt;
&lt;/span&gt;&lt;/span&gt;&lt;/span&gt;&lt;span style=&#34;display:flex;&#34;&gt;&lt;span&gt;&lt;span style=&#34;color:#e6db74&#34;&gt;        ./rad group create default
&lt;/span&gt;&lt;/span&gt;&lt;/span&gt;&lt;span style=&#34;display:flex;&#34;&gt;&lt;span&gt;&lt;span style=&#34;color:#e6db74&#34;&gt;        ./rad workspace create kubernetes default --group default
&lt;/span&gt;&lt;/span&gt;&lt;/span&gt;&lt;span style=&#34;display:flex;&#34;&gt;&lt;span&gt;&lt;span style=&#34;color:#e6db74&#34;&gt;        ./rad env create temp
&lt;/span&gt;&lt;/span&gt;&lt;/span&gt;&lt;span style=&#34;display:flex;&#34;&gt;&lt;span&gt;&lt;span style=&#34;color:#e6db74&#34;&gt;        ./rad env switch temp&lt;/span&gt;        
&lt;/span&gt;&lt;/span&gt;&lt;/code&gt;&lt;/pre&gt;&lt;/div&gt;&lt;blockquote&gt;
&lt;p&gt;&lt;strong&gt;Note&lt;/strong&gt;: Radius currently requires an environment be present in order to deploy an environment via Bicep. This will be fixed in an upcoming release.&lt;/p&gt;
&lt;/blockquote&gt;
&lt;h2 id=&#34;step-5-deploy-application&#34;&gt;Step 5: Deploy application&lt;/h2&gt;
&lt;p&gt;Finally, run the &lt;a href=&#34;https://docs.radapp.io/reference/cli/rad_deploy/&#34;&gt;&lt;code&gt;rad deploy&lt;/code&gt;&lt;/a&gt; command to deploy your application. Specify the path to your application Bicep. If the application had been previously deployed, it will be updated.&lt;/p&gt;
&lt;div class=&#34;highlight&#34;&gt;&lt;pre tabindex=&#34;0&#34; style=&#34;color:#f8f8f2;background-color:#272822;-moz-tab-size:4;-o-tab-size:4;tab-size:4;&#34;&gt;&lt;code class=&#34;language-yml&#34; data-lang=&#34;yml&#34;&gt;&lt;span style=&#34;display:flex;&#34;&gt;&lt;span&gt;    - &lt;span style=&#34;color:#f92672&#34;&gt;name&lt;/span&gt;: &lt;span style=&#34;color:#ae81ff&#34;&gt;Deploy app&lt;/span&gt;
&lt;/span&gt;&lt;/span&gt;&lt;span style=&#34;display:flex;&#34;&gt;&lt;span&gt;      &lt;span style=&#34;color:#f92672&#34;&gt;run&lt;/span&gt;: &lt;span style=&#34;color:#ae81ff&#34;&gt;./rad deploy ./iac/app.bicep&lt;/span&gt;
&lt;/span&gt;&lt;/span&gt;&lt;/code&gt;&lt;/pre&gt;&lt;/div&gt;&lt;h2 id=&#34;step-4-commit-and-run-your-workflow&#34;&gt;Step 4: Commit and run your workflow&lt;/h2&gt;
&lt;p&gt;Commit and push your workflow to your repository. This will trigger your workflow to run, and your application to deploy:&lt;/p&gt;
&lt;div class=&#34;highlight&#34;&gt;&lt;pre tabindex=&#34;0&#34; style=&#34;color:#f8f8f2;background-color:#272822;-moz-tab-size:4;-o-tab-size:4;tab-size:4;&#34;&gt;&lt;code class=&#34;language-bash&#34; data-lang=&#34;bash&#34;&gt;&lt;span style=&#34;display:flex;&#34;&gt;&lt;span&gt;git commit .github/workflows/deploy-radius.yml -m &lt;span style=&#34;color:#e6db74&#34;&gt;&amp;#34;Add Radius deploy workflow&amp;#34;&lt;/span&gt;
&lt;/span&gt;&lt;/span&gt;&lt;span style=&#34;display:flex;&#34;&gt;&lt;span&gt;git push
&lt;/span&gt;&lt;/span&gt;&lt;/code&gt;&lt;/pre&gt;&lt;/div&gt;&lt;p&gt;Done!&lt;/p&gt;

      </description>
    </item>
    
  </channel>
</rss>
