<rss version="2.0" xmlns:atom="http://www.w3.org/2005/Atom">
  <channel>
    <title>Radius Docs – Radius Recipes</title>
    <link>https://docs.radapp.io/guides/recipes/</link>
    <description>Recent content in Radius Recipes on Radius Docs</description>
    <generator>Hugo -- gohugo.io</generator>
    <language>en-us</language>
    
	  <atom:link href="https://docs.radapp.io/guides/recipes/index.xml" rel="self" type="application/rss+xml" />
    
    
      
        
      
    
    
    <item>
      <title>Guides: Overview: Radius Recipes</title>
      <link>https://docs.radapp.io/guides/recipes/overview/</link>
      <pubDate>Mon, 01 Jan 0001 00:00:00 +0000</pubDate>
      
      <guid>https://docs.radapp.io/guides/recipes/overview/</guid>
      <description>
        
        
        &lt;p&gt;Recipes enable a &lt;strong&gt;separation of concerns&lt;/strong&gt; between infrastructure operators and developers by &lt;strong&gt;automating infrastructure deployment&lt;/strong&gt;. Developers select the resource they want in their app (&lt;em&gt;Mongo Database, Redis Cache, Dapr State Store, etc.&lt;/em&gt;), and infrastructure operators codify in their environment how these resources should be deployed and configured (&lt;em&gt;lightweight containers, Azure resources, AWS resources, etc.&lt;/em&gt;). When a developer deploys their application and its resources, Recipes automatically deploy the backing infrastructure and bind it to the developer&amp;rsquo;s resources.&lt;/p&gt;
&lt;img src=&#34;recipes.png&#34; alt=&#34;Diagram showing developers adding Redis to their app and operators adding a Recipe that Redis should deploy an Azure Cache for Redis&#34; width=700px &gt;
&lt;h2 id=&#34;capabilities&#34;&gt;Capabilities&lt;/h2&gt;
&lt;h3 id=&#34;support-for-multiple-iac-languages&#34;&gt;Support for multiple IaC languages&lt;/h3&gt;
&lt;table&gt;
&lt;thead&gt;
&lt;tr&gt;
&lt;th&gt;Infrastructure as Code Languages&lt;/th&gt;
&lt;th&gt;Recipe Support&lt;/th&gt;
&lt;/tr&gt;
&lt;/thead&gt;
&lt;tbody&gt;
&lt;tr&gt;
&lt;td&gt;&lt;a href=&#34;https://learn.microsoft.com/azure/azure-resource-manager/bicep/&#34;&gt;Bicep&lt;/a&gt;&lt;/td&gt;
&lt;td&gt;✅&lt;/td&gt;
&lt;/tr&gt;
&lt;tr&gt;
&lt;td&gt;&lt;a href=&#34;https://developer.hashicorp.com/terraform/docs&#34;&gt;Terraform&lt;/a&gt;&lt;/td&gt;
&lt;td&gt;✅&lt;/td&gt;
&lt;/tr&gt;
&lt;/tbody&gt;
&lt;/table&gt;
&lt;h3 id=&#34;select-the-recipe-that-meets-your-needs&#34;&gt;Select the Recipe that meets your needs&lt;/h3&gt;
&lt;p&gt;Recipes can be used in any environment, from dev to prod. You can run a default recipe registered in your environment or select the specific Recipe you want to run. To run a default recipe, simply add the resource you want to your app and omit the Recipe name:&lt;/p&gt;











    
    
    


    

    

    

&lt;div class=&#34;highlight&#34;&gt;&lt;pre tabindex=&#34;0&#34; style=&#34;color:#f8f8f2;background-color:#272822;-moz-tab-size:4;-o-tab-size:4;tab-size:4;&#34;&gt;&lt;code class=&#34;language-bicep&#34; data-lang=&#34;bicep&#34;&gt;&lt;span style=&#34;display:flex;&#34;&gt;&lt;span&gt;&lt;span style=&#34;color:#66d9ef&#34;&gt;resource&lt;/span&gt; redisDefault &lt;span style=&#34;color:#e6db74&#34;&gt;&amp;#39;Applications.Datastores/redisCaches@2023-10-01-preview&amp;#39;&lt;/span&gt;= {
&lt;/span&gt;&lt;/span&gt;&lt;span style=&#34;display:flex;&#34;&gt;&lt;span&gt;  name: &lt;span style=&#34;color:#e6db74&#34;&gt;&amp;#39;myresource&amp;#39;&lt;/span&gt;
&lt;/span&gt;&lt;/span&gt;&lt;span style=&#34;display:flex;&#34;&gt;&lt;span&gt;  properties: {
&lt;/span&gt;&lt;/span&gt;&lt;span style=&#34;display:flex;&#34;&gt;&lt;span&gt;    environment: &lt;span style=&#34;color:#a6e22e&#34;&gt;environment&lt;/span&gt;
&lt;/span&gt;&lt;/span&gt;&lt;span style=&#34;display:flex;&#34;&gt;&lt;span&gt;    application: application
&lt;/span&gt;&lt;/span&gt;&lt;span style=&#34;display:flex;&#34;&gt;&lt;span&gt;  }
&lt;/span&gt;&lt;/span&gt;&lt;span style=&#34;display:flex;&#34;&gt;&lt;span&gt;}
&lt;/span&gt;&lt;/span&gt;&lt;/code&gt;&lt;/pre&gt;&lt;/div&gt;


&lt;p&gt;If you want to use a specific Recipe, you can specify the Recipe name in the &lt;code&gt;recipe&lt;/code&gt; parameter:&lt;/p&gt;











    
    
    


    

    

    

&lt;div class=&#34;highlight&#34;&gt;&lt;pre tabindex=&#34;0&#34; style=&#34;color:#f8f8f2;background-color:#272822;-moz-tab-size:4;-o-tab-size:4;tab-size:4;&#34;&gt;&lt;code class=&#34;language-bicep&#34; data-lang=&#34;bicep&#34;&gt;&lt;span style=&#34;display:flex;&#34;&gt;&lt;span&gt;&lt;span style=&#34;color:#66d9ef&#34;&gt;resource&lt;/span&gt; redis &lt;span style=&#34;color:#e6db74&#34;&gt;&amp;#39;Applications.Datastores/redisCaches@2023-10-01-preview&amp;#39;&lt;/span&gt;= {
&lt;/span&gt;&lt;/span&gt;&lt;span style=&#34;display:flex;&#34;&gt;&lt;span&gt;  name: &lt;span style=&#34;color:#e6db74&#34;&gt;&amp;#39;myresource&amp;#39;&lt;/span&gt;
&lt;/span&gt;&lt;/span&gt;&lt;span style=&#34;display:flex;&#34;&gt;&lt;span&gt;  properties: {
&lt;/span&gt;&lt;/span&gt;&lt;span style=&#34;display:flex;&#34;&gt;&lt;span&gt;    environment: &lt;span style=&#34;color:#a6e22e&#34;&gt;environment&lt;/span&gt;
&lt;/span&gt;&lt;/span&gt;&lt;span style=&#34;display:flex;&#34;&gt;&lt;span&gt;    application: application
&lt;/span&gt;&lt;/span&gt;&lt;span style=&#34;display:flex;&#34;&gt;&lt;span&gt;    recipe: {
&lt;/span&gt;&lt;/span&gt;&lt;span style=&#34;display:flex;&#34;&gt;&lt;span&gt;      name: &lt;span style=&#34;color:#e6db74&#34;&gt;&amp;#39;azure-prod&amp;#39;&lt;/span&gt;
&lt;/span&gt;&lt;/span&gt;&lt;span style=&#34;display:flex;&#34;&gt;&lt;span&gt;    }
&lt;/span&gt;&lt;/span&gt;&lt;span style=&#34;display:flex;&#34;&gt;&lt;span&gt;  }
&lt;/span&gt;&lt;/span&gt;&lt;span style=&#34;display:flex;&#34;&gt;&lt;span&gt;}
&lt;/span&gt;&lt;/span&gt;&lt;/code&gt;&lt;/pre&gt;&lt;/div&gt;


&lt;p&gt;Use &lt;a href=&#34;https://docs.radapp.io/reference/cli/rad_recipe_list/&#34;&gt;&lt;strong&gt;rad recipe list&lt;/strong&gt;&lt;/a&gt; to view the Recipes available to you in your environment.&lt;/p&gt;
&lt;h3 id=&#34;use-lightweight-local-dev-recipes&#34;&gt;Use lightweight &amp;ldquo;local-dev&amp;rdquo; Recipes&lt;/h3&gt;
&lt;p&gt;Radius Environments make it easy to get up and running with Recipes instantly. When you run &lt;a href=&#34;https://docs.radapp.io/reference/cli/rad_init/&#34;&gt;&lt;code&gt;rad init&lt;/code&gt;&lt;/a&gt; you get a set of containerized local-dev Recipes pre-registered in your environment. These Recipes are designed to help you get started quickly with Recipes using lightweight containers. You can use these Recipes to test your app locally, or deploy them to a dev environment.&lt;/p&gt;
&lt;h3 id=&#34;customize-with-parameters&#34;&gt;Customize with parameters&lt;/h3&gt;
&lt;p&gt;Recipes can be customized with parameters, allowing developers to fine-tune infrastructure to meet their specific needs:&lt;/p&gt;











    
    
    


    

    

    

&lt;div class=&#34;highlight&#34;&gt;&lt;pre tabindex=&#34;0&#34; style=&#34;color:#f8f8f2;background-color:#272822;-moz-tab-size:4;-o-tab-size:4;tab-size:4;&#34;&gt;&lt;code class=&#34;language-bicep&#34; data-lang=&#34;bicep&#34;&gt;&lt;span style=&#34;display:flex;&#34;&gt;&lt;span&gt;&lt;span style=&#34;color:#66d9ef&#34;&gt;resource&lt;/span&gt; redisParam &lt;span style=&#34;color:#e6db74&#34;&gt;&amp;#39;Applications.Datastores/redisCaches@2023-10-01-preview&amp;#39;&lt;/span&gt;= {
&lt;/span&gt;&lt;/span&gt;&lt;span style=&#34;display:flex;&#34;&gt;&lt;span&gt;  name: &lt;span style=&#34;color:#e6db74&#34;&gt;&amp;#39;myresource&amp;#39;&lt;/span&gt;
&lt;/span&gt;&lt;/span&gt;&lt;span style=&#34;display:flex;&#34;&gt;&lt;span&gt;  properties: {
&lt;/span&gt;&lt;/span&gt;&lt;span style=&#34;display:flex;&#34;&gt;&lt;span&gt;    environment: &lt;span style=&#34;color:#a6e22e&#34;&gt;environment&lt;/span&gt;
&lt;/span&gt;&lt;/span&gt;&lt;span style=&#34;display:flex;&#34;&gt;&lt;span&gt;    application: application
&lt;/span&gt;&lt;/span&gt;&lt;span style=&#34;display:flex;&#34;&gt;&lt;span&gt;    recipe: {
&lt;/span&gt;&lt;/span&gt;&lt;span style=&#34;display:flex;&#34;&gt;&lt;span&gt;      name: &lt;span style=&#34;color:#e6db74&#34;&gt;&amp;#39;azure-prod&amp;#39;&lt;/span&gt;
&lt;/span&gt;&lt;/span&gt;&lt;span style=&#34;display:flex;&#34;&gt;&lt;span&gt;      parameters: {
&lt;/span&gt;&lt;/span&gt;&lt;span style=&#34;display:flex;&#34;&gt;&lt;span&gt;        sku: &lt;span style=&#34;color:#e6db74&#34;&gt;&amp;#39;Premium&amp;#39;&lt;/span&gt;
&lt;/span&gt;&lt;/span&gt;&lt;span style=&#34;display:flex;&#34;&gt;&lt;span&gt;      }
&lt;/span&gt;&lt;/span&gt;&lt;span style=&#34;display:flex;&#34;&gt;&lt;span&gt;    }
&lt;/span&gt;&lt;/span&gt;&lt;span style=&#34;display:flex;&#34;&gt;&lt;span&gt;  }
&lt;/span&gt;&lt;/span&gt;&lt;span style=&#34;display:flex;&#34;&gt;&lt;span&gt;}
&lt;/span&gt;&lt;/span&gt;&lt;/code&gt;&lt;/pre&gt;&lt;/div&gt;


&lt;p&gt;You can use &lt;a href=&#34;https://docs.radapp.io/reference/cli/rad_recipe_show/&#34;&gt;&lt;strong&gt;rad recipe show&lt;/strong&gt;&lt;/a&gt; to view the parameters available to you in a Recipe.&lt;/p&gt;
&lt;h3 id=&#34;author-custom-recipes&#34;&gt;Author custom Recipes&lt;/h3&gt;
&lt;p&gt;It&amp;rsquo;s easy to author and register your own Recipes which define how to deploy and configure infrastructure that meets your organization&amp;rsquo;s needs. See the &lt;a href=&#34;https://docs.radapp.io/guides/recipes/howto-author-recipes/&#34;&gt;custom Recipes guide&lt;/a&gt; for more information.&lt;/p&gt;
&lt;h2 id=&#34;supported-resources&#34;&gt;Supported resources&lt;/h2&gt;
&lt;p&gt;Recipes currently support the following resources. Support for additional resources is actively being worked on.&lt;/p&gt;
&lt;table&gt;
&lt;thead&gt;
&lt;tr&gt;
&lt;th&gt;Supported resources&lt;/th&gt;
&lt;/tr&gt;
&lt;/thead&gt;
&lt;tbody&gt;
&lt;tr&gt;
&lt;td&gt;&lt;a href=&#34;https://docs.radapp.io/reference/resource-schema/cache/redis/&#34;&gt;&lt;code&gt;Applications.Datastores/redisCaches&lt;/code&gt;&lt;/a&gt;&lt;/td&gt;
&lt;/tr&gt;
&lt;tr&gt;
&lt;td&gt;&lt;a href=&#34;https://docs.radapp.io/reference/resource-schema/databases/mongodb/&#34;&gt;&lt;code&gt;Applications.Datastores/mongoDatabases&lt;/code&gt;&lt;/a&gt;&lt;/td&gt;
&lt;/tr&gt;
&lt;tr&gt;
&lt;td&gt;&lt;a href=&#34;https://docs.radapp.io/reference/resource-schema/databases/microsoft-sql/&#34;&gt;&lt;code&gt;Applications.Datastores/sqlDatabases&lt;/code&gt;&lt;/a&gt;&lt;/td&gt;
&lt;/tr&gt;
&lt;tr&gt;
&lt;td&gt;&lt;a href=&#34;https://docs.radapp.io/reference/resource-schema/messaging/rabbitmq/&#34;&gt;&lt;code&gt;Applications.Messaging/rabbitmqQueues&lt;/code&gt;&lt;/a&gt;&lt;/td&gt;
&lt;/tr&gt;
&lt;tr&gt;
&lt;td&gt;&lt;a href=&#34;https://docs.radapp.io/reference/resource-schema/dapr-schema/dapr-statestore/&#34;&gt;&lt;code&gt;Applications.Dapr/stateStores&lt;/code&gt;&lt;/a&gt;&lt;/td&gt;
&lt;/tr&gt;
&lt;tr&gt;
&lt;td&gt;&lt;a href=&#34;https://docs.radapp.io/reference/resource-schema/dapr-schema/dapr-pubsub/&#34;&gt;&lt;code&gt;Applications.Dapr/pubSubBrokers&lt;/code&gt;&lt;/a&gt;&lt;/td&gt;
&lt;/tr&gt;
&lt;tr&gt;
&lt;td&gt;&lt;a href=&#34;https://docs.radapp.io/reference/resource-schema/dapr-schema/dapr-secretstore/&#34;&gt;&lt;code&gt;Applications.Dapr/secretStores&lt;/code&gt;&lt;/a&gt;&lt;/td&gt;
&lt;/tr&gt;
&lt;tr&gt;
&lt;td&gt;&lt;a href=&#34;https://docs.radapp.io/reference/resource-schema/core-schema/extender/&#34;&gt;&lt;code&gt;Applications.Core/extenders&lt;/code&gt;&lt;/a&gt;&lt;/td&gt;
&lt;/tr&gt;
&lt;/tbody&gt;
&lt;/table&gt;
&lt;h2 id=&#34;infrastructure-linking&#34;&gt;Infrastructure linking&lt;/h2&gt;
&lt;p&gt;When you use a Recipe to deploy infrastructure (&lt;em&gt;e.g. Azure, AWS resources&lt;/em&gt;), that infrastructure can be linked and tracked as part of the Recipe-enabled resource. This means you can inspect what infrastructure supports the resource. Use &lt;a href=&#34;https://docs.radapp.io/reference/cli/rad_resource_show/&#34;&gt;&lt;code&gt;rad resource show -o json&lt;/code&gt;&lt;/a&gt; to view this information.&lt;/p&gt;
&lt;h2 id=&#34;infrastructure-lifecycle&#34;&gt;Infrastructure lifecycle&lt;/h2&gt;
&lt;p&gt;The lifecycle of Recipe infrastructure is tied to the resource calling the Recipe. When a Recipe-supported resource is deployed it triggers the Recipe, which in turn deploys the underlying infrastructure. When the Recipe-supported resource is deleted the underlying infrastructure is deleted as well.&lt;/p&gt;
&lt;h2 id=&#34;further-reading&#34;&gt;Further Reading&lt;/h2&gt;
&lt;ul&gt;
&lt;li&gt;&lt;a href=&#34;https://docs.radapp.io/guides/recipes/howto-author-recipes/&#34;&gt;Author custom recipes&lt;/a&gt;&lt;/li&gt;
&lt;li&gt;&lt;a href=&#34;https://docs.radapp.io/reference/cli/rad_recipe/&#34;&gt;&lt;code&gt;rad recipe&lt;/code&gt; CLI reference&lt;/a&gt;&lt;/li&gt;
&lt;/ul&gt;

      </description>
    </item>
    
    <item>
      <title>Guides: How-To: Use local-dev Recipes</title>
      <link>https://docs.radapp.io/guides/recipes/howto-dev-recipes/</link>
      <pubDate>Mon, 01 Jan 0001 00:00:00 +0000</pubDate>
      
      <guid>https://docs.radapp.io/guides/recipes/howto-dev-recipes/</guid>
      <description>
        
        
        &lt;p&gt;Local development environments created by the rad init command include a set of pre-defined Recipes called &lt;a href=&#34;https://docs.radapp.io/guides/recipes/overview/##use-lightweight-local-dev-recipes&#34;&gt;&lt;code&gt;local-dev&lt;/code&gt; Recipes&lt;/a&gt;, to get lightweight containerized infrastructure up and running quickly. This guide teaches how to use a local dev recipe to deploy a Redis container to a Kubernetes cluster.&lt;/p&gt;
&lt;h2 id=&#34;prerequisites&#34;&gt;Prerequisites&lt;/h2&gt;
&lt;ul&gt;
&lt;li&gt;&lt;a href=&#34;https://docs.radapp.io/installation/#step-1-install-the-rad-cli&#34;&gt;rad CLI&lt;/a&gt;&lt;/li&gt;
&lt;li&gt;&lt;a href=&#34;https://docs.radapp.io/installation/#step-2-install-the-vs-code-extension&#34;&gt;Radius Bicep VSCode extension&lt;/a&gt;&lt;/li&gt;
&lt;li&gt;&lt;a href=&#34;https://docs.radapp.io/guides/operations/kubernetes/overview/#supported-clusters&#34;&gt;Setup a supported Kubernetes cluster&lt;/a&gt;&lt;/li&gt;
&lt;/ul&gt;
&lt;h2 id=&#34;step-1-initialize-a-radius-environment&#34;&gt;Step 1: Initialize a Radius environment&lt;/h2&gt;
&lt;ol&gt;
&lt;li&gt;
&lt;p&gt;Begin in a new directory for your application:&lt;/p&gt;
&lt;div class=&#34;highlight&#34;&gt;&lt;pre tabindex=&#34;0&#34; style=&#34;color:#f8f8f2;background-color:#272822;-moz-tab-size:4;-o-tab-size:4;tab-size:4;&#34;&gt;&lt;code class=&#34;language-bash&#34; data-lang=&#34;bash&#34;&gt;&lt;span style=&#34;display:flex;&#34;&gt;&lt;span&gt;mkdir recipes
&lt;/span&gt;&lt;/span&gt;&lt;span style=&#34;display:flex;&#34;&gt;&lt;span&gt;cd recipes
&lt;/span&gt;&lt;/span&gt;&lt;/code&gt;&lt;/pre&gt;&lt;/div&gt;&lt;/li&gt;
&lt;li&gt;
&lt;p&gt;Initialize a new dev environment:&lt;/p&gt;
&lt;div class=&#34;highlight&#34;&gt;&lt;pre tabindex=&#34;0&#34; style=&#34;color:#f8f8f2;background-color:#272822;-moz-tab-size:4;-o-tab-size:4;tab-size:4;&#34;&gt;&lt;code class=&#34;language-bash&#34; data-lang=&#34;bash&#34;&gt;&lt;span style=&#34;display:flex;&#34;&gt;&lt;span&gt;rad init
&lt;/span&gt;&lt;/span&gt;&lt;/code&gt;&lt;/pre&gt;&lt;/div&gt;&lt;p&gt;&lt;strong&gt;Select &amp;lsquo;No&amp;rsquo; when prompted to create an application.&lt;/strong&gt;&lt;/p&gt;
&lt;/li&gt;
&lt;li&gt;
&lt;p&gt;Use &lt;a href=&#34;https://docs.radapp.io/reference/cli/rad_recipe_list/&#34;&gt;&lt;code&gt;rad recipe list&lt;/code&gt;&lt;/a&gt; to view the Recipes in your environment:&lt;/p&gt;
&lt;div class=&#34;highlight&#34;&gt;&lt;pre tabindex=&#34;0&#34; style=&#34;color:#f8f8f2;background-color:#272822;-moz-tab-size:4;-o-tab-size:4;tab-size:4;&#34;&gt;&lt;code class=&#34;language-bash&#34; data-lang=&#34;bash&#34;&gt;&lt;span style=&#34;display:flex;&#34;&gt;&lt;span&gt;rad recipe list 
&lt;/span&gt;&lt;/span&gt;&lt;/code&gt;&lt;/pre&gt;&lt;/div&gt;&lt;p&gt;You should see a table of available Recipes:&lt;/p&gt;
&lt;pre tabindex=&#34;0&#34;&gt;&lt;code&gt;NAME      TYPE                                    TEMPLATE KIND  TEMPLATE VERSION  TEMPLATE
default   Applications.Datastores/sqlDatabases    bicep                            radius.azurecr.io/recipes/local-dev/sqldatabases:latest
default   Applications.Messaging/rabbitMQQueues   bicep                            radius.azurecr.io/recipes/local-dev/rabbitmqqueues:latest
default   Applications.Dapr/pubSubBrokers         bicep                            radius.azurecr.io/recipes/local-dev/pubsubbrokers:latest
default   Applications.Dapr/secretStores          bicep                            radius.azurecr.io/recipes/local-dev/secretstores:latest
default   Applications.Dapr/stateStores           bicep                            radius.azurecr.io/recipes/local-dev/statestores:latest
default   Applications.Datastores/mongoDatabases  bicep                            radius.azurecr.io/recipes/local-dev/mongodatabases:latest
default   Applications.Datastores/redisCaches     bicep                            radius.azurecr.io/recipes/local-dev/rediscaches:latest
&lt;/code&gt;&lt;/pre&gt;&lt;blockquote&gt;
&lt;p&gt;Visit the &lt;a href=&#34;https://github.com/radius-project/recipes&#34;&gt;Recipes repo&lt;/a&gt; to learn more about the definition of these &lt;code&gt;local-dev&lt;/code&gt; recipe templates.&lt;/p&gt;
&lt;/blockquote&gt;
&lt;p&gt;When a Recipe is named &amp;ldquo;default&amp;rdquo; it will be used automatically when a resource doesn&amp;rsquo;t specify a Recipe name. This makes it easy for applications to fully defer to the Environment for how to manage infrastructure.&lt;/p&gt;
&lt;/li&gt;
&lt;/ol&gt;
&lt;h2 id=&#34;step-2-define-your-application&#34;&gt;Step 2: Define your application&lt;/h2&gt;
&lt;p&gt;Create a file named &lt;code&gt;app.bicep&lt;/code&gt; with the following set of resources:&lt;/p&gt;












    

    

&lt;div class=&#34;highlight&#34;&gt;&lt;pre tabindex=&#34;0&#34; style=&#34;color:#f8f8f2;background-color:#272822;-moz-tab-size:4;-o-tab-size:4;tab-size:4;&#34;&gt;&lt;code class=&#34;language-bicep&#34; data-lang=&#34;bicep&#34;&gt;&lt;span style=&#34;display:flex;&#34;&gt;&lt;span&gt;import radius as radius
&lt;/span&gt;&lt;/span&gt;&lt;span style=&#34;display:flex;&#34;&gt;&lt;span&gt;
&lt;/span&gt;&lt;/span&gt;&lt;span style=&#34;display:flex;&#34;&gt;&lt;span&gt;@&lt;span style=&#34;color:#a6e22e&#34;&gt;description&lt;/span&gt;(&lt;span style=&#34;color:#e6db74&#34;&gt;&amp;#39;The ID of your Radius environment. Automatically injected by the rad CLI.&amp;#39;&lt;/span&gt;)
&lt;/span&gt;&lt;/span&gt;&lt;span style=&#34;display:flex;&#34;&gt;&lt;span&gt;&lt;span style=&#34;color:#66d9ef&#34;&gt;param&lt;/span&gt; &lt;span style=&#34;color:#a6e22e&#34;&gt;environment&lt;/span&gt; &lt;span style=&#34;color:#a6e22e&#34;&gt;string&lt;/span&gt;
&lt;/span&gt;&lt;/span&gt;&lt;span style=&#34;display:flex;&#34;&gt;&lt;span&gt;
&lt;/span&gt;&lt;/span&gt;&lt;span style=&#34;display:flex;&#34;&gt;&lt;span&gt;@&lt;span style=&#34;color:#a6e22e&#34;&gt;description&lt;/span&gt;(&lt;span style=&#34;color:#e6db74&#34;&gt;&amp;#39;The ID of your Radius application. Automatically injected by the rad CLI.&amp;#39;&lt;/span&gt;)
&lt;/span&gt;&lt;/span&gt;&lt;span style=&#34;display:flex;&#34;&gt;&lt;span&gt;&lt;span style=&#34;color:#66d9ef&#34;&gt;param&lt;/span&gt; application &lt;span style=&#34;color:#a6e22e&#34;&gt;string&lt;/span&gt;
&lt;/span&gt;&lt;/span&gt;&lt;span style=&#34;display:flex;&#34;&gt;&lt;span&gt;
&lt;/span&gt;&lt;/span&gt;&lt;span style=&#34;display:flex;&#34;&gt;&lt;span&gt;&lt;span style=&#34;color:#66d9ef&#34;&gt;resource&lt;/span&gt; frontend &lt;span style=&#34;color:#e6db74&#34;&gt;&amp;#39;Applications.Core/containers@2023-10-01-preview&amp;#39;&lt;/span&gt; = {
&lt;/span&gt;&lt;/span&gt;&lt;span style=&#34;display:flex;&#34;&gt;&lt;span&gt;  name: &lt;span style=&#34;color:#e6db74&#34;&gt;&amp;#39;frontend&amp;#39;&lt;/span&gt;
&lt;/span&gt;&lt;/span&gt;&lt;span style=&#34;display:flex;&#34;&gt;&lt;span&gt;  properties: {
&lt;/span&gt;&lt;/span&gt;&lt;span style=&#34;display:flex;&#34;&gt;&lt;span&gt;    application: application
&lt;/span&gt;&lt;/span&gt;&lt;span style=&#34;display:flex;&#34;&gt;&lt;span&gt;    container: {
&lt;/span&gt;&lt;/span&gt;&lt;span style=&#34;display:flex;&#34;&gt;&lt;span&gt;      image: &lt;span style=&#34;color:#e6db74&#34;&gt;&amp;#39;radius.azurecr.io/tutorial/webapp:edge&amp;#39;&lt;/span&gt;
&lt;/span&gt;&lt;/span&gt;&lt;span style=&#34;display:flex;&#34;&gt;&lt;span&gt;    }
&lt;/span&gt;&lt;/span&gt;&lt;span style=&#34;display:flex;&#34;&gt;&lt;span&gt;    connections: {
&lt;/span&gt;&lt;/span&gt;&lt;span style=&#34;display:flex;&#34;&gt;&lt;span&gt;      &lt;span style=&#34;color:#75715e&#34;&gt;// Define a connection to the redis container&lt;/span&gt;
&lt;/span&gt;&lt;/span&gt;&lt;span style=&#34;display:flex;&#34;&gt;&lt;span&gt;      &lt;span style=&#34;color:#75715e&#34;&gt;// Automatically injects conneciton information into the container&lt;/span&gt;
&lt;/span&gt;&lt;/span&gt;&lt;span style=&#34;display:flex;&#34;&gt;&lt;span&gt;      redis: {
&lt;/span&gt;&lt;/span&gt;&lt;span style=&#34;display:flex;&#34;&gt;&lt;span&gt;        source: db.id
&lt;/span&gt;&lt;/span&gt;&lt;span style=&#34;display:flex;&#34;&gt;&lt;span&gt;      }
&lt;/span&gt;&lt;/span&gt;&lt;span style=&#34;display:flex;&#34;&gt;&lt;span&gt;    }
&lt;/span&gt;&lt;/span&gt;&lt;span style=&#34;display:flex;&#34;&gt;&lt;span&gt;  }
&lt;/span&gt;&lt;/span&gt;&lt;span style=&#34;display:flex;&#34;&gt;&lt;span&gt;}
&lt;/span&gt;&lt;/span&gt;&lt;span style=&#34;display:flex;&#34;&gt;&lt;span&gt;
&lt;/span&gt;&lt;/span&gt;&lt;span style=&#34;display:flex;&#34;&gt;&lt;span&gt;&lt;span style=&#34;color:#66d9ef&#34;&gt;resource&lt;/span&gt; db &lt;span style=&#34;color:#e6db74&#34;&gt;&amp;#39;Applications.Datastores/redisCaches@2023-10-01-preview&amp;#39;&lt;/span&gt; = {
&lt;/span&gt;&lt;/span&gt;&lt;span style=&#34;display:flex;&#34;&gt;&lt;span&gt;  name: &lt;span style=&#34;color:#e6db74&#34;&gt;&amp;#39;db&amp;#39;&lt;/span&gt;
&lt;/span&gt;&lt;/span&gt;&lt;span style=&#34;display:flex;&#34;&gt;&lt;span&gt;  properties: {
&lt;/span&gt;&lt;/span&gt;&lt;span style=&#34;display:flex;&#34;&gt;&lt;span&gt;    environment: &lt;span style=&#34;color:#a6e22e&#34;&gt;environment&lt;/span&gt;
&lt;/span&gt;&lt;/span&gt;&lt;span style=&#34;display:flex;&#34;&gt;&lt;span&gt;    application: application
&lt;/span&gt;&lt;/span&gt;&lt;span style=&#34;display:flex;&#34;&gt;&lt;span&gt;    &lt;span style=&#34;color:#75715e&#34;&gt;// recipe is not specified, so it uses &amp;#39;default&amp;#39; if present&lt;/span&gt;
&lt;/span&gt;&lt;/span&gt;&lt;span style=&#34;display:flex;&#34;&gt;&lt;span&gt;  }
&lt;/span&gt;&lt;/span&gt;&lt;span style=&#34;display:flex;&#34;&gt;&lt;span&gt;}
&lt;/span&gt;&lt;/span&gt;&lt;/code&gt;&lt;/pre&gt;&lt;/div&gt;


&lt;p&gt;Note that no Recipe name is specified within &amp;lsquo;db&amp;rsquo;, so it will be using the default Recipe for Redis in your environment.&lt;/p&gt;
&lt;h2 id=&#34;step-3-deploy-your-application&#34;&gt;Step 3: Deploy your application&lt;/h2&gt;
&lt;ol&gt;
&lt;li&gt;
&lt;p&gt;Run &lt;a href=&#34;https://docs.radapp.io/reference/cli/rad_run/&#34;&gt;&lt;code&gt;rad run&lt;/code&gt;&lt;/a&gt; to deploy your application:&lt;/p&gt;
&lt;div class=&#34;highlight&#34;&gt;&lt;pre tabindex=&#34;0&#34; style=&#34;color:#f8f8f2;background-color:#272822;-moz-tab-size:4;-o-tab-size:4;tab-size:4;&#34;&gt;&lt;code class=&#34;language-bash&#34; data-lang=&#34;bash&#34;&gt;&lt;span style=&#34;display:flex;&#34;&gt;&lt;span&gt;rad run ./app.bicep -a local-dev-app
&lt;/span&gt;&lt;/span&gt;&lt;/code&gt;&lt;/pre&gt;&lt;/div&gt;&lt;p&gt;You should see the following output:&lt;/p&gt;
&lt;pre tabindex=&#34;0&#34;&gt;&lt;code&gt;Building app.bicep...
Deploying template &amp;#39;./app.bicep&amp;#39; for application &amp;#39;local-dev-app&amp;#39; and environment &amp;#39;default&amp;#39; from workspace &amp;#39;default&amp;#39;...

Deployment In Progress...

Completed            db              Applications.Datastores/redisCaches
Completed            frontend        Applications.Core/containers

Deployment Complete

Resources:
   frontend        Applications.Core/containers
   db              Applications.Datastores/redisCaches

 Starting log stream...
&lt;/code&gt;&lt;/pre&gt;&lt;p&gt;Your application is now deployed and running in your Kubernetes cluster.&lt;/p&gt;
&lt;/li&gt;
&lt;/ol&gt;
&lt;h2 id=&#34;step-4-verify-redis-containers-are-deployed&#34;&gt;Step 4: Verify Redis containers are deployed&lt;/h2&gt;
&lt;ol&gt;
&lt;li&gt;
&lt;p&gt;Visit &lt;a href=&#34;http://localhost:3000&#34;&gt;&lt;code&gt;http://localhost:3000&lt;/code&gt;&lt;/a&gt; in your browser.&lt;/p&gt;
&lt;p&gt;You can now see both the environment variables of your container under Radius Connections as well as interact with the &lt;code&gt;Todo App&lt;/code&gt; and add/remove items in it as wanted:&lt;/p&gt;
&lt;/li&gt;
&lt;li&gt;
&lt;p&gt;List your Kubernetes Pods to see the infrastructure containers deployed by the Recipe:&lt;/p&gt;
&lt;div class=&#34;highlight&#34;&gt;&lt;pre tabindex=&#34;0&#34; style=&#34;color:#f8f8f2;background-color:#272822;-moz-tab-size:4;-o-tab-size:4;tab-size:4;&#34;&gt;&lt;code class=&#34;language-bash&#34; data-lang=&#34;bash&#34;&gt;&lt;span style=&#34;display:flex;&#34;&gt;&lt;span&gt;kubectl get pods -n default-local-dev-app
&lt;/span&gt;&lt;/span&gt;&lt;/code&gt;&lt;/pre&gt;&lt;/div&gt;&lt;p&gt;You will see your &amp;lsquo;frontend&amp;rsquo; container, along with the Redis cache that was automatically created by the default local-dev Recipe:&lt;/p&gt;
&lt;pre tabindex=&#34;0&#34;&gt;&lt;code&gt;NAME                                   READY   STATUS    RESTARTS   AGE
frontend-6d447f5994-pnmzv              1/1     Running   0          13m
redis-ymbjcqyjzwkpg-66fdbf8bb6-brb6q   2/2     Running   0          13m
&lt;/code&gt;&lt;/pre&gt;&lt;/li&gt;
&lt;/ol&gt;

      </description>
    </item>
    
    <item>
      <title>Guides: How-To: Author a Radius Recipe</title>
      <link>https://docs.radapp.io/guides/recipes/howto-author-recipes/</link>
      <pubDate>Mon, 01 Jan 0001 00:00:00 +0000</pubDate>
      
      <guid>https://docs.radapp.io/guides/recipes/howto-author-recipes/</guid>
      <description>
        
        
        &lt;h3 id=&#34;prerequisites&#34;&gt;Prerequisites&lt;/h3&gt;
&lt;p&gt;Before you get started, you&amp;rsquo;ll need to make sure you have the following tools and resources:&lt;/p&gt;
&lt;ul&gt;
&lt;li&gt;&lt;a href=&#34;https://docs.radapp.io/installation/#step-1-install-the-rad-cli&#34;&gt;rad CLI&lt;/a&gt;&lt;/li&gt;
&lt;li&gt;&lt;a href=&#34;https://docs.radapp.io/installation/#step-2-install-the-vs-code-extension&#34;&gt;Radius Bicep VSCode extension&lt;/a&gt;&lt;/li&gt;
&lt;li&gt;&lt;a href=&#34;https://docs.radapp.io/installation/#step-3-initialize-radius&#34;&gt;Radius environment&lt;/a&gt;&lt;/li&gt;
&lt;li&gt;&lt;a href=&#34;https://kubernetes.io/docs/tasks/tools/install-kubectl/&#34;&gt;kubectl&lt;/a&gt;&lt;/li&gt;
&lt;/ul&gt;
&lt;h3 id=&#34;step-1-author-a-recipe-template&#34;&gt;Step 1: Author a Recipe template&lt;/h3&gt;
&lt;p&gt;Begin by creating your Bicep or Terraform template. Ensure that the resource name(s) are &lt;strong&gt;unique&lt;/strong&gt; and &lt;strong&gt;repeatable&lt;/strong&gt;, so they don&amp;rsquo;t overlap when used by multiple applications.&lt;/p&gt;
&lt;blockquote&gt;
&lt;p&gt;To make naming easy, a &lt;a href=&#34;https://docs.radapp.io/reference/context-schema/&#34;&gt;&lt;code&gt;context&lt;/code&gt; parameter&lt;/a&gt; is automatically injected into your template. It contains metadata about the backing app/environment which you can use to generate unique and repeatable names.&lt;/p&gt;
&lt;/blockquote&gt;
&lt;ul class=&#34;nav nav-tabs&#34; id=&#34;tabs-4&#34; role=&#34;tablist&#34;&gt;&lt;li class=&#34;nav-item&#34;&gt;&lt;a class=&#34;nav-link active&#34;
    id=&#34;tabs-4-bicep-tab&#34; data-toggle=&#34;tab&#34; href=&#34;#tabs-4-bicep&#34; role=&#34;tab&#34;
    aria-controls=&#34;tabs-4-bicep&#34; aria-selected=&#34;true&#34;&gt;
    Bicep
  &lt;/a&gt;
  &lt;/li&gt;&lt;li class=&#34;nav-item&#34;&gt;&lt;a class=&#34;nav-link&#34;
    id=&#34;tabs-4-terraform-tab&#34; data-toggle=&#34;tab&#34; href=&#34;#tabs-4-terraform&#34; role=&#34;tab&#34;
    aria-controls=&#34;tabs-4-terraform&#34; aria-selected=&#34;false&#34;&gt;
    Terraform
  &lt;/a&gt;
  &lt;/li&gt;&lt;/ul&gt;


&lt;div class=&#34;tab-content&#34; id=&#34;tabs-4-content&#34;&gt;


&lt;div class=&#34;tab-pane fade show active&#34; id=&#34;tabs-4-bicep&#34; role=&#34;tabpanel&#34; aria-labelled-by=&#34;tabs-4-bicep-tab&#34;&gt;
&lt;br /&gt;&lt;p&gt;Create &lt;code&gt;app.bicep&lt;/code&gt; and use the &lt;code&gt;context&lt;/code&gt; parameter for naming and namespace configuration:&lt;/p&gt;
&lt;div class=&#34;highlight&#34;&gt;&lt;pre tabindex=&#34;0&#34; style=&#34;color:#f8f8f2;background-color:#272822;-moz-tab-size:4;-o-tab-size:4;tab-size:4;&#34;&gt;&lt;code class=&#34;language-bicep&#34; data-lang=&#34;bicep&#34;&gt;&lt;span style=&#34;display:flex;&#34;&gt;&lt;span&gt;@&lt;span style=&#34;color:#a6e22e&#34;&gt;description&lt;/span&gt;(&lt;span style=&#34;color:#e6db74&#34;&gt;&amp;#39;Radius-provided object containing information about the resource calling the Recipe&amp;#39;&lt;/span&gt;)
&lt;/span&gt;&lt;/span&gt;&lt;span style=&#34;display:flex;&#34;&gt;&lt;span&gt;&lt;span style=&#34;color:#66d9ef&#34;&gt;param&lt;/span&gt; context &lt;span style=&#34;color:#66d9ef&#34;&gt;object&lt;/span&gt;
&lt;/span&gt;&lt;/span&gt;&lt;span style=&#34;display:flex;&#34;&gt;&lt;span&gt;
&lt;/span&gt;&lt;/span&gt;&lt;span style=&#34;display:flex;&#34;&gt;&lt;span&gt;&lt;span style=&#34;color:#75715e&#34;&gt;// Import Kubernetes resources into Bicep&lt;/span&gt;
&lt;/span&gt;&lt;/span&gt;&lt;span style=&#34;display:flex;&#34;&gt;&lt;span&gt;import kubernetes as kubernetes {
&lt;/span&gt;&lt;/span&gt;&lt;span style=&#34;display:flex;&#34;&gt;&lt;span&gt;  kubeConfig: &lt;span style=&#34;color:#e6db74&#34;&gt;&amp;#39;&amp;#39;&lt;/span&gt;
&lt;/span&gt;&lt;/span&gt;&lt;span style=&#34;display:flex;&#34;&gt;&lt;span&gt;  namespace: context.runtime.kubernetes.namespace
&lt;/span&gt;&lt;/span&gt;&lt;span style=&#34;display:flex;&#34;&gt;&lt;span&gt;}
&lt;/span&gt;&lt;/span&gt;&lt;span style=&#34;display:flex;&#34;&gt;&lt;span&gt;
&lt;/span&gt;&lt;/span&gt;&lt;span style=&#34;display:flex;&#34;&gt;&lt;span&gt;&lt;span style=&#34;color:#66d9ef&#34;&gt;resource&lt;/span&gt; redis &lt;span style=&#34;color:#e6db74&#34;&gt;&amp;#39;apps/Deployment@v1&amp;#39;&lt;/span&gt; = {
&lt;/span&gt;&lt;/span&gt;&lt;span style=&#34;display:flex;&#34;&gt;&lt;span&gt;  metadata: {
&lt;/span&gt;&lt;/span&gt;&lt;span style=&#34;display:flex;&#34;&gt;&lt;span&gt;    &lt;span style=&#34;color:#75715e&#34;&gt;// Ensure the resource name is unique and repeatable&lt;/span&gt;
&lt;/span&gt;&lt;/span&gt;&lt;span style=&#34;display:flex;&#34;&gt;&lt;span&gt;    name: &lt;span style=&#34;color:#e6db74&#34;&gt;&amp;#39;redis-${uniqueString(context.resource.id)}&amp;#39;&lt;/span&gt;
&lt;/span&gt;&lt;/span&gt;&lt;span style=&#34;display:flex;&#34;&gt;&lt;span&gt;  }
&lt;/span&gt;&lt;/span&gt;&lt;span style=&#34;display:flex;&#34;&gt;&lt;span&gt;  spec: {
&lt;/span&gt;&lt;/span&gt;&lt;span style=&#34;display:flex;&#34;&gt;&lt;span&gt;    selector: {
&lt;/span&gt;&lt;/span&gt;&lt;span style=&#34;display:flex;&#34;&gt;&lt;span&gt;      matchLabels: {
&lt;/span&gt;&lt;/span&gt;&lt;span style=&#34;display:flex;&#34;&gt;&lt;span&gt;        app: &lt;span style=&#34;color:#e6db74&#34;&gt;&amp;#39;redis&amp;#39;&lt;/span&gt;
&lt;/span&gt;&lt;/span&gt;&lt;span style=&#34;display:flex;&#34;&gt;&lt;span&gt;        resource: context.&lt;span style=&#34;color:#66d9ef&#34;&gt;resource&lt;/span&gt;.name
&lt;/span&gt;&lt;/span&gt;&lt;span style=&#34;display:flex;&#34;&gt;&lt;span&gt;      }
&lt;/span&gt;&lt;/span&gt;&lt;span style=&#34;display:flex;&#34;&gt;&lt;span&gt;    }
&lt;/span&gt;&lt;/span&gt;&lt;span style=&#34;display:flex;&#34;&gt;&lt;span&gt;    template: {
&lt;/span&gt;&lt;/span&gt;&lt;span style=&#34;display:flex;&#34;&gt;&lt;span&gt;      metadata: {
&lt;/span&gt;&lt;/span&gt;&lt;span style=&#34;display:flex;&#34;&gt;&lt;span&gt;        labels: {
&lt;/span&gt;&lt;/span&gt;&lt;span style=&#34;display:flex;&#34;&gt;&lt;span&gt;          app: &lt;span style=&#34;color:#e6db74&#34;&gt;&amp;#39;redis&amp;#39;&lt;/span&gt;
&lt;/span&gt;&lt;/span&gt;&lt;span style=&#34;display:flex;&#34;&gt;&lt;span&gt;          resource: context.&lt;span style=&#34;color:#66d9ef&#34;&gt;resource&lt;/span&gt;.name
&lt;/span&gt;&lt;/span&gt;&lt;span style=&#34;display:flex;&#34;&gt;&lt;span&gt;        }
&lt;/span&gt;&lt;/span&gt;&lt;span style=&#34;display:flex;&#34;&gt;&lt;span&gt;      }
&lt;/span&gt;&lt;/span&gt;&lt;span style=&#34;display:flex;&#34;&gt;&lt;span&gt;      spec: {
&lt;/span&gt;&lt;/span&gt;&lt;span style=&#34;display:flex;&#34;&gt;&lt;span&gt;        containers: [
&lt;/span&gt;&lt;/span&gt;&lt;span style=&#34;display:flex;&#34;&gt;&lt;span&gt;          {
&lt;/span&gt;&lt;/span&gt;&lt;span style=&#34;display:flex;&#34;&gt;&lt;span&gt;            name: &lt;span style=&#34;color:#e6db74&#34;&gt;&amp;#39;redis&amp;#39;&lt;/span&gt;
&lt;/span&gt;&lt;/span&gt;&lt;span style=&#34;display:flex;&#34;&gt;&lt;span&gt;            image: &amp;#39;redis:6&lt;span style=&#34;color:#960050;background-color:#1e0010&#34;&gt;&amp;#39;&lt;/span&gt;
&lt;/span&gt;&lt;/span&gt;&lt;span style=&#34;display:flex;&#34;&gt;&lt;span&gt;            ports: [
&lt;/span&gt;&lt;/span&gt;&lt;span style=&#34;display:flex;&#34;&gt;&lt;span&gt;              {
&lt;/span&gt;&lt;/span&gt;&lt;span style=&#34;display:flex;&#34;&gt;&lt;span&gt;                containerPort: 6379
&lt;/span&gt;&lt;/span&gt;&lt;span style=&#34;display:flex;&#34;&gt;&lt;span&gt;              }
&lt;/span&gt;&lt;/span&gt;&lt;span style=&#34;display:flex;&#34;&gt;&lt;span&gt;            ]
&lt;/span&gt;&lt;/span&gt;&lt;span style=&#34;display:flex;&#34;&gt;&lt;span&gt;
&lt;/span&gt;&lt;/span&gt;&lt;span style=&#34;display:flex;&#34;&gt;&lt;span&gt;          }
&lt;/span&gt;&lt;/span&gt;&lt;span style=&#34;display:flex;&#34;&gt;&lt;span&gt;        ]
&lt;/span&gt;&lt;/span&gt;&lt;span style=&#34;display:flex;&#34;&gt;&lt;span&gt;      }
&lt;/span&gt;&lt;/span&gt;&lt;span style=&#34;display:flex;&#34;&gt;&lt;span&gt;    }
&lt;/span&gt;&lt;/span&gt;&lt;span style=&#34;display:flex;&#34;&gt;&lt;span&gt;  }
&lt;/span&gt;&lt;/span&gt;&lt;span style=&#34;display:flex;&#34;&gt;&lt;span&gt;}
&lt;/span&gt;&lt;/span&gt;&lt;span style=&#34;display:flex;&#34;&gt;&lt;span&gt;
&lt;/span&gt;&lt;/span&gt;&lt;span style=&#34;display:flex;&#34;&gt;&lt;span&gt;&lt;span style=&#34;color:#66d9ef&#34;&gt;resource&lt;/span&gt; svc &lt;span style=&#34;color:#e6db74&#34;&gt;&amp;#39;core/Service@v1&amp;#39;&lt;/span&gt; = {
&lt;/span&gt;&lt;/span&gt;&lt;span style=&#34;display:flex;&#34;&gt;&lt;span&gt;  metadata: {
&lt;/span&gt;&lt;/span&gt;&lt;span style=&#34;display:flex;&#34;&gt;&lt;span&gt;    name: &lt;span style=&#34;color:#e6db74&#34;&gt;&amp;#39;redis-${uniqueString(context.resource.id)}&amp;#39;&lt;/span&gt;
&lt;/span&gt;&lt;/span&gt;&lt;span style=&#34;display:flex;&#34;&gt;&lt;span&gt;  }
&lt;/span&gt;&lt;/span&gt;&lt;span style=&#34;display:flex;&#34;&gt;&lt;span&gt;  spec: {
&lt;/span&gt;&lt;/span&gt;&lt;span style=&#34;display:flex;&#34;&gt;&lt;span&gt;    type: &lt;span style=&#34;color:#e6db74&#34;&gt;&amp;#39;ClusterIP&amp;#39;&lt;/span&gt;
&lt;/span&gt;&lt;/span&gt;&lt;span style=&#34;display:flex;&#34;&gt;&lt;span&gt;    selector: {
&lt;/span&gt;&lt;/span&gt;&lt;span style=&#34;display:flex;&#34;&gt;&lt;span&gt;      app: &lt;span style=&#34;color:#e6db74&#34;&gt;&amp;#39;redis&amp;#39;&lt;/span&gt;
&lt;/span&gt;&lt;/span&gt;&lt;span style=&#34;display:flex;&#34;&gt;&lt;span&gt;      resource: context.&lt;span style=&#34;color:#66d9ef&#34;&gt;resource&lt;/span&gt;.name
&lt;/span&gt;&lt;/span&gt;&lt;span style=&#34;display:flex;&#34;&gt;&lt;span&gt;    }
&lt;/span&gt;&lt;/span&gt;&lt;span style=&#34;display:flex;&#34;&gt;&lt;span&gt;    ports: [
&lt;/span&gt;&lt;/span&gt;&lt;span style=&#34;display:flex;&#34;&gt;&lt;span&gt;      {
&lt;/span&gt;&lt;/span&gt;&lt;span style=&#34;display:flex;&#34;&gt;&lt;span&gt;        port: port
&lt;/span&gt;&lt;/span&gt;&lt;span style=&#34;display:flex;&#34;&gt;&lt;span&gt;        targetPort: &lt;span style=&#34;color:#e6db74&#34;&gt;&amp;#39;6379&amp;#39;&lt;/span&gt;
&lt;/span&gt;&lt;/span&gt;&lt;span style=&#34;display:flex;&#34;&gt;&lt;span&gt;      }
&lt;/span&gt;&lt;/span&gt;&lt;span style=&#34;display:flex;&#34;&gt;&lt;span&gt;    ]
&lt;/span&gt;&lt;/span&gt;&lt;span style=&#34;display:flex;&#34;&gt;&lt;span&gt;  }
&lt;/span&gt;&lt;/span&gt;&lt;span style=&#34;display:flex;&#34;&gt;&lt;span&gt;}
&lt;/span&gt;&lt;/span&gt;&lt;/code&gt;&lt;/pre&gt;&lt;/div&gt;
&lt;/div&gt;

&lt;div class=&#34;tab-pane fade&#34; id=&#34;tabs-4-terraform&#34; role=&#34;tabpanel&#34; aria-labelled-by=&#34;tabs-4-terraform-tab&#34;&gt;
&lt;br /&gt;&lt;p&gt;Add the &lt;code&gt;context&lt;/code&gt; parameter to your &lt;code&gt;variable.tf&lt;/code&gt; file:&lt;/p&gt;
&lt;div class=&#34;highlight&#34;&gt;&lt;pre tabindex=&#34;0&#34; style=&#34;color:#f8f8f2;background-color:#272822;-moz-tab-size:4;-o-tab-size:4;tab-size:4;&#34;&gt;&lt;code class=&#34;language-terraform&#34; data-lang=&#34;terraform&#34;&gt;&lt;span style=&#34;display:flex;&#34;&gt;&lt;span&gt;&lt;span style=&#34;color:#66d9ef&#34;&gt;variable&lt;/span&gt; &lt;span style=&#34;color:#e6db74&#34;&gt;&amp;#34;context&amp;#34;&lt;/span&gt; {
&lt;/span&gt;&lt;/span&gt;&lt;span style=&#34;display:flex;&#34;&gt;&lt;span&gt;  &lt;span style=&#34;color:#a6e22e&#34;&gt;description&lt;/span&gt; = &lt;span style=&#34;color:#e6db74&#34;&gt;&amp;#34;Radius-provided object containing information about the resource calling the Recipe.&amp;#34;&lt;/span&gt;
&lt;/span&gt;&lt;/span&gt;&lt;span style=&#34;display:flex;&#34;&gt;&lt;span&gt;  &lt;span style=&#34;color:#a6e22e&#34;&gt;type&lt;/span&gt; = &lt;span style=&#34;color:#a6e22e&#34;&gt;any&lt;/span&gt;
&lt;/span&gt;&lt;/span&gt;&lt;span style=&#34;display:flex;&#34;&gt;&lt;span&gt;}
&lt;/span&gt;&lt;/span&gt;&lt;/code&gt;&lt;/pre&gt;&lt;/div&gt;
&lt;p&gt;Update &lt;code&gt;main.tf&lt;/code&gt; to use &lt;code&gt;context&lt;/code&gt; for naming and namespace configuration:&lt;/p&gt;
&lt;div class=&#34;highlight&#34;&gt;&lt;pre tabindex=&#34;0&#34; style=&#34;color:#f8f8f2;background-color:#272822;-moz-tab-size:4;-o-tab-size:4;tab-size:4;&#34;&gt;&lt;code class=&#34;language-terraform&#34; data-lang=&#34;terraform&#34;&gt;&lt;span style=&#34;display:flex;&#34;&gt;&lt;span&gt;&lt;span style=&#34;color:#66d9ef&#34;&gt;resource&lt;/span&gt; &lt;span style=&#34;color:#e6db74&#34;&gt;&amp;#34;kubernetes_deployment&amp;#34;&lt;/span&gt; &lt;span style=&#34;color:#e6db74&#34;&gt;&amp;#34;redis&amp;#34;&lt;/span&gt; {
&lt;/span&gt;&lt;/span&gt;&lt;span style=&#34;display:flex;&#34;&gt;&lt;span&gt;  &lt;span style=&#34;color:#a6e22e&#34;&gt;metadata&lt;/span&gt; {
&lt;/span&gt;&lt;/span&gt;&lt;span style=&#34;display:flex;&#34;&gt;&lt;span&gt;    &lt;span style=&#34;color:#a6e22e&#34;&gt;name&lt;/span&gt; = &lt;span style=&#34;color:#e6db74&#34;&gt;&amp;#34;redis-&lt;/span&gt;&lt;span style=&#34;color:#e6db74&#34;&gt;${&lt;/span&gt;sha512(var.&lt;span style=&#34;color:#a6e22e&#34;&gt;context&lt;/span&gt;.&lt;span style=&#34;color:#a6e22e&#34;&gt;resource&lt;/span&gt;.&lt;span style=&#34;color:#a6e22e&#34;&gt;id&lt;/span&gt;)&lt;span style=&#34;color:#e6db74&#34;&gt;}&lt;/span&gt;&lt;span style=&#34;color:#e6db74&#34;&gt;&amp;#34;&lt;/span&gt;
&lt;/span&gt;&lt;/span&gt;&lt;span style=&#34;display:flex;&#34;&gt;&lt;span&gt;    &lt;span style=&#34;color:#a6e22e&#34;&gt;namespace&lt;/span&gt; = var.&lt;span style=&#34;color:#a6e22e&#34;&gt;context&lt;/span&gt;.&lt;span style=&#34;color:#a6e22e&#34;&gt;runtime&lt;/span&gt;.&lt;span style=&#34;color:#a6e22e&#34;&gt;kubernetes&lt;/span&gt;.&lt;span style=&#34;color:#a6e22e&#34;&gt;namespace&lt;/span&gt;
&lt;/span&gt;&lt;/span&gt;&lt;span style=&#34;display:flex;&#34;&gt;&lt;span&gt;    &lt;span style=&#34;color:#a6e22e&#34;&gt;labels&lt;/span&gt; = {
&lt;/span&gt;&lt;/span&gt;&lt;span style=&#34;display:flex;&#34;&gt;&lt;span&gt;      &lt;span style=&#34;color:#a6e22e&#34;&gt;app&lt;/span&gt; = &lt;span style=&#34;color:#e6db74&#34;&gt;&amp;#34;redis&amp;#34;&lt;/span&gt;
&lt;/span&gt;&lt;/span&gt;&lt;span style=&#34;display:flex;&#34;&gt;&lt;span&gt;    }
&lt;/span&gt;&lt;/span&gt;&lt;span style=&#34;display:flex;&#34;&gt;&lt;span&gt;  }
&lt;/span&gt;&lt;/span&gt;&lt;span style=&#34;display:flex;&#34;&gt;&lt;span&gt;  &lt;span style=&#34;color:#a6e22e&#34;&gt;spec&lt;/span&gt; {
&lt;/span&gt;&lt;/span&gt;&lt;span style=&#34;display:flex;&#34;&gt;&lt;span&gt;    &lt;span style=&#34;color:#a6e22e&#34;&gt;selector&lt;/span&gt; {
&lt;/span&gt;&lt;/span&gt;&lt;span style=&#34;display:flex;&#34;&gt;&lt;span&gt;      &lt;span style=&#34;color:#a6e22e&#34;&gt;match_labels&lt;/span&gt; = {
&lt;/span&gt;&lt;/span&gt;&lt;span style=&#34;display:flex;&#34;&gt;&lt;span&gt;        &lt;span style=&#34;color:#a6e22e&#34;&gt;app&lt;/span&gt; = &lt;span style=&#34;color:#e6db74&#34;&gt;&amp;#34;redis&amp;#34;&lt;/span&gt;
&lt;/span&gt;&lt;/span&gt;&lt;span style=&#34;display:flex;&#34;&gt;&lt;span&gt;&lt;span style=&#34;color:#66d9ef&#34;&gt;        resource&lt;/span&gt; &lt;span style=&#34;color:#f92672&#34;&gt;=&lt;/span&gt; var.&lt;span style=&#34;color:#a6e22e&#34;&gt;context&lt;/span&gt;.&lt;span style=&#34;color:#a6e22e&#34;&gt;resource&lt;/span&gt;.&lt;span style=&#34;color:#a6e22e&#34;&gt;name&lt;/span&gt;
&lt;/span&gt;&lt;/span&gt;&lt;span style=&#34;display:flex;&#34;&gt;&lt;span&gt;      }
&lt;/span&gt;&lt;/span&gt;&lt;span style=&#34;display:flex;&#34;&gt;&lt;span&gt;    }
&lt;/span&gt;&lt;/span&gt;&lt;span style=&#34;display:flex;&#34;&gt;&lt;span&gt;    &lt;span style=&#34;color:#a6e22e&#34;&gt;template&lt;/span&gt; {
&lt;/span&gt;&lt;/span&gt;&lt;span style=&#34;display:flex;&#34;&gt;&lt;span&gt;      &lt;span style=&#34;color:#a6e22e&#34;&gt;metadata&lt;/span&gt; {
&lt;/span&gt;&lt;/span&gt;&lt;span style=&#34;display:flex;&#34;&gt;&lt;span&gt;        &lt;span style=&#34;color:#a6e22e&#34;&gt;labels&lt;/span&gt; = {
&lt;/span&gt;&lt;/span&gt;&lt;span style=&#34;display:flex;&#34;&gt;&lt;span&gt;          &lt;span style=&#34;color:#a6e22e&#34;&gt;app&lt;/span&gt; = &lt;span style=&#34;color:#e6db74&#34;&gt;&amp;#34;redis&amp;#34;&lt;/span&gt;
&lt;/span&gt;&lt;/span&gt;&lt;span style=&#34;display:flex;&#34;&gt;&lt;span&gt;&lt;span style=&#34;color:#66d9ef&#34;&gt;          resource&lt;/span&gt; &lt;span style=&#34;color:#f92672&#34;&gt;=&lt;/span&gt; var.&lt;span style=&#34;color:#a6e22e&#34;&gt;context&lt;/span&gt;.&lt;span style=&#34;color:#a6e22e&#34;&gt;resource&lt;/span&gt;.&lt;span style=&#34;color:#a6e22e&#34;&gt;name&lt;/span&gt;
&lt;/span&gt;&lt;/span&gt;&lt;span style=&#34;display:flex;&#34;&gt;&lt;span&gt;        }
&lt;/span&gt;&lt;/span&gt;&lt;span style=&#34;display:flex;&#34;&gt;&lt;span&gt;      }
&lt;/span&gt;&lt;/span&gt;&lt;span style=&#34;display:flex;&#34;&gt;&lt;span&gt;      &lt;span style=&#34;color:#a6e22e&#34;&gt;spec&lt;/span&gt; {
&lt;/span&gt;&lt;/span&gt;&lt;span style=&#34;display:flex;&#34;&gt;&lt;span&gt;        &lt;span style=&#34;color:#a6e22e&#34;&gt;container&lt;/span&gt; {
&lt;/span&gt;&lt;/span&gt;&lt;span style=&#34;display:flex;&#34;&gt;&lt;span&gt;          &lt;span style=&#34;color:#a6e22e&#34;&gt;name&lt;/span&gt;  = &lt;span style=&#34;color:#e6db74&#34;&gt;&amp;#34;redis&amp;#34;&lt;/span&gt;
&lt;/span&gt;&lt;/span&gt;&lt;span style=&#34;display:flex;&#34;&gt;&lt;span&gt;          &lt;span style=&#34;color:#a6e22e&#34;&gt;image&lt;/span&gt; = &lt;span style=&#34;color:#e6db74&#34;&gt;&amp;#34;redis:6&amp;#34;&lt;/span&gt; 
&lt;/span&gt;&lt;/span&gt;&lt;span style=&#34;display:flex;&#34;&gt;&lt;span&gt;          &lt;span style=&#34;color:#a6e22e&#34;&gt;port&lt;/span&gt; {
&lt;/span&gt;&lt;/span&gt;&lt;span style=&#34;display:flex;&#34;&gt;&lt;span&gt;            &lt;span style=&#34;color:#a6e22e&#34;&gt;container_port&lt;/span&gt; = &lt;span style=&#34;color:#ae81ff&#34;&gt;6379&lt;/span&gt;
&lt;/span&gt;&lt;/span&gt;&lt;span style=&#34;display:flex;&#34;&gt;&lt;span&gt;          }
&lt;/span&gt;&lt;/span&gt;&lt;span style=&#34;display:flex;&#34;&gt;&lt;span&gt;        }
&lt;/span&gt;&lt;/span&gt;&lt;span style=&#34;display:flex;&#34;&gt;&lt;span&gt;      }
&lt;/span&gt;&lt;/span&gt;&lt;span style=&#34;display:flex;&#34;&gt;&lt;span&gt;    }
&lt;/span&gt;&lt;/span&gt;&lt;span style=&#34;display:flex;&#34;&gt;&lt;span&gt;  }
&lt;/span&gt;&lt;/span&gt;&lt;span style=&#34;display:flex;&#34;&gt;&lt;span&gt;}
&lt;/span&gt;&lt;/span&gt;&lt;span style=&#34;display:flex;&#34;&gt;&lt;span&gt;&lt;span style=&#34;color:#66d9ef&#34;&gt;
&lt;/span&gt;&lt;/span&gt;&lt;/span&gt;&lt;span style=&#34;display:flex;&#34;&gt;&lt;span&gt;&lt;span style=&#34;color:#66d9ef&#34;&gt;resource&lt;/span&gt; &lt;span style=&#34;color:#e6db74&#34;&gt;&amp;#34;kubernetes_service&amp;#34;&lt;/span&gt; &lt;span style=&#34;color:#e6db74&#34;&gt;&amp;#34;redis&amp;#34;&lt;/span&gt; {
&lt;/span&gt;&lt;/span&gt;&lt;span style=&#34;display:flex;&#34;&gt;&lt;span&gt;  &lt;span style=&#34;color:#a6e22e&#34;&gt;metadata&lt;/span&gt; {
&lt;/span&gt;&lt;/span&gt;&lt;span style=&#34;display:flex;&#34;&gt;&lt;span&gt;    &lt;span style=&#34;color:#a6e22e&#34;&gt;name&lt;/span&gt; = &lt;span style=&#34;color:#e6db74&#34;&gt;&amp;#34;redis-&lt;/span&gt;&lt;span style=&#34;color:#e6db74&#34;&gt;${&lt;/span&gt;sha512(var.&lt;span style=&#34;color:#a6e22e&#34;&gt;context&lt;/span&gt;.&lt;span style=&#34;color:#a6e22e&#34;&gt;resource&lt;/span&gt;.&lt;span style=&#34;color:#a6e22e&#34;&gt;id&lt;/span&gt;)&lt;span style=&#34;color:#e6db74&#34;&gt;}&lt;/span&gt;&lt;span style=&#34;color:#e6db74&#34;&gt;&amp;#34;&lt;/span&gt;
&lt;/span&gt;&lt;/span&gt;&lt;span style=&#34;display:flex;&#34;&gt;&lt;span&gt;    &lt;span style=&#34;color:#a6e22e&#34;&gt;namespace&lt;/span&gt; = var.&lt;span style=&#34;color:#a6e22e&#34;&gt;context&lt;/span&gt;.&lt;span style=&#34;color:#a6e22e&#34;&gt;runtime&lt;/span&gt;.&lt;span style=&#34;color:#a6e22e&#34;&gt;kubernetes&lt;/span&gt;.&lt;span style=&#34;color:#a6e22e&#34;&gt;namespace&lt;/span&gt;
&lt;/span&gt;&lt;/span&gt;&lt;span style=&#34;display:flex;&#34;&gt;&lt;span&gt;  }
&lt;/span&gt;&lt;/span&gt;&lt;span style=&#34;display:flex;&#34;&gt;&lt;span&gt;  &lt;span style=&#34;color:#a6e22e&#34;&gt;spec&lt;/span&gt; {
&lt;/span&gt;&lt;/span&gt;&lt;span style=&#34;display:flex;&#34;&gt;&lt;span&gt;    &lt;span style=&#34;color:#a6e22e&#34;&gt;type&lt;/span&gt; = &lt;span style=&#34;color:#e6db74&#34;&gt;&amp;#34;ClusterIP&amp;#34;&lt;/span&gt;
&lt;/span&gt;&lt;/span&gt;&lt;span style=&#34;display:flex;&#34;&gt;&lt;span&gt;    &lt;span style=&#34;color:#a6e22e&#34;&gt;selector&lt;/span&gt; = {
&lt;/span&gt;&lt;/span&gt;&lt;span style=&#34;display:flex;&#34;&gt;&lt;span&gt;      &lt;span style=&#34;color:#a6e22e&#34;&gt;app&lt;/span&gt; = &lt;span style=&#34;color:#e6db74&#34;&gt;&amp;#34;redis&amp;#34;&lt;/span&gt;
&lt;/span&gt;&lt;/span&gt;&lt;span style=&#34;display:flex;&#34;&gt;&lt;span&gt;&lt;span style=&#34;color:#66d9ef&#34;&gt;      resource&lt;/span&gt; &lt;span style=&#34;color:#f92672&#34;&gt;=&lt;/span&gt; var.&lt;span style=&#34;color:#a6e22e&#34;&gt;context&lt;/span&gt;.&lt;span style=&#34;color:#a6e22e&#34;&gt;resource&lt;/span&gt;.&lt;span style=&#34;color:#a6e22e&#34;&gt;name&lt;/span&gt;
&lt;/span&gt;&lt;/span&gt;&lt;span style=&#34;display:flex;&#34;&gt;&lt;span&gt;    }
&lt;/span&gt;&lt;/span&gt;&lt;span style=&#34;display:flex;&#34;&gt;&lt;span&gt;    &lt;span style=&#34;color:#a6e22e&#34;&gt;port&lt;/span&gt; {
&lt;/span&gt;&lt;/span&gt;&lt;span style=&#34;display:flex;&#34;&gt;&lt;span&gt;      &lt;span style=&#34;color:#a6e22e&#34;&gt;port&lt;/span&gt;        = var.&lt;span style=&#34;color:#a6e22e&#34;&gt;port&lt;/span&gt;
&lt;/span&gt;&lt;/span&gt;&lt;span style=&#34;display:flex;&#34;&gt;&lt;span&gt;      &lt;span style=&#34;color:#a6e22e&#34;&gt;target_port&lt;/span&gt; = &lt;span style=&#34;color:#e6db74&#34;&gt;&amp;#34;6379&amp;#34;&lt;/span&gt;
&lt;/span&gt;&lt;/span&gt;&lt;span style=&#34;display:flex;&#34;&gt;&lt;span&gt;    }
&lt;/span&gt;&lt;/span&gt;&lt;span style=&#34;display:flex;&#34;&gt;&lt;span&gt;  }
&lt;/span&gt;&lt;/span&gt;&lt;span style=&#34;display:flex;&#34;&gt;&lt;span&gt;}
&lt;/span&gt;&lt;/span&gt;&lt;/code&gt;&lt;/pre&gt;&lt;/div&gt;
&lt;/div&gt;


&lt;/div&gt;
&lt;h3 id=&#34;step-2-add-parametersvariables-for-recipe-customization-optional&#34;&gt;Step 2: Add parameters/variables for Recipe customization (optional)&lt;/h3&gt;
&lt;p&gt;You can optionally add parameters/variables to your Recipe to allow developers and/or operators to customize the Recipe for an application/environment. Parameters can be set both when a Recipe is added to an environment by an operator, or by a developer when the Recipe is called.&lt;/p&gt;
&lt;ul class=&#34;nav nav-tabs&#34; id=&#34;tabs-5&#34; role=&#34;tablist&#34;&gt;&lt;li class=&#34;nav-item&#34;&gt;&lt;a class=&#34;nav-link active&#34;
    id=&#34;tabs-5-bicep-tab&#34; data-toggle=&#34;tab&#34; href=&#34;#tabs-5-bicep&#34; role=&#34;tab&#34;
    aria-controls=&#34;tabs-5-bicep&#34; aria-selected=&#34;true&#34;&gt;
    Bicep
  &lt;/a&gt;
  &lt;/li&gt;&lt;li class=&#34;nav-item&#34;&gt;&lt;a class=&#34;nav-link&#34;
    id=&#34;tabs-5-terraform-tab&#34; data-toggle=&#34;tab&#34; href=&#34;#tabs-5-terraform&#34; role=&#34;tab&#34;
    aria-controls=&#34;tabs-5-terraform&#34; aria-selected=&#34;false&#34;&gt;
    Terraform
  &lt;/a&gt;
  &lt;/li&gt;&lt;/ul&gt;


&lt;div class=&#34;tab-content&#34; id=&#34;tabs-5-content&#34;&gt;


&lt;div class=&#34;tab-pane fade show active&#34; id=&#34;tabs-5-bicep&#34; role=&#34;tabpanel&#34; aria-labelled-by=&#34;tabs-5-bicep-tab&#34;&gt;
&lt;br /&gt;&lt;p&gt;You can create any &lt;a href=&#34;https://learn.microsoft.com/azure/azure-resource-manager/bicep/parameters&#34;&gt;parameter type supported by Bicep&lt;/a&gt;:&lt;/p&gt;
&lt;div class=&#34;highlight&#34;&gt;&lt;pre tabindex=&#34;0&#34; style=&#34;color:#f8f8f2;background-color:#272822;-moz-tab-size:4;-o-tab-size:4;tab-size:4;&#34;&gt;&lt;code class=&#34;language-bicep&#34; data-lang=&#34;bicep&#34;&gt;&lt;span style=&#34;display:flex;&#34;&gt;&lt;span&gt;@&lt;span style=&#34;color:#a6e22e&#34;&gt;description&lt;/span&gt;(&lt;span style=&#34;color:#e6db74&#34;&gt;&amp;#39;The port Redis is offered on. Defaults to 6379.&amp;#39;&lt;/span&gt;)
&lt;/span&gt;&lt;/span&gt;&lt;span style=&#34;display:flex;&#34;&gt;&lt;span&gt;&lt;span style=&#34;color:#66d9ef&#34;&gt;param&lt;/span&gt; port &lt;span style=&#34;color:#a6e22e&#34;&gt;int&lt;/span&gt; = 6379
&lt;/span&gt;&lt;/span&gt;&lt;/code&gt;&lt;/pre&gt;&lt;/div&gt;
&lt;/div&gt;

&lt;div class=&#34;tab-pane fade&#34; id=&#34;tabs-5-terraform&#34; role=&#34;tabpanel&#34; aria-labelled-by=&#34;tabs-5-terraform-tab&#34;&gt;
&lt;br /&gt;&lt;p&gt;You can create any &lt;a href=&#34;https://developer.hashicorp.com/terraform/language/values/variables&#34;&gt;variable type supported by Terraform&lt;/a&gt;:&lt;/p&gt;
&lt;div class=&#34;highlight&#34;&gt;&lt;pre tabindex=&#34;0&#34; style=&#34;color:#f8f8f2;background-color:#272822;-moz-tab-size:4;-o-tab-size:4;tab-size:4;&#34;&gt;&lt;code class=&#34;language-terraform&#34; data-lang=&#34;terraform&#34;&gt;&lt;span style=&#34;display:flex;&#34;&gt;&lt;span&gt;&lt;span style=&#34;color:#66d9ef&#34;&gt;variable&lt;/span&gt; &lt;span style=&#34;color:#e6db74&#34;&gt;&amp;#34;port&amp;#34;&lt;/span&gt; {
&lt;/span&gt;&lt;/span&gt;&lt;span style=&#34;display:flex;&#34;&gt;&lt;span&gt;  &lt;span style=&#34;color:#a6e22e&#34;&gt;description&lt;/span&gt; = &lt;span style=&#34;color:#e6db74&#34;&gt;&amp;#34;The port Redis is offered on. Defaults to 6379.&amp;#34;&lt;/span&gt;
&lt;/span&gt;&lt;/span&gt;&lt;span style=&#34;display:flex;&#34;&gt;&lt;span&gt;  &lt;span style=&#34;color:#a6e22e&#34;&gt;type&lt;/span&gt; = &lt;span style=&#34;color:#a6e22e&#34;&gt;number&lt;/span&gt;
&lt;/span&gt;&lt;/span&gt;&lt;span style=&#34;display:flex;&#34;&gt;&lt;span&gt;  &lt;span style=&#34;color:#a6e22e&#34;&gt;default&lt;/span&gt; = &lt;span style=&#34;color:#ae81ff&#34;&gt;6379&lt;/span&gt;
&lt;/span&gt;&lt;/span&gt;&lt;span style=&#34;display:flex;&#34;&gt;&lt;span&gt;}
&lt;/span&gt;&lt;/span&gt;&lt;/code&gt;&lt;/pre&gt;&lt;/div&gt;
&lt;/div&gt;


&lt;/div&gt;
&lt;h3 id=&#34;step-3-output-the-result&#34;&gt;Step 3: Output the result&lt;/h3&gt;
&lt;p&gt;Once you have defined your IaC template you will need to output a &lt;code&gt;result&lt;/code&gt; object with the values, secrets, and resources that the target resource requires. This is how Radius &amp;ldquo;wires up&amp;rdquo; the Recipe.&lt;/p&gt;
&lt;p&gt;The &lt;code&gt;result&lt;/code&gt; object must include:&lt;/p&gt;
&lt;ul&gt;
&lt;li&gt;&lt;strong&gt;&lt;code&gt;values&lt;/code&gt;&lt;/strong&gt;: The fields that the target resource requires. (&lt;em&gt;username, host, port, etc.&lt;/em&gt;)&lt;/li&gt;
&lt;li&gt;&lt;strong&gt;&lt;code&gt;secrets&lt;/code&gt;&lt;/strong&gt;: The fields that the target resource requires, but should be treated as secrets. (&lt;em&gt;password, connectionString, etc.&lt;/em&gt;)&lt;/li&gt;
&lt;li&gt;&lt;strong&gt;&lt;code&gt;resources&lt;/code&gt;&lt;/strong&gt;: The &lt;a href=&#34;https://docs.radapp.io/concepts/api-concept/#resource-ids&#34;&gt;UCP ID(s)&lt;/a&gt; of the resources providing the backing service. Used by UCP to track dependencies and manage deletion.&lt;/li&gt;
&lt;/ul&gt;
&lt;ul class=&#34;nav nav-tabs&#34; id=&#34;tabs-7&#34; role=&#34;tablist&#34;&gt;&lt;li class=&#34;nav-item&#34;&gt;&lt;a class=&#34;nav-link active&#34;
    id=&#34;tabs-7-bicep-tab&#34; data-toggle=&#34;tab&#34; href=&#34;#tabs-7-bicep&#34; role=&#34;tab&#34;
    aria-controls=&#34;tabs-7-bicep&#34; aria-selected=&#34;true&#34;&gt;
    Bicep
  &lt;/a&gt;
  &lt;/li&gt;&lt;li class=&#34;nav-item&#34;&gt;&lt;a class=&#34;nav-link&#34;
    id=&#34;tabs-7-terraform-tab&#34; data-toggle=&#34;tab&#34; href=&#34;#tabs-7-terraform&#34; role=&#34;tab&#34;
    aria-controls=&#34;tabs-7-terraform&#34; aria-selected=&#34;false&#34;&gt;
    Terraform
  &lt;/a&gt;
  &lt;/li&gt;&lt;/ul&gt;


&lt;div class=&#34;tab-content&#34; id=&#34;tabs-7-content&#34;&gt;


&lt;div class=&#34;tab-pane fade show active&#34; id=&#34;tabs-7-bicep&#34; role=&#34;tabpanel&#34; aria-labelled-by=&#34;tabs-7-bicep-tab&#34;&gt;
&lt;br /&gt;&lt;p&gt;Resources are populated automatically for Bicep Recipes for any new Azure or AWS resource (&lt;a href=&#34;https://docs.radapp.io/reference/faq/#why-do-i-need-to-manually-output-a-kubernetes-ucp-id-as-part-of-my-bicep-recipe&#34;&gt;&lt;em&gt;Kubernetes coming soon&lt;/em&gt;&lt;/a&gt;). For now, make sure to include the UCP ID of any Kubernetes resources your Recipe creates.&lt;/p&gt;
&lt;div class=&#34;highlight&#34;&gt;&lt;pre tabindex=&#34;0&#34; style=&#34;color:#f8f8f2;background-color:#272822;-moz-tab-size:4;-o-tab-size:4;tab-size:4;&#34;&gt;&lt;code class=&#34;language-bicep&#34; data-lang=&#34;bicep&#34;&gt;&lt;span style=&#34;display:flex;&#34;&gt;&lt;span&gt;@&lt;span style=&#34;color:#a6e22e&#34;&gt;description&lt;/span&gt;(&lt;span style=&#34;color:#e6db74&#34;&gt;&amp;#39;The result of the Recipe. Must match the target resource\&amp;#39;&lt;/span&gt;s schema.&lt;span style=&#34;color:#960050;background-color:#1e0010&#34;&gt;&amp;#39;&lt;/span&gt;)
&lt;/span&gt;&lt;/span&gt;&lt;span style=&#34;display:flex;&#34;&gt;&lt;span&gt;&lt;span style=&#34;color:#66d9ef&#34;&gt;output&lt;/span&gt; result &lt;span style=&#34;color:#66d9ef&#34;&gt;object&lt;/span&gt; = {
&lt;/span&gt;&lt;/span&gt;&lt;span style=&#34;display:flex;&#34;&gt;&lt;span&gt;  values: {
&lt;/span&gt;&lt;/span&gt;&lt;span style=&#34;display:flex;&#34;&gt;&lt;span&gt;    host: &lt;span style=&#34;color:#e6db74&#34;&gt;&amp;#39;${svc.metadata.name}.${svc.metadata.namespace}.svc.cluster.local&amp;#39;&lt;/span&gt;
&lt;/span&gt;&lt;/span&gt;&lt;span style=&#34;display:flex;&#34;&gt;&lt;span&gt;    port: svc.spec.ports[0].port 
&lt;/span&gt;&lt;/span&gt;&lt;span style=&#34;display:flex;&#34;&gt;&lt;span&gt;    username: &lt;span style=&#34;color:#e6db74&#34;&gt;&amp;#39;&amp;#39;&lt;/span&gt;
&lt;/span&gt;&lt;/span&gt;&lt;span style=&#34;display:flex;&#34;&gt;&lt;span&gt;  }
&lt;/span&gt;&lt;/span&gt;&lt;span style=&#34;display:flex;&#34;&gt;&lt;span&gt;  secrets: {
&lt;/span&gt;&lt;/span&gt;&lt;span style=&#34;display:flex;&#34;&gt;&lt;span&gt;    &lt;span style=&#34;color:#75715e&#34;&gt;// Temporarily disable linter until secret outputs are added&lt;/span&gt;
&lt;/span&gt;&lt;/span&gt;&lt;span style=&#34;display:flex;&#34;&gt;&lt;span&gt;    &lt;span style=&#34;color:#960050;background-color:#1e0010&#34;&gt;#&lt;/span&gt;disable-next-line outputs-should-not-contain-secrets
&lt;/span&gt;&lt;/span&gt;&lt;span style=&#34;display:flex;&#34;&gt;&lt;span&gt;    password: &lt;span style=&#34;color:#e6db74&#34;&gt;&amp;#39;&amp;#39;&lt;/span&gt;
&lt;/span&gt;&lt;/span&gt;&lt;span style=&#34;display:flex;&#34;&gt;&lt;span&gt;  }
&lt;/span&gt;&lt;/span&gt;&lt;span style=&#34;display:flex;&#34;&gt;&lt;span&gt;  &lt;span style=&#34;color:#75715e&#34;&gt;// UCP IDs for the above Kubernetes resources&lt;/span&gt;
&lt;/span&gt;&lt;/span&gt;&lt;span style=&#34;display:flex;&#34;&gt;&lt;span&gt;  resources: [
&lt;/span&gt;&lt;/span&gt;&lt;span style=&#34;display:flex;&#34;&gt;&lt;span&gt;    &lt;span style=&#34;color:#e6db74&#34;&gt;&amp;#39;/planes/kubernetes/local/namespaces/${svc.metadata.namespace}/providers/core/Service/${svc.metadata.name}&amp;#39;&lt;/span&gt;
&lt;/span&gt;&lt;/span&gt;&lt;span style=&#34;display:flex;&#34;&gt;&lt;span&gt;    &lt;span style=&#34;color:#e6db74&#34;&gt;&amp;#39;/planes/kubernetes/local/namespaces/${redis.metadata.namespace}/providers/apps/Deployment/${redis.metadata.name}&amp;#39;&lt;/span&gt;
&lt;/span&gt;&lt;/span&gt;&lt;span style=&#34;display:flex;&#34;&gt;&lt;span&gt;  ]
&lt;/span&gt;&lt;/span&gt;&lt;span style=&#34;display:flex;&#34;&gt;&lt;span&gt;}
&lt;/span&gt;&lt;/span&gt;&lt;/code&gt;&lt;/pre&gt;&lt;/div&gt;
&lt;/div&gt;

&lt;div class=&#34;tab-pane fade&#34; id=&#34;tabs-7-terraform&#34; role=&#34;tabpanel&#34; aria-labelled-by=&#34;tabs-7-terraform-tab&#34;&gt;
&lt;br /&gt;&lt;div class=&#34;highlight&#34;&gt;&lt;pre tabindex=&#34;0&#34; style=&#34;color:#f8f8f2;background-color:#272822;-moz-tab-size:4;-o-tab-size:4;tab-size:4;&#34;&gt;&lt;code class=&#34;language-terraform&#34; data-lang=&#34;terraform&#34;&gt;&lt;span style=&#34;display:flex;&#34;&gt;&lt;span&gt;&lt;span style=&#34;color:#66d9ef&#34;&gt;output&lt;/span&gt; &lt;span style=&#34;color:#e6db74&#34;&gt;&amp;#34;result&amp;#34;&lt;/span&gt; {
&lt;/span&gt;&lt;/span&gt;&lt;span style=&#34;display:flex;&#34;&gt;&lt;span&gt;  &lt;span style=&#34;color:#a6e22e&#34;&gt;value&lt;/span&gt; = {
&lt;/span&gt;&lt;/span&gt;&lt;span style=&#34;display:flex;&#34;&gt;&lt;span&gt;    &lt;span style=&#34;color:#a6e22e&#34;&gt;values&lt;/span&gt; = {
&lt;/span&gt;&lt;/span&gt;&lt;span style=&#34;display:flex;&#34;&gt;&lt;span&gt;      &lt;span style=&#34;color:#a6e22e&#34;&gt;host&lt;/span&gt; = &lt;span style=&#34;color:#e6db74&#34;&gt;&amp;#34;&lt;/span&gt;&lt;span style=&#34;color:#e6db74&#34;&gt;${&lt;/span&gt;&lt;span style=&#34;color:#a6e22e&#34;&gt;kubernetes_service&lt;/span&gt;.&lt;span style=&#34;color:#a6e22e&#34;&gt;metadata&lt;/span&gt;.&lt;span style=&#34;color:#a6e22e&#34;&gt;name&lt;/span&gt;&lt;span style=&#34;color:#e6db74&#34;&gt;}&lt;/span&gt;&lt;span style=&#34;color:#e6db74&#34;&gt;.&lt;/span&gt;&lt;span style=&#34;color:#e6db74&#34;&gt;${&lt;/span&gt;&lt;span style=&#34;color:#a6e22e&#34;&gt;kubernetes_service&lt;/span&gt;.&lt;span style=&#34;color:#a6e22e&#34;&gt;metadata&lt;/span&gt;.&lt;span style=&#34;color:#a6e22e&#34;&gt;namespace&lt;/span&gt;&lt;span style=&#34;color:#e6db74&#34;&gt;}&lt;/span&gt;&lt;span style=&#34;color:#e6db74&#34;&gt;.svc.cluster.local&amp;#34;&lt;/span&gt;
&lt;/span&gt;&lt;/span&gt;&lt;span style=&#34;display:flex;&#34;&gt;&lt;span&gt;      &lt;span style=&#34;color:#a6e22e&#34;&gt;port&lt;/span&gt; = &lt;span style=&#34;color:#a6e22e&#34;&gt;kubernetes_service&lt;/span&gt;.&lt;span style=&#34;color:#a6e22e&#34;&gt;spec&lt;/span&gt;.&lt;span style=&#34;color:#a6e22e&#34;&gt;port&lt;/span&gt;[&lt;span style=&#34;color:#ae81ff&#34;&gt;0&lt;/span&gt;].&lt;span style=&#34;color:#a6e22e&#34;&gt;port&lt;/span&gt;
&lt;/span&gt;&lt;/span&gt;&lt;span style=&#34;display:flex;&#34;&gt;&lt;span&gt;      &lt;span style=&#34;color:#a6e22e&#34;&gt;username&lt;/span&gt; = &lt;span style=&#34;color:#e6db74&#34;&gt;&amp;#34;&amp;#34;&lt;/span&gt;
&lt;/span&gt;&lt;/span&gt;&lt;span style=&#34;display:flex;&#34;&gt;&lt;span&gt;    }
&lt;/span&gt;&lt;/span&gt;&lt;span style=&#34;display:flex;&#34;&gt;&lt;span&gt;    &lt;span style=&#34;color:#a6e22e&#34;&gt;secrets&lt;/span&gt; = {
&lt;/span&gt;&lt;/span&gt;&lt;span style=&#34;display:flex;&#34;&gt;&lt;span&gt;      &lt;span style=&#34;color:#a6e22e&#34;&gt;password&lt;/span&gt; = &lt;span style=&#34;color:#e6db74&#34;&gt;&amp;#34;&amp;#34;&lt;/span&gt;
&lt;/span&gt;&lt;/span&gt;&lt;span style=&#34;display:flex;&#34;&gt;&lt;span&gt;    }&lt;span style=&#34;color:#75715e&#34;&gt;
&lt;/span&gt;&lt;/span&gt;&lt;/span&gt;&lt;span style=&#34;display:flex;&#34;&gt;&lt;span&gt;&lt;span style=&#34;color:#75715e&#34;&gt;    // UCP resource IDs
&lt;/span&gt;&lt;/span&gt;&lt;/span&gt;&lt;span style=&#34;display:flex;&#34;&gt;&lt;span&gt;&lt;span style=&#34;color:#75715e&#34;&gt;&lt;/span&gt;    &lt;span style=&#34;color:#a6e22e&#34;&gt;resources&lt;/span&gt; = [
&lt;/span&gt;&lt;/span&gt;&lt;span style=&#34;display:flex;&#34;&gt;&lt;span&gt;        &lt;span style=&#34;color:#e6db74&#34;&gt;&amp;#34;/planes/kubernetes/local/namespaces/&lt;/span&gt;&lt;span style=&#34;color:#e6db74&#34;&gt;${&lt;/span&gt;&lt;span style=&#34;color:#a6e22e&#34;&gt;kubernetes_service&lt;/span&gt;.&lt;span style=&#34;color:#a6e22e&#34;&gt;metadata&lt;/span&gt;.&lt;span style=&#34;color:#a6e22e&#34;&gt;namespace&lt;/span&gt;&lt;span style=&#34;color:#e6db74&#34;&gt;}&lt;/span&gt;&lt;span style=&#34;color:#e6db74&#34;&gt;/providers/core/Service/&lt;/span&gt;&lt;span style=&#34;color:#e6db74&#34;&gt;${&lt;/span&gt;&lt;span style=&#34;color:#a6e22e&#34;&gt;kubernetes_service&lt;/span&gt;.&lt;span style=&#34;color:#a6e22e&#34;&gt;metadata&lt;/span&gt;.&lt;span style=&#34;color:#a6e22e&#34;&gt;name&lt;/span&gt;&lt;span style=&#34;color:#e6db74&#34;&gt;}&lt;/span&gt;&lt;span style=&#34;color:#e6db74&#34;&gt;&amp;#34;&lt;/span&gt;,
&lt;/span&gt;&lt;/span&gt;&lt;span style=&#34;display:flex;&#34;&gt;&lt;span&gt;        &lt;span style=&#34;color:#e6db74&#34;&gt;&amp;#34;/planes/kubernetes/local/namespaces/&lt;/span&gt;&lt;span style=&#34;color:#e6db74&#34;&gt;${&lt;/span&gt;&lt;span style=&#34;color:#a6e22e&#34;&gt;kubernetes_deployment&lt;/span&gt;.&lt;span style=&#34;color:#a6e22e&#34;&gt;metadata&lt;/span&gt;.&lt;span style=&#34;color:#a6e22e&#34;&gt;namespace&lt;/span&gt;&lt;span style=&#34;color:#e6db74&#34;&gt;}&lt;/span&gt;&lt;span style=&#34;color:#e6db74&#34;&gt;/providers/apps/Deployment/&lt;/span&gt;&lt;span style=&#34;color:#e6db74&#34;&gt;${&lt;/span&gt;&lt;span style=&#34;color:#a6e22e&#34;&gt;kubernetes_deployment&lt;/span&gt;.&lt;span style=&#34;color:#a6e22e&#34;&gt;metadata&lt;/span&gt;.&lt;span style=&#34;color:#a6e22e&#34;&gt;name&lt;/span&gt;&lt;span style=&#34;color:#e6db74&#34;&gt;}&lt;/span&gt;&lt;span style=&#34;color:#e6db74&#34;&gt;&amp;#34;&lt;/span&gt;
&lt;/span&gt;&lt;/span&gt;&lt;span style=&#34;display:flex;&#34;&gt;&lt;span&gt;    ]
&lt;/span&gt;&lt;/span&gt;&lt;span style=&#34;display:flex;&#34;&gt;&lt;span&gt;  }
&lt;/span&gt;&lt;/span&gt;&lt;span style=&#34;display:flex;&#34;&gt;&lt;span&gt;  &lt;span style=&#34;color:#a6e22e&#34;&gt;description&lt;/span&gt; = &lt;span style=&#34;color:#e6db74&#34;&gt;&amp;#34;The result of the Recipe. Must match the target resource&amp;#39;s schema.&amp;#34;&lt;/span&gt;
&lt;/span&gt;&lt;/span&gt;&lt;span style=&#34;display:flex;&#34;&gt;&lt;span&gt;  &lt;span style=&#34;color:#a6e22e&#34;&gt;sensitive&lt;/span&gt; = &lt;span style=&#34;color:#66d9ef&#34;&gt;true&lt;/span&gt;
&lt;/span&gt;&lt;/span&gt;&lt;span style=&#34;display:flex;&#34;&gt;&lt;span&gt;}
&lt;/span&gt;&lt;/span&gt;&lt;/code&gt;&lt;/pre&gt;&lt;/div&gt;
&lt;/div&gt;


&lt;/div&gt;
&lt;h3 id=&#34;step-4-store-your-template&#34;&gt;Step 4: Store your template&lt;/h3&gt;
&lt;ul class=&#34;nav nav-tabs&#34; id=&#34;tabs-8&#34; role=&#34;tablist&#34;&gt;&lt;li class=&#34;nav-item&#34;&gt;&lt;a class=&#34;nav-link active&#34;
    id=&#34;tabs-8-bicep-tab&#34; data-toggle=&#34;tab&#34; href=&#34;#tabs-8-bicep&#34; role=&#34;tab&#34;
    aria-controls=&#34;tabs-8-bicep&#34; aria-selected=&#34;true&#34;&gt;
    Bicep
  &lt;/a&gt;
  &lt;/li&gt;&lt;li class=&#34;nav-item&#34;&gt;&lt;a class=&#34;nav-link&#34;
    id=&#34;tabs-8-terraform-tab&#34; data-toggle=&#34;tab&#34; href=&#34;#tabs-8-terraform&#34; role=&#34;tab&#34;
    aria-controls=&#34;tabs-8-terraform&#34; aria-selected=&#34;false&#34;&gt;
    Terraform
  &lt;/a&gt;
  &lt;/li&gt;&lt;/ul&gt;


&lt;div class=&#34;tab-content&#34; id=&#34;tabs-8-content&#34;&gt;


&lt;div class=&#34;tab-pane fade show active&#34; id=&#34;tabs-8-bicep&#34; role=&#34;tabpanel&#34; aria-labelled-by=&#34;tabs-8-bicep-tab&#34;&gt;
&lt;br /&gt;&lt;p&gt;Recipes leverage &lt;a href=&#34;https://learn.microsoft.com/azure/azure-resource-manager/bicep/private-module-registry&#34;&gt;Bicep registries&lt;/a&gt; for template storage. Once you&amp;rsquo;ve authored a Recipe, you can publish it to your preferred OCI-compliant registry with &lt;a href=&#34;https://docs.radapp.io/reference/cli/rad_bicep_publish/&#34;&gt;&lt;code&gt;rad bicep publish&lt;/code&gt;&lt;/a&gt;:&lt;/p&gt;
&lt;div class=&#34;highlight&#34;&gt;&lt;pre tabindex=&#34;0&#34; style=&#34;color:#f8f8f2;background-color:#272822;-moz-tab-size:4;-o-tab-size:4;tab-size:4;&#34;&gt;&lt;code class=&#34;language-bash&#34; data-lang=&#34;bash&#34;&gt;&lt;span style=&#34;display:flex;&#34;&gt;&lt;span&gt;rad bicep publish --file myrecipe.bicep --target br:myregistry.azurecr.io/recipes/myrecipe:1.1.0
&lt;/span&gt;&lt;/span&gt;&lt;/code&gt;&lt;/pre&gt;&lt;/div&gt;&lt;/div&gt;

&lt;div class=&#34;tab-pane fade&#34; id=&#34;tabs-8-terraform&#34; role=&#34;tabpanel&#34; aria-labelled-by=&#34;tabs-8-terraform-tab&#34;&gt;
&lt;br /&gt;&lt;p&gt;Follow the &lt;a href=&#34;https://developer.hashicorp.com/terraform/registry/modules/publish&#34;&gt;Terraform module publishing docs&lt;/a&gt; to setup and publish a Terraform module to a Terraform registry.&lt;/p&gt;
&lt;/div&gt;


&lt;/div&gt;
&lt;h3 id=&#34;step-5-register-your-recipe-with-your-environment&#34;&gt;Step 5: Register your Recipe with your environment&lt;/h3&gt;
&lt;p&gt;Now that your Recipe template has been stored, you can add it your Radius Environment to be used by developers. This allows you to mix-and-match templates for each of your environments such as dev, canary, and prod.&lt;/p&gt;
&lt;ul class=&#34;nav nav-tabs&#34; id=&#34;tabs-9&#34; role=&#34;tablist&#34;&gt;&lt;li class=&#34;nav-item&#34;&gt;&lt;a class=&#34;nav-link active&#34;
    id=&#34;tabs-9-rad-cli---bicep-tab&#34; data-toggle=&#34;tab&#34; href=&#34;#tabs-9-rad-cli---bicep&#34; role=&#34;tab&#34;
    aria-controls=&#34;tabs-9-rad-cli---bicep&#34; aria-selected=&#34;true&#34;&gt;
    rad CLI - Bicep
  &lt;/a&gt;
  &lt;/li&gt;&lt;li class=&#34;nav-item&#34;&gt;&lt;a class=&#34;nav-link&#34;
    id=&#34;tabs-9-rad-cli---terraform-tab&#34; data-toggle=&#34;tab&#34; href=&#34;#tabs-9-rad-cli---terraform&#34; role=&#34;tab&#34;
    aria-controls=&#34;tabs-9-rad-cli---terraform&#34; aria-selected=&#34;false&#34;&gt;
    rad CLI - Terraform
  &lt;/a&gt;
  &lt;/li&gt;&lt;li class=&#34;nav-item&#34;&gt;&lt;a class=&#34;nav-link&#34;
    id=&#34;tabs-9-bicep-environment-tab&#34; data-toggle=&#34;tab&#34; href=&#34;#tabs-9-bicep-environment&#34; role=&#34;tab&#34;
    aria-controls=&#34;tabs-9-bicep-environment&#34; aria-selected=&#34;false&#34;&gt;
    Bicep environment
  &lt;/a&gt;
  &lt;/li&gt;&lt;/ul&gt;


&lt;div class=&#34;tab-content&#34; id=&#34;tabs-9-content&#34;&gt;


&lt;div class=&#34;tab-pane fade show active&#34; id=&#34;tabs-9-rad-cli---bicep&#34; role=&#34;tabpanel&#34; aria-labelled-by=&#34;tabs-9-rad-cli---bicep-tab&#34;&gt;
&lt;br /&gt;&lt;div class=&#34;highlight&#34;&gt;&lt;pre tabindex=&#34;0&#34; style=&#34;color:#f8f8f2;background-color:#272822;-moz-tab-size:4;-o-tab-size:4;tab-size:4;&#34;&gt;&lt;code class=&#34;language-bash&#34; data-lang=&#34;bash&#34;&gt;&lt;span style=&#34;display:flex;&#34;&gt;&lt;span&gt;rad recipe register myrecipe --environment myenv --resource-type Applications.Datastores/redisCaches --template-kind bicep --template-path myregistry.azurecr.io/recipes/myrecipe:1.1.0
&lt;/span&gt;&lt;/span&gt;&lt;/code&gt;&lt;/pre&gt;&lt;/div&gt;&lt;/div&gt;

&lt;div class=&#34;tab-pane fade&#34; id=&#34;tabs-9-rad-cli---terraform&#34; role=&#34;tabpanel&#34; aria-labelled-by=&#34;tabs-9-rad-cli---terraform-tab&#34;&gt;
&lt;br /&gt;&lt;p&gt;The template path value should represent the source path found in your Terraform module registry.&lt;/p&gt;
&lt;div class=&#34;highlight&#34;&gt;&lt;pre tabindex=&#34;0&#34; style=&#34;color:#f8f8f2;background-color:#272822;-moz-tab-size:4;-o-tab-size:4;tab-size:4;&#34;&gt;&lt;code class=&#34;language-bash&#34; data-lang=&#34;bash&#34;&gt;&lt;span style=&#34;display:flex;&#34;&gt;&lt;span&gt;rad recipe register myrecipe --environment myenv --resource-type Applications.Datastores/redisCaches --template-kind terraform --template-path user/recipes/myrecipe --template-version &lt;span style=&#34;color:#e6db74&#34;&gt;&amp;#34;1.1.0&amp;#34;&lt;/span&gt;
&lt;/span&gt;&lt;/span&gt;&lt;/code&gt;&lt;/pre&gt;&lt;/div&gt;&lt;/div&gt;

&lt;div class=&#34;tab-pane fade&#34; id=&#34;tabs-9-bicep-environment&#34; role=&#34;tabpanel&#34; aria-labelled-by=&#34;tabs-9-bicep-environment-tab&#34;&gt;
&lt;br /&gt;&lt;div class=&#34;highlight&#34;&gt;&lt;pre tabindex=&#34;0&#34; style=&#34;color:#f8f8f2;background-color:#272822;-moz-tab-size:4;-o-tab-size:4;tab-size:4;&#34;&gt;&lt;code class=&#34;language-bicep&#34; data-lang=&#34;bicep&#34;&gt;&lt;span style=&#34;display:flex;&#34;&gt;&lt;span&gt;import radius as radius
&lt;/span&gt;&lt;/span&gt;&lt;span style=&#34;display:flex;&#34;&gt;&lt;span&gt;
&lt;/span&gt;&lt;/span&gt;&lt;span style=&#34;display:flex;&#34;&gt;&lt;span&gt;&lt;span style=&#34;color:#66d9ef&#34;&gt;resource&lt;/span&gt; env &lt;span style=&#34;color:#e6db74&#34;&gt;&amp;#39;Applications.Core/environments@2023-10-01-preview&amp;#39;&lt;/span&gt; = {
&lt;/span&gt;&lt;/span&gt;&lt;span style=&#34;display:flex;&#34;&gt;&lt;span&gt;  name: &lt;span style=&#34;color:#e6db74&#34;&gt;&amp;#39;prod&amp;#39;&lt;/span&gt;
&lt;/span&gt;&lt;/span&gt;&lt;span style=&#34;display:flex;&#34;&gt;&lt;span&gt;  properties: {
&lt;/span&gt;&lt;/span&gt;&lt;span style=&#34;display:flex;&#34;&gt;&lt;span&gt;    compute: {
&lt;/span&gt;&lt;/span&gt;&lt;span style=&#34;display:flex;&#34;&gt;&lt;span&gt;      kind: &lt;span style=&#34;color:#e6db74&#34;&gt;&amp;#39;kubernetes&amp;#39;&lt;/span&gt;
&lt;/span&gt;&lt;/span&gt;&lt;span style=&#34;display:flex;&#34;&gt;&lt;span&gt;      resourceId: &lt;span style=&#34;color:#e6db74&#34;&gt;&amp;#39;self&amp;#39;&lt;/span&gt;
&lt;/span&gt;&lt;/span&gt;&lt;span style=&#34;display:flex;&#34;&gt;&lt;span&gt;      namespace: &lt;span style=&#34;color:#e6db74&#34;&gt;&amp;#39;default&amp;#39;&lt;/span&gt;
&lt;/span&gt;&lt;/span&gt;&lt;span style=&#34;display:flex;&#34;&gt;&lt;span&gt;    }
&lt;/span&gt;&lt;/span&gt;&lt;span style=&#34;display:flex;&#34;&gt;&lt;span&gt;    recipes: {
&lt;/span&gt;&lt;/span&gt;&lt;span style=&#34;display:flex;&#34;&gt;&lt;span&gt;      &lt;span style=&#34;color:#e6db74&#34;&gt;&amp;#39;Applications.Datastores/redisCaches&amp;#39;&lt;/span&gt;:{
&lt;/span&gt;&lt;/span&gt;&lt;span style=&#34;display:flex;&#34;&gt;&lt;span&gt;        &lt;span style=&#34;color:#e6db74&#34;&gt;&amp;#39;redis-bicep&amp;#39;&lt;/span&gt;: {
&lt;/span&gt;&lt;/span&gt;&lt;span style=&#34;display:flex;&#34;&gt;&lt;span&gt;          templateKind: &lt;span style=&#34;color:#e6db74&#34;&gt;&amp;#39;bicep&amp;#39;&lt;/span&gt;
&lt;/span&gt;&lt;/span&gt;&lt;span style=&#34;display:flex;&#34;&gt;&lt;span&gt;          templatePath: &amp;#39;https:&lt;span style=&#34;color:#75715e&#34;&gt;//myregistry.azurecr.io/recipes/myrecipe:1.1.0&amp;#39;&lt;/span&gt;
&lt;/span&gt;&lt;/span&gt;&lt;span style=&#34;display:flex;&#34;&gt;&lt;span&gt;          &lt;span style=&#34;color:#75715e&#34;&gt;// Optionally set parameters for all resources calling this Recipe&lt;/span&gt;
&lt;/span&gt;&lt;/span&gt;&lt;span style=&#34;display:flex;&#34;&gt;&lt;span&gt;          parameters: {
&lt;/span&gt;&lt;/span&gt;&lt;span style=&#34;display:flex;&#34;&gt;&lt;span&gt;            port: 3000
&lt;/span&gt;&lt;/span&gt;&lt;span style=&#34;display:flex;&#34;&gt;&lt;span&gt;          }
&lt;/span&gt;&lt;/span&gt;&lt;span style=&#34;display:flex;&#34;&gt;&lt;span&gt;        }
&lt;/span&gt;&lt;/span&gt;&lt;span style=&#34;display:flex;&#34;&gt;&lt;span&gt;        &lt;span style=&#34;color:#e6db74&#34;&gt;&amp;#39;redis-terraform&amp;#39;&lt;/span&gt;: {
&lt;/span&gt;&lt;/span&gt;&lt;span style=&#34;display:flex;&#34;&gt;&lt;span&gt;          templateKind: &lt;span style=&#34;color:#e6db74&#34;&gt;&amp;#39;terraform&amp;#39;&lt;/span&gt;
&lt;/span&gt;&lt;/span&gt;&lt;span style=&#34;display:flex;&#34;&gt;&lt;span&gt;          templatePath: &lt;span style=&#34;color:#e6db74&#34;&gt;&amp;#39;user/recipes/myrecipe&amp;#39;&lt;/span&gt;
&lt;/span&gt;&lt;/span&gt;&lt;span style=&#34;display:flex;&#34;&gt;&lt;span&gt;          templateVersion: &lt;span style=&#34;color:#e6db74&#34;&gt;&amp;#39;1.1.0&amp;#39;&lt;/span&gt;
&lt;/span&gt;&lt;/span&gt;&lt;span style=&#34;display:flex;&#34;&gt;&lt;span&gt;          &lt;span style=&#34;color:#75715e&#34;&gt;// Optionally set parameters for all resources calling this Recipe&lt;/span&gt;
&lt;/span&gt;&lt;/span&gt;&lt;span style=&#34;display:flex;&#34;&gt;&lt;span&gt;          parameters: {
&lt;/span&gt;&lt;/span&gt;&lt;span style=&#34;display:flex;&#34;&gt;&lt;span&gt;            port: 3000
&lt;/span&gt;&lt;/span&gt;&lt;span style=&#34;display:flex;&#34;&gt;&lt;span&gt;          }
&lt;/span&gt;&lt;/span&gt;&lt;span style=&#34;display:flex;&#34;&gt;&lt;span&gt;        }
&lt;/span&gt;&lt;/span&gt;&lt;span style=&#34;display:flex;&#34;&gt;&lt;span&gt;      }
&lt;/span&gt;&lt;/span&gt;&lt;span style=&#34;display:flex;&#34;&gt;&lt;span&gt;    }
&lt;/span&gt;&lt;/span&gt;&lt;span style=&#34;display:flex;&#34;&gt;&lt;span&gt;  }
&lt;/span&gt;&lt;/span&gt;&lt;span style=&#34;display:flex;&#34;&gt;&lt;span&gt;}
&lt;/span&gt;&lt;/span&gt;&lt;/code&gt;&lt;/pre&gt;&lt;/div&gt;
&lt;/div&gt;


&lt;/div&gt;
&lt;h3 id=&#34;done&#34;&gt;Done&lt;/h3&gt;
&lt;p&gt;You can now use your custom Recipe with its accompanying resource. Visit the &lt;a href=&#34;https://docs.radapp.io/guides/recipes/overview/&#34;&gt;Recipe developer guide&lt;/a&gt; for more information.&lt;/p&gt;
&lt;h2 id=&#34;further-reading&#34;&gt;Further reading&lt;/h2&gt;
&lt;ul&gt;
&lt;li&gt;&lt;a href=&#34;https://docs.radapp.io/guides/recipes/overview/&#34;&gt;Recipes overview&lt;/a&gt;&lt;/li&gt;
&lt;li&gt;&lt;a href=&#34;https://docs.radapp.io/reference/cli/rad_recipe/&#34;&gt;&lt;code&gt;rad recipe CLI reference&lt;/code&gt;&lt;/a&gt;&lt;/li&gt;
&lt;/ul&gt;

      </description>
    </item>
    
  </channel>
</rss>
