<rss version="2.0" xmlns:atom="http://www.w3.org/2005/Atom">
  <channel>
    <title>Radius Docs – Authoring applications</title>
    <link>https://docs.radapp.io/guides/author-apps/</link>
    <description>Recent content in Authoring applications on Radius Docs</description>
    <generator>Hugo -- gohugo.io</generator>
    <language>en-us</language>
    
	  <atom:link href="https://docs.radapp.io/guides/author-apps/index.xml" rel="self" type="application/rss+xml" />
    
    
      
        
      
    
    
    <item>
      <title>Guides: Radius Applications</title>
      <link>https://docs.radapp.io/guides/author-apps/application/</link>
      <pubDate>Mon, 01 Jan 0001 00:00:00 +0000</pubDate>
      
      <guid>https://docs.radapp.io/guides/author-apps/application/</guid>
      <description>
        
        
        
      </description>
    </item>
    
    <item>
      <title>Guides: Radius containers</title>
      <link>https://docs.radapp.io/guides/author-apps/containers/</link>
      <pubDate>Mon, 01 Jan 0001 00:00:00 +0000</pubDate>
      
      <guid>https://docs.radapp.io/guides/author-apps/containers/</guid>
      <description>
        
        
        
      </description>
    </item>
    
    <item>
      <title>Guides: Application networking</title>
      <link>https://docs.radapp.io/guides/author-apps/networking/</link>
      <pubDate>Mon, 01 Jan 0001 00:00:00 +0000</pubDate>
      
      <guid>https://docs.radapp.io/guides/author-apps/networking/</guid>
      <description>
        
        
        
      </description>
    </item>
    
    <item>
      <title>Guides: Radius portable resources</title>
      <link>https://docs.radapp.io/guides/author-apps/portable-resources/</link>
      <pubDate>Mon, 01 Jan 0001 00:00:00 +0000</pubDate>
      
      <guid>https://docs.radapp.io/guides/author-apps/portable-resources/</guid>
      <description>
        
        
        
      </description>
    </item>
    
    <item>
      <title>Guides: Dapr building blocks</title>
      <link>https://docs.radapp.io/guides/author-apps/dapr/</link>
      <pubDate>Mon, 01 Jan 0001 00:00:00 +0000</pubDate>
      
      <guid>https://docs.radapp.io/guides/author-apps/dapr/</guid>
      <description>
        
        
        
      </description>
    </item>
    
    <item>
      <title>Guides: Secrets management</title>
      <link>https://docs.radapp.io/guides/author-apps/secrets/</link>
      <pubDate>Mon, 01 Jan 0001 00:00:00 +0000</pubDate>
      
      <guid>https://docs.radapp.io/guides/author-apps/secrets/</guid>
      <description>
        
        
        
      </description>
    </item>
    
    <item>
      <title>Guides: Kubernetes resources</title>
      <link>https://docs.radapp.io/guides/author-apps/kubernetes/</link>
      <pubDate>Mon, 01 Jan 0001 00:00:00 +0000</pubDate>
      
      <guid>https://docs.radapp.io/guides/author-apps/kubernetes/</guid>
      <description>
        
        
        
      </description>
    </item>
    
    <item>
      <title>Guides: AWS resources</title>
      <link>https://docs.radapp.io/guides/author-apps/aws/</link>
      <pubDate>Mon, 01 Jan 0001 00:00:00 +0000</pubDate>
      
      <guid>https://docs.radapp.io/guides/author-apps/aws/</guid>
      <description>
        
        
        
      </description>
    </item>
    
    <item>
      <title>Guides: Microsoft Azure resources</title>
      <link>https://docs.radapp.io/guides/author-apps/azure/</link>
      <pubDate>Mon, 01 Jan 0001 00:00:00 +0000</pubDate>
      
      <guid>https://docs.radapp.io/guides/author-apps/azure/</guid>
      <description>
        
        
        
      </description>
    </item>
    
  </channel>
</rss>
