<rss version="2.0" xmlns:atom="http://www.w3.org/2005/Atom">
  <channel>
    <title>Radius Docs – Dapr links</title>
    <link>https://docs.radapp.io/reference/resource-schema/dapr-schema/</link>
    <description>Recent content in Dapr links on Radius Docs</description>
    <generator>Hugo -- gohugo.io</generator>
    <language>en-us</language>
    
	  <atom:link href="https://docs.radapp.io/reference/resource-schema/dapr-schema/index.xml" rel="self" type="application/rss+xml" />
    
    
      
        
      
    
    
    <item>
      <title>Reference: Dapr Sidecar Extension</title>
      <link>https://docs.radapp.io/reference/resource-schema/dapr-schema/extension/</link>
      <pubDate>Mon, 01 Jan 0001 00:00:00 +0000</pubDate>
      
      <guid>https://docs.radapp.io/reference/resource-schema/dapr-schema/extension/</guid>
      <description>
        
        
        &lt;h2 id=&#34;overview&#34;&gt;Overview&lt;/h2&gt;
&lt;p&gt;The &lt;code&gt;daprSidecar&lt;/code&gt; extensions adds and configures a &lt;a href=&#34;https://dapr.io&#34;&gt;Dapr&lt;/a&gt; sidecar to your application.&lt;/p&gt;
&lt;h2 id=&#34;extension-format&#34;&gt;Extension format&lt;/h2&gt;
&lt;p&gt;In this example a &lt;a href=&#34;https://docs.radapp.io/guides/author-apps/containers/&#34;&gt;container&lt;/a&gt; adds a Dapr extension to add a Dapr sidecar:&lt;/p&gt;











    
    
    


    

    

    

    
        
        
        
        
        
    

    

&lt;div class=&#34;highlight&#34;&gt;&lt;pre tabindex=&#34;0&#34; style=&#34;color:#f8f8f2;background-color:#272822;-moz-tab-size:4;-o-tab-size:4;tab-size:4;&#34;&gt;&lt;code class=&#34;language-bicep&#34; data-lang=&#34;bicep&#34;&gt;&lt;span style=&#34;display:flex;&#34;&gt;&lt;span&gt;&lt;span style=&#34;color:#66d9ef&#34;&gt;resource&lt;/span&gt; frontend &lt;span style=&#34;color:#e6db74&#34;&gt;&amp;#39;Applications.Core/containers@2023-10-01-preview&amp;#39;&lt;/span&gt; = {
&lt;/span&gt;&lt;/span&gt;&lt;span style=&#34;display:flex;&#34;&gt;&lt;span&gt;  name: &lt;span style=&#34;color:#e6db74&#34;&gt;&amp;#39;frontend&amp;#39;&lt;/span&gt;
&lt;/span&gt;&lt;/span&gt;&lt;span style=&#34;display:flex;&#34;&gt;&lt;span&gt;  properties: {
&lt;/span&gt;&lt;/span&gt;&lt;span style=&#34;display:flex;&#34;&gt;&lt;span&gt;    application: app.id
&lt;/span&gt;&lt;/span&gt;&lt;span style=&#34;display:flex;&#34;&gt;&lt;span&gt;    container: {...}
&lt;/span&gt;&lt;/span&gt;&lt;span style=&#34;display:flex;&#34;&gt;&lt;span&gt;    extensions: [
&lt;/span&gt;&lt;/span&gt;&lt;span style=&#34;display:flex;&#34;&gt;&lt;span&gt;      {
&lt;/span&gt;&lt;/span&gt;&lt;span style=&#34;display:flex;&#34;&gt;&lt;span&gt;        kind: &lt;span style=&#34;color:#e6db74&#34;&gt;&amp;#39;daprSidecar&amp;#39;&lt;/span&gt;
&lt;/span&gt;&lt;/span&gt;&lt;span style=&#34;display:flex;&#34;&gt;&lt;span&gt;        appId: &lt;span style=&#34;color:#e6db74&#34;&gt;&amp;#39;frontend&amp;#39;&lt;/span&gt;
&lt;/span&gt;&lt;/span&gt;&lt;span style=&#34;display:flex;&#34;&gt;&lt;span&gt;        appPort: 3000
&lt;/span&gt;&lt;/span&gt;&lt;span style=&#34;display:flex;&#34;&gt;&lt;span&gt;      }
&lt;/span&gt;&lt;/span&gt;&lt;span style=&#34;display:flex;&#34;&gt;&lt;span&gt;    ]
&lt;/span&gt;&lt;/span&gt;&lt;span style=&#34;display:flex;&#34;&gt;&lt;span&gt;  }
&lt;/span&gt;&lt;/span&gt;&lt;span style=&#34;display:flex;&#34;&gt;&lt;span&gt;}
&lt;/span&gt;&lt;/span&gt;&lt;/code&gt;&lt;/pre&gt;&lt;/div&gt;


&lt;h3 id=&#34;properties&#34;&gt;Properties&lt;/h3&gt;
&lt;table&gt;
&lt;thead&gt;
&lt;tr&gt;
&lt;th&gt;Property&lt;/th&gt;
&lt;th style=&#34;text-align:center&#34;&gt;Required&lt;/th&gt;
&lt;th&gt;Description&lt;/th&gt;
&lt;th&gt;Example&lt;/th&gt;
&lt;/tr&gt;
&lt;/thead&gt;
&lt;tbody&gt;
&lt;tr&gt;
&lt;td&gt;kind&lt;/td&gt;
&lt;td style=&#34;text-align:center&#34;&gt;y&lt;/td&gt;
&lt;td&gt;The kind of extension.&lt;/td&gt;
&lt;td&gt;&lt;code&gt;dapr&lt;/code&gt;&lt;/td&gt;
&lt;/tr&gt;
&lt;tr&gt;
&lt;td&gt;appId&lt;/td&gt;
&lt;td style=&#34;text-align:center&#34;&gt;n&lt;/td&gt;
&lt;td&gt;The appId of the Dapr sidecar.&lt;/td&gt;
&lt;td&gt;&lt;code&gt;backend&lt;/code&gt;&lt;/td&gt;
&lt;/tr&gt;
&lt;tr&gt;
&lt;td&gt;appPort&lt;/td&gt;
&lt;td style=&#34;text-align:center&#34;&gt;n&lt;/td&gt;
&lt;td&gt;The port your service exposes to Dapr&lt;/td&gt;
&lt;td&gt;&lt;code&gt;3500&lt;/code&gt;&lt;/td&gt;
&lt;/tr&gt;
&lt;tr&gt;
&lt;td&gt;config&lt;/td&gt;
&lt;td style=&#34;text-align:center&#34;&gt;n&lt;/td&gt;
&lt;td&gt;The configuration to use for the Dapr sidecar&lt;/td&gt;
&lt;td&gt;&lt;/td&gt;
&lt;/tr&gt;
&lt;/tbody&gt;
&lt;/table&gt;

      </description>
    </item>
    
    <item>
      <title>Reference: Dapr Pub/Sub resource</title>
      <link>https://docs.radapp.io/reference/resource-schema/dapr-schema/dapr-pubsub/</link>
      <pubDate>Mon, 01 Jan 0001 00:00:00 +0000</pubDate>
      
      <guid>https://docs.radapp.io/reference/resource-schema/dapr-schema/dapr-pubsub/</guid>
      <description>
        
        
        &lt;h2 id=&#34;overview&#34;&gt;Overview&lt;/h2&gt;
&lt;p&gt;An &lt;code&gt;Applications.Dapr/pubSubBrokers&lt;/code&gt; resource represents a &lt;a href=&#34;https://docs.dapr.io/developing-applications/building-blocks/pubsub/pubsub-overview/&#34;&gt;Dapr pub/sub&lt;/a&gt; message broker.&lt;/p&gt;
&lt;h2 id=&#34;resource-format&#34;&gt;Resource format&lt;/h2&gt;
&lt;ul class=&#34;nav nav-tabs&#34; id=&#34;tabs-0&#34; role=&#34;tablist&#34;&gt;&lt;li class=&#34;nav-item&#34;&gt;&lt;a class=&#34;nav-link active&#34;
    id=&#34;tabs-0-recipe-tab&#34; data-toggle=&#34;tab&#34; href=&#34;#tabs-0-recipe&#34; role=&#34;tab&#34;
    aria-controls=&#34;tabs-0-recipe&#34; aria-selected=&#34;true&#34;&gt;
    Recipe
  &lt;/a&gt;
  &lt;/li&gt;&lt;li class=&#34;nav-item&#34;&gt;&lt;a class=&#34;nav-link&#34;
    id=&#34;tabs-0-manual-tab&#34; data-toggle=&#34;tab&#34; href=&#34;#tabs-0-manual&#34; role=&#34;tab&#34;
    aria-controls=&#34;tabs-0-manual&#34; aria-selected=&#34;false&#34;&gt;
    Manual
  &lt;/a&gt;
  &lt;/li&gt;&lt;/ul&gt;


&lt;div class=&#34;tab-content&#34; id=&#34;tabs-0-content&#34;&gt;


&lt;div class=&#34;tab-pane fade show active&#34; id=&#34;tabs-0-recipe&#34; role=&#34;tabpanel&#34; aria-labelled-by=&#34;tabs-0-recipe-tab&#34;&gt;
&lt;br /&gt;












    
    
    


    

    

    

&lt;div class=&#34;highlight&#34;&gt;&lt;pre tabindex=&#34;0&#34; style=&#34;color:#f8f8f2;background-color:#272822;-moz-tab-size:4;-o-tab-size:4;tab-size:4;&#34;&gt;&lt;code class=&#34;language-bicep&#34; data-lang=&#34;bicep&#34;&gt;&lt;span style=&#34;display:flex;&#34;&gt;&lt;span&gt;&lt;span style=&#34;color:#66d9ef&#34;&gt;resource&lt;/span&gt; pubsub &lt;span style=&#34;color:#e6db74&#34;&gt;&amp;#39;Applications.Dapr/pubSubBrokers@2023-10-01-preview&amp;#39;&lt;/span&gt; = {
&lt;/span&gt;&lt;/span&gt;&lt;span style=&#34;display:flex;&#34;&gt;&lt;span&gt;  name: &lt;span style=&#34;color:#e6db74&#34;&gt;&amp;#39;pubsub&amp;#39;&lt;/span&gt;
&lt;/span&gt;&lt;/span&gt;&lt;span style=&#34;display:flex;&#34;&gt;&lt;span&gt;  properties: {
&lt;/span&gt;&lt;/span&gt;&lt;span style=&#34;display:flex;&#34;&gt;&lt;span&gt;    environment: &lt;span style=&#34;color:#a6e22e&#34;&gt;environment&lt;/span&gt;
&lt;/span&gt;&lt;/span&gt;&lt;span style=&#34;display:flex;&#34;&gt;&lt;span&gt;    application: app.id
&lt;/span&gt;&lt;/span&gt;&lt;span style=&#34;display:flex;&#34;&gt;&lt;span&gt;    recipe: {
&lt;/span&gt;&lt;/span&gt;&lt;span style=&#34;display:flex;&#34;&gt;&lt;span&gt;      &lt;span style=&#34;color:#75715e&#34;&gt;// Name a specific recipe to use&lt;/span&gt;
&lt;/span&gt;&lt;/span&gt;&lt;span style=&#34;display:flex;&#34;&gt;&lt;span&gt;      name: &lt;span style=&#34;color:#e6db74&#34;&gt;&amp;#39;azure-servicebus&amp;#39;&lt;/span&gt;
&lt;/span&gt;&lt;/span&gt;&lt;span style=&#34;display:flex;&#34;&gt;&lt;span&gt;      &lt;span style=&#34;color:#75715e&#34;&gt;// Set optional/required parameters (specific to the Recipe)&lt;/span&gt;
&lt;/span&gt;&lt;/span&gt;&lt;span style=&#34;display:flex;&#34;&gt;&lt;span&gt;      parameters: {
&lt;/span&gt;&lt;/span&gt;&lt;span style=&#34;display:flex;&#34;&gt;&lt;span&gt;        size: &lt;span style=&#34;color:#e6db74&#34;&gt;&amp;#39;large&amp;#39;&lt;/span&gt;
&lt;/span&gt;&lt;/span&gt;&lt;span style=&#34;display:flex;&#34;&gt;&lt;span&gt;      }
&lt;/span&gt;&lt;/span&gt;&lt;span style=&#34;display:flex;&#34;&gt;&lt;span&gt;    }
&lt;/span&gt;&lt;/span&gt;&lt;span style=&#34;display:flex;&#34;&gt;&lt;span&gt;  }
&lt;/span&gt;&lt;/span&gt;&lt;span style=&#34;display:flex;&#34;&gt;&lt;span&gt;}
&lt;/span&gt;&lt;/span&gt;&lt;/code&gt;&lt;/pre&gt;&lt;/div&gt;



&lt;/div&gt;

&lt;div class=&#34;tab-pane fade&#34; id=&#34;tabs-0-manual&#34; role=&#34;tabpanel&#34; aria-labelled-by=&#34;tabs-0-manual-tab&#34;&gt;
&lt;br /&gt;












    
    
    


    

    

    

&lt;div class=&#34;highlight&#34;&gt;&lt;pre tabindex=&#34;0&#34; style=&#34;color:#f8f8f2;background-color:#272822;-moz-tab-size:4;-o-tab-size:4;tab-size:4;&#34;&gt;&lt;code class=&#34;language-bicep&#34; data-lang=&#34;bicep&#34;&gt;&lt;span style=&#34;display:flex;&#34;&gt;&lt;span&gt;&lt;span style=&#34;color:#66d9ef&#34;&gt;resource&lt;/span&gt; pubsub &lt;span style=&#34;color:#e6db74&#34;&gt;&amp;#39;Applications.Dapr/pubSubBrokers@2023-10-01-preview&amp;#39;&lt;/span&gt; = {
&lt;/span&gt;&lt;/span&gt;&lt;span style=&#34;display:flex;&#34;&gt;&lt;span&gt;  name: &lt;span style=&#34;color:#e6db74&#34;&gt;&amp;#39;pubsub&amp;#39;&lt;/span&gt;
&lt;/span&gt;&lt;/span&gt;&lt;span style=&#34;display:flex;&#34;&gt;&lt;span&gt;  properties: {
&lt;/span&gt;&lt;/span&gt;&lt;span style=&#34;display:flex;&#34;&gt;&lt;span&gt;    environment: &lt;span style=&#34;color:#a6e22e&#34;&gt;environment&lt;/span&gt;
&lt;/span&gt;&lt;/span&gt;&lt;span style=&#34;display:flex;&#34;&gt;&lt;span&gt;    application: app.id
&lt;/span&gt;&lt;/span&gt;&lt;span style=&#34;display:flex;&#34;&gt;&lt;span&gt;    resourceProvisioning: &lt;span style=&#34;color:#e6db74&#34;&gt;&amp;#39;manual&amp;#39;&lt;/span&gt;
&lt;/span&gt;&lt;/span&gt;&lt;span style=&#34;display:flex;&#34;&gt;&lt;span&gt;    type: &lt;span style=&#34;color:#e6db74&#34;&gt;&amp;#39;pubsub.kafka&amp;#39;&lt;/span&gt;
&lt;/span&gt;&lt;/span&gt;&lt;span style=&#34;display:flex;&#34;&gt;&lt;span&gt;    metadata: {
&lt;/span&gt;&lt;/span&gt;&lt;span style=&#34;display:flex;&#34;&gt;&lt;span&gt;      brokers: &lt;span style=&#34;color:#e6db74&#34;&gt;&amp;#39;&amp;lt;KAFKA-URL&amp;gt;&amp;#39;&lt;/span&gt;
&lt;/span&gt;&lt;/span&gt;&lt;span style=&#34;display:flex;&#34;&gt;&lt;span&gt;      authRequired: false
&lt;/span&gt;&lt;/span&gt;&lt;span style=&#34;display:flex;&#34;&gt;&lt;span&gt;      consumeRetryInternal: 1024
&lt;/span&gt;&lt;/span&gt;&lt;span style=&#34;display:flex;&#34;&gt;&lt;span&gt;    }
&lt;/span&gt;&lt;/span&gt;&lt;span style=&#34;display:flex;&#34;&gt;&lt;span&gt;    version: &lt;span style=&#34;color:#e6db74&#34;&gt;&amp;#39;v1&amp;#39;&lt;/span&gt;
&lt;/span&gt;&lt;/span&gt;&lt;span style=&#34;display:flex;&#34;&gt;&lt;span&gt;  }
&lt;/span&gt;&lt;/span&gt;&lt;span style=&#34;display:flex;&#34;&gt;&lt;span&gt;}
&lt;/span&gt;&lt;/span&gt;&lt;/code&gt;&lt;/pre&gt;&lt;/div&gt;



&lt;/div&gt;


&lt;/div&gt;
&lt;h3 id=&#34;top-level&#34;&gt;Top-level&lt;/h3&gt;
&lt;table&gt;
&lt;thead&gt;
&lt;tr&gt;
&lt;th&gt;Key&lt;/th&gt;
&lt;th style=&#34;text-align:center&#34;&gt;Required&lt;/th&gt;
&lt;th&gt;Description&lt;/th&gt;
&lt;th&gt;Example&lt;/th&gt;
&lt;/tr&gt;
&lt;/thead&gt;
&lt;tbody&gt;
&lt;tr&gt;
&lt;td&gt;name&lt;/td&gt;
&lt;td style=&#34;text-align:center&#34;&gt;y&lt;/td&gt;
&lt;td&gt;The name of the pub/sub. Names must contain at most 63 characters, contain only lowercase alphanumeric characters, &amp;lsquo;-&amp;rsquo;, or &amp;lsquo;.&amp;rsquo;, start with an alphanumeric character, and end with an alphanumeric character.&lt;/td&gt;
&lt;td&gt;&lt;code&gt;my-pubsub&lt;/code&gt;&lt;/td&gt;
&lt;/tr&gt;
&lt;tr&gt;
&lt;td&gt;location&lt;/td&gt;
&lt;td style=&#34;text-align:center&#34;&gt;y&lt;/td&gt;
&lt;td&gt;The location of your resource. See &lt;a href=&#34;https://docs.radapp.io/reference/resource-schema/#common-values&#34;&gt;common values&lt;/a&gt; for more information.&lt;/td&gt;
&lt;td&gt;&lt;code&gt;global&lt;/code&gt;&lt;/td&gt;
&lt;/tr&gt;
&lt;tr&gt;
&lt;td&gt;&lt;a href=&#34;#properties&#34;&gt;properties&lt;/a&gt;&lt;/td&gt;
&lt;td style=&#34;text-align:center&#34;&gt;y&lt;/td&gt;
&lt;td&gt;Properties of the resource.&lt;/td&gt;
&lt;td&gt;&lt;a href=&#34;#properties&#34;&gt;See below&lt;/a&gt;&lt;/td&gt;
&lt;/tr&gt;
&lt;/tbody&gt;
&lt;/table&gt;
&lt;h3 id=&#34;properties&#34;&gt;Properties&lt;/h3&gt;
&lt;table&gt;
&lt;thead&gt;
&lt;tr&gt;
&lt;th&gt;Key&lt;/th&gt;
&lt;th style=&#34;text-align:center&#34;&gt;Required&lt;/th&gt;
&lt;th&gt;Description&lt;/th&gt;
&lt;th&gt;Example&lt;/th&gt;
&lt;/tr&gt;
&lt;/thead&gt;
&lt;tbody&gt;
&lt;tr&gt;
&lt;td&gt;application&lt;/td&gt;
&lt;td style=&#34;text-align:center&#34;&gt;n&lt;/td&gt;
&lt;td&gt;The ID of the application resource this resource belongs to.&lt;/td&gt;
&lt;td&gt;&lt;code&gt;app.id&lt;/code&gt;&lt;/td&gt;
&lt;/tr&gt;
&lt;tr&gt;
&lt;td&gt;environment&lt;/td&gt;
&lt;td style=&#34;text-align:center&#34;&gt;y&lt;/td&gt;
&lt;td&gt;The ID of the environment resource this resource belongs to.&lt;/td&gt;
&lt;td&gt;&lt;code&gt;env.id&lt;/code&gt;&lt;/td&gt;
&lt;/tr&gt;
&lt;tr&gt;
&lt;td&gt;&lt;a href=&#34;#resource-provisioning&#34;&gt;resourceProvisioning&lt;/a&gt;&lt;/td&gt;
&lt;td style=&#34;text-align:center&#34;&gt;n&lt;/td&gt;
&lt;td&gt;Specifies how the underlying service/resource is provisioned and managed. Options are to provision automatically via &amp;lsquo;recipe&amp;rsquo; or provision manually via &amp;lsquo;manual&amp;rsquo;. Selection determines which set of fields to additionally require. Defaults to &amp;lsquo;recipe&amp;rsquo;.&lt;/td&gt;
&lt;td&gt;&lt;code&gt;manual&lt;/code&gt;&lt;/td&gt;
&lt;/tr&gt;
&lt;tr&gt;
&lt;td&gt;&lt;a href=&#34;#recipe&#34;&gt;recipe&lt;/a&gt;&lt;/td&gt;
&lt;td style=&#34;text-align:center&#34;&gt;n&lt;/td&gt;
&lt;td&gt;Configuration for the Recipe which will deploy the backing infrastructure.&lt;/td&gt;
&lt;td&gt;&lt;a href=&#34;#recipe&#34;&gt;See below&lt;/a&gt;&lt;/td&gt;
&lt;/tr&gt;
&lt;tr&gt;
&lt;td&gt;&lt;a href=&#34;#resources&#34;&gt;resources&lt;/a&gt;&lt;/td&gt;
&lt;td style=&#34;text-align:center&#34;&gt;n&lt;/td&gt;
&lt;td&gt;An array of resources which underlay this resource. For example, an Azure Service Bus namespace ID if the Dapr Pub/Sub resource is leveraging Service Bus.&lt;/td&gt;
&lt;td&gt;&lt;a href=&#34;#resources&#34;&gt;See below&lt;/a&gt;&lt;/td&gt;
&lt;/tr&gt;
&lt;tr&gt;
&lt;td&gt;type&lt;/td&gt;
&lt;td style=&#34;text-align:center&#34;&gt;n&lt;/td&gt;
&lt;td&gt;The Dapr component type. Set only when resourceProvisioning is &amp;lsquo;manual&amp;rsquo;.&lt;/td&gt;
&lt;td&gt;&lt;code&gt;pubsub.kafka&lt;/code&gt;&lt;/td&gt;
&lt;/tr&gt;
&lt;tr&gt;
&lt;td&gt;metadata&lt;/td&gt;
&lt;td style=&#34;text-align:center&#34;&gt;n&lt;/td&gt;
&lt;td&gt;Metadata object for the Dapr component. Schema must match &lt;a href=&#34;https://docs.dapr.io/reference/components-reference/supported-pubsub/&#34;&gt;Dapr component&lt;/a&gt;. Set only when resourceProvisioning is &amp;lsquo;manual&amp;rsquo;.&lt;/td&gt;
&lt;td&gt;&lt;code&gt;{ brokers: kafkaRoute.properties.url }&lt;/code&gt;&lt;/td&gt;
&lt;/tr&gt;
&lt;tr&gt;
&lt;td&gt;version&lt;/td&gt;
&lt;td style=&#34;text-align:center&#34;&gt;n&lt;/td&gt;
&lt;td&gt;The version of the Dapr component. See &lt;a href=&#34;https://docs.dapr.io/reference/components-reference/supported-pubsub/&#34;&gt;Dapr components&lt;/a&gt; for available versions. Set only when resourceProvisioning is &amp;lsquo;manual&amp;rsquo;.&lt;/td&gt;
&lt;td&gt;&lt;code&gt;v1&lt;/code&gt;&lt;/td&gt;
&lt;/tr&gt;
&lt;tr&gt;
&lt;td&gt;componentName&lt;/td&gt;
&lt;td style=&#34;text-align:center&#34;&gt;n&lt;/td&gt;
&lt;td&gt;&lt;em&gt;(read-only)&lt;/em&gt; The name of the Dapr component that is generated and applied to the underlying system. Used by the Dapr SDKs or APIs to access the Dapr component.&lt;/td&gt;
&lt;td&gt;&lt;code&gt;mypubsub&lt;/code&gt;&lt;/td&gt;
&lt;/tr&gt;
&lt;/tbody&gt;
&lt;/table&gt;
&lt;h4 id=&#34;recipe&#34;&gt;Recipe&lt;/h4&gt;
&lt;table&gt;
&lt;thead&gt;
&lt;tr&gt;
&lt;th&gt;Property&lt;/th&gt;
&lt;th style=&#34;text-align:center&#34;&gt;Required&lt;/th&gt;
&lt;th&gt;Description&lt;/th&gt;
&lt;th&gt;Example(s)&lt;/th&gt;
&lt;/tr&gt;
&lt;/thead&gt;
&lt;tbody&gt;
&lt;tr&gt;
&lt;td&gt;name&lt;/td&gt;
&lt;td style=&#34;text-align:center&#34;&gt;n&lt;/td&gt;
&lt;td&gt;Specifies the name of the Recipe that should be deployed. If not set, the name defaults to &lt;code&gt;default&lt;/code&gt;.&lt;/td&gt;
&lt;td&gt;&lt;code&gt;name: &#39;azure-prod&#39;&lt;/code&gt;&lt;/td&gt;
&lt;/tr&gt;
&lt;tr&gt;
&lt;td&gt;parameters&lt;/td&gt;
&lt;td style=&#34;text-align:center&#34;&gt;n&lt;/td&gt;
&lt;td&gt;An object that contains a list of parameters to set on the Recipe.&lt;/td&gt;
&lt;td&gt;&lt;code&gt;{ size: &#39;large&#39; }&lt;/code&gt;&lt;/td&gt;
&lt;/tr&gt;
&lt;/tbody&gt;
&lt;/table&gt;
&lt;h4 id=&#34;resources&#34;&gt;Resources&lt;/h4&gt;
&lt;table&gt;
&lt;thead&gt;
&lt;tr&gt;
&lt;th&gt;Property&lt;/th&gt;
&lt;th style=&#34;text-align:center&#34;&gt;Required&lt;/th&gt;
&lt;th&gt;Description&lt;/th&gt;
&lt;th&gt;Example(s)&lt;/th&gt;
&lt;/tr&gt;
&lt;/thead&gt;
&lt;tbody&gt;
&lt;tr&gt;
&lt;td&gt;id&lt;/td&gt;
&lt;td style=&#34;text-align:center&#34;&gt;n&lt;/td&gt;
&lt;td&gt;Resource ID of the supporting resource.&lt;/td&gt;
&lt;td&gt;&lt;code&gt;account.id&lt;/code&gt;&lt;/td&gt;
&lt;/tr&gt;
&lt;/tbody&gt;
&lt;/table&gt;
&lt;h2 id=&#34;resource-provisioning&#34;&gt;Resource provisioning&lt;/h2&gt;
&lt;h3 id=&#34;provision-with-a-recipe&#34;&gt;Provision with a Recipe&lt;/h3&gt;
&lt;p&gt;&lt;a href=&#34;https://docs.radapp.io/guides/recipes/overview/&#34;&gt;Recipes&lt;/a&gt; automate infrastructure provisioning using approved templates.&lt;/p&gt;
&lt;p&gt;You can specify a Recipe name that is registered in the environment or omit the name and use the &amp;ldquo;default&amp;rdquo; Recipe.&lt;/p&gt;
&lt;p&gt;Parameters can also optionally be specified for the Recipe.&lt;/p&gt;
&lt;h3 id=&#34;provision-manually&#34;&gt;Provision manually&lt;/h3&gt;
&lt;p&gt;If you want to manually manage your infrastructure provisioning outside of Recipes, you can set &lt;code&gt;resourceProvisioning&lt;/code&gt; to &lt;code&gt;&#39;manual&#39;&lt;/code&gt; and specify &lt;code&gt;type&lt;/code&gt;, &lt;code&gt;metadata&lt;/code&gt;, and &lt;code&gt;version&lt;/code&gt; for the Dapr component. These values must match the schema of the intended &lt;a href=&#34;https://docs.dapr.io/reference/components-reference/supported-pubsub/&#34;&gt;Dapr component&lt;/a&gt;.&lt;/p&gt;
&lt;h2 id=&#34;environment-variables-for-connections&#34;&gt;Environment variables for connections&lt;/h2&gt;
&lt;p&gt;Other Radius resources, such as &lt;a href=&#34;https://docs.radapp.io/guides/author-apps/containers/&#34;&gt;containers&lt;/a&gt;, may connect to a Dapr pub/sub resource via &lt;a href=&#34;https://docs.radapp.io/concepts/application-graph/#connections-and-injected-values&#34;&gt;connections&lt;/a&gt;. When a connection to Dapr pub/sub named, for example, &lt;code&gt;myconnection&lt;/code&gt; is declared, Radius injects values into environment variables that are then used to access the connected Dapr pub/sub resource:&lt;/p&gt;
&lt;table&gt;
&lt;thead&gt;
&lt;tr&gt;
&lt;th&gt;Environment variable&lt;/th&gt;
&lt;th&gt;Example(s)&lt;/th&gt;
&lt;/tr&gt;
&lt;/thead&gt;
&lt;tbody&gt;
&lt;tr&gt;
&lt;td&gt;CONNECTION_MYCONNECTION_COMPONENTNAME&lt;/td&gt;
&lt;td&gt;&lt;code&gt;mypubsub&lt;/code&gt;&lt;/td&gt;
&lt;/tr&gt;
&lt;/tbody&gt;
&lt;/table&gt;

      </description>
    </item>
    
    <item>
      <title>Reference: Dapr State Store resource</title>
      <link>https://docs.radapp.io/reference/resource-schema/dapr-schema/dapr-statestore/</link>
      <pubDate>Mon, 01 Jan 0001 00:00:00 +0000</pubDate>
      
      <guid>https://docs.radapp.io/reference/resource-schema/dapr-schema/dapr-statestore/</guid>
      <description>
        
        
        &lt;h2 id=&#34;overview&#34;&gt;Overview&lt;/h2&gt;
&lt;p&gt;A &lt;code&gt;Applications.Dapr/stateStores&lt;/code&gt; resource represents a &lt;a href=&#34;https://docs.dapr.io/developing-applications/building-blocks/state-management/&#34;&gt;Dapr state store&lt;/a&gt; topic.&lt;/p&gt;
&lt;p&gt;This resource will automatically create and deploy the Dapr component spec for the state store.&lt;/p&gt;
&lt;h2 id=&#34;resource-format&#34;&gt;Resource format&lt;/h2&gt;
&lt;ul class=&#34;nav nav-tabs&#34; id=&#34;tabs-0&#34; role=&#34;tablist&#34;&gt;&lt;li class=&#34;nav-item&#34;&gt;&lt;a class=&#34;nav-link active&#34;
    id=&#34;tabs-0-recipe-tab&#34; data-toggle=&#34;tab&#34; href=&#34;#tabs-0-recipe&#34; role=&#34;tab&#34;
    aria-controls=&#34;tabs-0-recipe&#34; aria-selected=&#34;true&#34;&gt;
    Recipe
  &lt;/a&gt;
  &lt;/li&gt;&lt;li class=&#34;nav-item&#34;&gt;&lt;a class=&#34;nav-link&#34;
    id=&#34;tabs-0-manual-tab&#34; data-toggle=&#34;tab&#34; href=&#34;#tabs-0-manual&#34; role=&#34;tab&#34;
    aria-controls=&#34;tabs-0-manual&#34; aria-selected=&#34;false&#34;&gt;
    Manual
  &lt;/a&gt;
  &lt;/li&gt;&lt;/ul&gt;


&lt;div class=&#34;tab-content&#34; id=&#34;tabs-0-content&#34;&gt;


&lt;div class=&#34;tab-pane fade show active&#34; id=&#34;tabs-0-recipe&#34; role=&#34;tabpanel&#34; aria-labelled-by=&#34;tabs-0-recipe-tab&#34;&gt;
&lt;br /&gt;












    
    
    


    

    

    

&lt;div class=&#34;highlight&#34;&gt;&lt;pre tabindex=&#34;0&#34; style=&#34;color:#f8f8f2;background-color:#272822;-moz-tab-size:4;-o-tab-size:4;tab-size:4;&#34;&gt;&lt;code class=&#34;language-bicep&#34; data-lang=&#34;bicep&#34;&gt;&lt;span style=&#34;display:flex;&#34;&gt;&lt;span&gt;&lt;span style=&#34;color:#66d9ef&#34;&gt;resource&lt;/span&gt; statestore &lt;span style=&#34;color:#e6db74&#34;&gt;&amp;#39;Applications.Dapr/stateStores@2023-10-01-preview&amp;#39;&lt;/span&gt; = {
&lt;/span&gt;&lt;/span&gt;&lt;span style=&#34;display:flex;&#34;&gt;&lt;span&gt;  name: &lt;span style=&#34;color:#e6db74&#34;&gt;&amp;#39;statestore&amp;#39;&lt;/span&gt;
&lt;/span&gt;&lt;/span&gt;&lt;span style=&#34;display:flex;&#34;&gt;&lt;span&gt;  properties: {
&lt;/span&gt;&lt;/span&gt;&lt;span style=&#34;display:flex;&#34;&gt;&lt;span&gt;    environment: &lt;span style=&#34;color:#a6e22e&#34;&gt;environment&lt;/span&gt;
&lt;/span&gt;&lt;/span&gt;&lt;span style=&#34;display:flex;&#34;&gt;&lt;span&gt;    application: application
&lt;/span&gt;&lt;/span&gt;&lt;span style=&#34;display:flex;&#34;&gt;&lt;span&gt;    recipe: {
&lt;/span&gt;&lt;/span&gt;&lt;span style=&#34;display:flex;&#34;&gt;&lt;span&gt;      &lt;span style=&#34;color:#75715e&#34;&gt;// Name a specific Recipe to use&lt;/span&gt;
&lt;/span&gt;&lt;/span&gt;&lt;span style=&#34;display:flex;&#34;&gt;&lt;span&gt;      name: &lt;span style=&#34;color:#e6db74&#34;&gt;&amp;#39;azure-redis&amp;#39;&lt;/span&gt;
&lt;/span&gt;&lt;/span&gt;&lt;span style=&#34;display:flex;&#34;&gt;&lt;span&gt;      &lt;span style=&#34;color:#75715e&#34;&gt;// Optionally set recipe parameters if needed (specific to the Recipe)&lt;/span&gt;
&lt;/span&gt;&lt;/span&gt;&lt;span style=&#34;display:flex;&#34;&gt;&lt;span&gt;      parameters: {
&lt;/span&gt;&lt;/span&gt;&lt;span style=&#34;display:flex;&#34;&gt;&lt;span&gt;        &lt;span style=&#34;color:#75715e&#34;&gt;// ....&lt;/span&gt;
&lt;/span&gt;&lt;/span&gt;&lt;span style=&#34;display:flex;&#34;&gt;&lt;span&gt;      }
&lt;/span&gt;&lt;/span&gt;&lt;span style=&#34;display:flex;&#34;&gt;&lt;span&gt;    }
&lt;/span&gt;&lt;/span&gt;&lt;span style=&#34;display:flex;&#34;&gt;&lt;span&gt;  }
&lt;/span&gt;&lt;/span&gt;&lt;span style=&#34;display:flex;&#34;&gt;&lt;span&gt;}
&lt;/span&gt;&lt;/span&gt;&lt;/code&gt;&lt;/pre&gt;&lt;/div&gt;



&lt;/div&gt;

&lt;div class=&#34;tab-pane fade&#34; id=&#34;tabs-0-manual&#34; role=&#34;tabpanel&#34; aria-labelled-by=&#34;tabs-0-manual-tab&#34;&gt;
&lt;br /&gt;












    
    
    


    

    

    

&lt;div class=&#34;highlight&#34;&gt;&lt;pre tabindex=&#34;0&#34; style=&#34;color:#f8f8f2;background-color:#272822;-moz-tab-size:4;-o-tab-size:4;tab-size:4;&#34;&gt;&lt;code class=&#34;language-bicep&#34; data-lang=&#34;bicep&#34;&gt;&lt;span style=&#34;display:flex;&#34;&gt;&lt;span&gt;&lt;span style=&#34;color:#66d9ef&#34;&gt;resource&lt;/span&gt; statestore &lt;span style=&#34;color:#e6db74&#34;&gt;&amp;#39;Applications.Dapr/stateStores@2023-10-01-preview&amp;#39;&lt;/span&gt; = {
&lt;/span&gt;&lt;/span&gt;&lt;span style=&#34;display:flex;&#34;&gt;&lt;span&gt;  name: &lt;span style=&#34;color:#e6db74&#34;&gt;&amp;#39;statestore&amp;#39;&lt;/span&gt;
&lt;/span&gt;&lt;/span&gt;&lt;span style=&#34;display:flex;&#34;&gt;&lt;span&gt;  properties: {
&lt;/span&gt;&lt;/span&gt;&lt;span style=&#34;display:flex;&#34;&gt;&lt;span&gt;    environment: &lt;span style=&#34;color:#a6e22e&#34;&gt;environment&lt;/span&gt;
&lt;/span&gt;&lt;/span&gt;&lt;span style=&#34;display:flex;&#34;&gt;&lt;span&gt;    application: application
&lt;/span&gt;&lt;/span&gt;&lt;span style=&#34;display:flex;&#34;&gt;&lt;span&gt;    resourceProvisioning: &lt;span style=&#34;color:#e6db74&#34;&gt;&amp;#39;manual&amp;#39;&lt;/span&gt;
&lt;/span&gt;&lt;/span&gt;&lt;span style=&#34;display:flex;&#34;&gt;&lt;span&gt;    resources: [
&lt;/span&gt;&lt;/span&gt;&lt;span style=&#34;display:flex;&#34;&gt;&lt;span&gt;      { id: account.id }
&lt;/span&gt;&lt;/span&gt;&lt;span style=&#34;display:flex;&#34;&gt;&lt;span&gt;      { id: account::tableServices::table.id }
&lt;/span&gt;&lt;/span&gt;&lt;span style=&#34;display:flex;&#34;&gt;&lt;span&gt;    ]
&lt;/span&gt;&lt;/span&gt;&lt;span style=&#34;display:flex;&#34;&gt;&lt;span&gt;    metadata: {
&lt;/span&gt;&lt;/span&gt;&lt;span style=&#34;display:flex;&#34;&gt;&lt;span&gt;      accountName: account.name
&lt;/span&gt;&lt;/span&gt;&lt;span style=&#34;display:flex;&#34;&gt;&lt;span&gt;      accountKey: account.&lt;span style=&#34;color:#a6e22e&#34;&gt;listKeys&lt;/span&gt;().keys[0].value
&lt;/span&gt;&lt;/span&gt;&lt;span style=&#34;display:flex;&#34;&gt;&lt;span&gt;      tableName: account::tableServices::table.name
&lt;/span&gt;&lt;/span&gt;&lt;span style=&#34;display:flex;&#34;&gt;&lt;span&gt;    }
&lt;/span&gt;&lt;/span&gt;&lt;span style=&#34;display:flex;&#34;&gt;&lt;span&gt;    type: &lt;span style=&#34;color:#e6db74&#34;&gt;&amp;#39;state.azure.tablestorage&amp;#39;&lt;/span&gt;
&lt;/span&gt;&lt;/span&gt;&lt;span style=&#34;display:flex;&#34;&gt;&lt;span&gt;    version: &lt;span style=&#34;color:#e6db74&#34;&gt;&amp;#39;v1&amp;#39;&lt;/span&gt;
&lt;/span&gt;&lt;/span&gt;&lt;span style=&#34;display:flex;&#34;&gt;&lt;span&gt;  }
&lt;/span&gt;&lt;/span&gt;&lt;span style=&#34;display:flex;&#34;&gt;&lt;span&gt;}
&lt;/span&gt;&lt;/span&gt;&lt;/code&gt;&lt;/pre&gt;&lt;/div&gt;



&lt;/div&gt;


&lt;/div&gt;
&lt;h3 id=&#34;top-level&#34;&gt;Top-level&lt;/h3&gt;
&lt;table&gt;
&lt;thead&gt;
&lt;tr&gt;
&lt;th&gt;Key&lt;/th&gt;
&lt;th style=&#34;text-align:center&#34;&gt;Required&lt;/th&gt;
&lt;th&gt;Description&lt;/th&gt;
&lt;th&gt;Example&lt;/th&gt;
&lt;/tr&gt;
&lt;/thead&gt;
&lt;tbody&gt;
&lt;tr&gt;
&lt;td&gt;name&lt;/td&gt;
&lt;td style=&#34;text-align:center&#34;&gt;y&lt;/td&gt;
&lt;td&gt;The name of the resource. Names must contain at most 63 characters, contain only lowercase alphanumeric characters, &amp;lsquo;-&amp;rsquo;, or &amp;lsquo;.&amp;rsquo;, start with an alphanumeric character, and end with an alphanumeric character.&lt;/td&gt;
&lt;td&gt;&lt;code&gt;my-statestore&lt;/code&gt;&lt;/td&gt;
&lt;/tr&gt;
&lt;tr&gt;
&lt;td&gt;location&lt;/td&gt;
&lt;td style=&#34;text-align:center&#34;&gt;y&lt;/td&gt;
&lt;td&gt;The location of your resource. See &lt;a href=&#34;https://docs.radapp.io/reference/resource-schema/#common-values&#34;&gt;common values&lt;/a&gt; for more information.&lt;/td&gt;
&lt;td&gt;&lt;code&gt;global&lt;/code&gt;&lt;/td&gt;
&lt;/tr&gt;
&lt;tr&gt;
&lt;td&gt;&lt;a href=&#34;#properties&#34;&gt;properties&lt;/a&gt;&lt;/td&gt;
&lt;td style=&#34;text-align:center&#34;&gt;y&lt;/td&gt;
&lt;td&gt;Properties of the resource.&lt;/td&gt;
&lt;td&gt;&lt;a href=&#34;#properties&#34;&gt;See below&lt;/a&gt;&lt;/td&gt;
&lt;/tr&gt;
&lt;/tbody&gt;
&lt;/table&gt;
&lt;h3 id=&#34;properties&#34;&gt;Properties&lt;/h3&gt;
&lt;table&gt;
&lt;thead&gt;
&lt;tr&gt;
&lt;th&gt;Key&lt;/th&gt;
&lt;th style=&#34;text-align:center&#34;&gt;Required&lt;/th&gt;
&lt;th&gt;Description&lt;/th&gt;
&lt;th&gt;Example&lt;/th&gt;
&lt;/tr&gt;
&lt;/thead&gt;
&lt;tbody&gt;
&lt;tr&gt;
&lt;td&gt;application&lt;/td&gt;
&lt;td style=&#34;text-align:center&#34;&gt;n&lt;/td&gt;
&lt;td&gt;The ID of the application resource this resource belongs to.&lt;/td&gt;
&lt;td&gt;&lt;code&gt;app.id&lt;/code&gt;&lt;/td&gt;
&lt;/tr&gt;
&lt;tr&gt;
&lt;td&gt;environment&lt;/td&gt;
&lt;td style=&#34;text-align:center&#34;&gt;y&lt;/td&gt;
&lt;td&gt;The ID of the environment resource this resource belongs to.&lt;/td&gt;
&lt;td&gt;&lt;code&gt;env.id&lt;/code&gt;&lt;/td&gt;
&lt;/tr&gt;
&lt;tr&gt;
&lt;td&gt;&lt;a href=&#34;#resource-provisioning&#34;&gt;resourceProvisioning&lt;/a&gt;&lt;/td&gt;
&lt;td style=&#34;text-align:center&#34;&gt;n&lt;/td&gt;
&lt;td&gt;Specifies how the underlying service/resource is provisioned and managed. Options are to provision automatically via &amp;lsquo;recipe&amp;rsquo; or provision manually via &amp;lsquo;manual&amp;rsquo;. Selection determines which set of fields to additionally require. Defaults to &amp;lsquo;recipe&amp;rsquo;.&lt;/td&gt;
&lt;td&gt;&lt;code&gt;manual&lt;/code&gt;&lt;/td&gt;
&lt;/tr&gt;
&lt;tr&gt;
&lt;td&gt;&lt;a href=&#34;#recipe&#34;&gt;recipe&lt;/a&gt;&lt;/td&gt;
&lt;td style=&#34;text-align:center&#34;&gt;n&lt;/td&gt;
&lt;td&gt;Configuration for the Recipe which will deploy the backing infrastructure.&lt;/td&gt;
&lt;td&gt;&lt;a href=&#34;#recipe&#34;&gt;See below&lt;/a&gt;&lt;/td&gt;
&lt;/tr&gt;
&lt;tr&gt;
&lt;td&gt;&lt;a href=&#34;#resources&#34;&gt;resources&lt;/a&gt;&lt;/td&gt;
&lt;td style=&#34;text-align:center&#34;&gt;n&lt;/td&gt;
&lt;td&gt;An array of IDs of the underlying resources.&lt;/td&gt;
&lt;td&gt;&lt;a href=&#34;#resources&#34;&gt;See below&lt;/a&gt;&lt;/td&gt;
&lt;/tr&gt;
&lt;tr&gt;
&lt;td&gt;type&lt;/td&gt;
&lt;td style=&#34;text-align:center&#34;&gt;n&lt;/td&gt;
&lt;td&gt;The Dapr component type. Used when &lt;code&gt;resourceProvisioning&lt;/code&gt; is set to &lt;code&gt;manual&lt;/code&gt;.&lt;/td&gt;
&lt;td&gt;&lt;code&gt;state.couchbase&lt;/code&gt;&lt;/td&gt;
&lt;/tr&gt;
&lt;tr&gt;
&lt;td&gt;metadata&lt;/td&gt;
&lt;td style=&#34;text-align:center&#34;&gt;n&lt;/td&gt;
&lt;td&gt;Metadata for the Dapr component. Schema must match &lt;a href=&#34;https://docs.dapr.io/reference/components-reference/supported-state-stores/&#34;&gt;Dapr component&lt;/a&gt;. Used when &lt;code&gt;resourceProvisioning&lt;/code&gt; is set to &lt;code&gt;manual&lt;/code&gt;.&lt;/td&gt;
&lt;td&gt;&lt;code&gt;couchbaseURL: https://*****&lt;/code&gt;&lt;/td&gt;
&lt;/tr&gt;
&lt;tr&gt;
&lt;td&gt;version&lt;/td&gt;
&lt;td style=&#34;text-align:center&#34;&gt;n&lt;/td&gt;
&lt;td&gt;The version of the Dapr component. See &lt;a href=&#34;https://docs.dapr.io/reference/components-reference/supported-state-stores/&#34;&gt;Dapr components&lt;/a&gt; for available versions. Used when &lt;code&gt;resourceProvisioning&lt;/code&gt; is set to &lt;code&gt;manual&lt;/code&gt;.&lt;/td&gt;
&lt;td&gt;&lt;code&gt;v1&lt;/code&gt;&lt;/td&gt;
&lt;/tr&gt;
&lt;tr&gt;
&lt;td&gt;componentName&lt;/td&gt;
&lt;td style=&#34;text-align:center&#34;&gt;n&lt;/td&gt;
&lt;td&gt;&lt;em&gt;(read-only)&lt;/em&gt; The name of the Dapr component that is generated and applied to the underlying system. Used by the Dapr SDKs or APIs to access the Dapr component.&lt;/td&gt;
&lt;td&gt;&lt;code&gt;mystatestore&lt;/code&gt;&lt;/td&gt;
&lt;/tr&gt;
&lt;/tbody&gt;
&lt;/table&gt;
&lt;h4 id=&#34;recipe&#34;&gt;Recipe&lt;/h4&gt;
&lt;table&gt;
&lt;thead&gt;
&lt;tr&gt;
&lt;th&gt;Property&lt;/th&gt;
&lt;th style=&#34;text-align:center&#34;&gt;Required&lt;/th&gt;
&lt;th&gt;Description&lt;/th&gt;
&lt;th&gt;Example(s)&lt;/th&gt;
&lt;/tr&gt;
&lt;/thead&gt;
&lt;tbody&gt;
&lt;tr&gt;
&lt;td&gt;name&lt;/td&gt;
&lt;td style=&#34;text-align:center&#34;&gt;n&lt;/td&gt;
&lt;td&gt;Specifies the name of the Recipe that should be deployed. If not set, the name defaults to &lt;code&gt;default&lt;/code&gt;.&lt;/td&gt;
&lt;td&gt;&lt;code&gt;name: &#39;azure-prod&#39;&lt;/code&gt;&lt;/td&gt;
&lt;/tr&gt;
&lt;tr&gt;
&lt;td&gt;parameters&lt;/td&gt;
&lt;td style=&#34;text-align:center&#34;&gt;n&lt;/td&gt;
&lt;td&gt;An object that contains a list of parameters to set on the Recipe.&lt;/td&gt;
&lt;td&gt;&lt;code&gt;{ version: &#39;v1&#39; }&lt;/code&gt;&lt;/td&gt;
&lt;/tr&gt;
&lt;/tbody&gt;
&lt;/table&gt;
&lt;h4 id=&#34;resources&#34;&gt;Resources&lt;/h4&gt;
&lt;table&gt;
&lt;thead&gt;
&lt;tr&gt;
&lt;th&gt;Property&lt;/th&gt;
&lt;th style=&#34;text-align:center&#34;&gt;Required&lt;/th&gt;
&lt;th&gt;Description&lt;/th&gt;
&lt;th&gt;Example(s)&lt;/th&gt;
&lt;/tr&gt;
&lt;/thead&gt;
&lt;tbody&gt;
&lt;tr&gt;
&lt;td&gt;id&lt;/td&gt;
&lt;td style=&#34;text-align:center&#34;&gt;n&lt;/td&gt;
&lt;td&gt;Resource ID of the supporting resource.&lt;/td&gt;
&lt;td&gt;&lt;code&gt;account::tableService::table.id&lt;/code&gt;&lt;/td&gt;
&lt;/tr&gt;
&lt;/tbody&gt;
&lt;/table&gt;
&lt;h2 id=&#34;resource-provisioning&#34;&gt;Resource provisioning&lt;/h2&gt;
&lt;h3 id=&#34;provision-with-a-recipe&#34;&gt;Provision with a Recipe&lt;/h3&gt;
&lt;p&gt;&lt;a href=&#34;https://docs.radapp.io/guides/recipes/howto-author-recipes/&#34;&gt;Recipes&lt;/a&gt; automate infrastructure provisioning using approved templates.
When no Recipe configuration is set Radius will use the Recipe registered as the &lt;strong&gt;default&lt;/strong&gt; in the environment for the given resource. Otherwise, a Recipe name and parameters can optionally be set.&lt;/p&gt;
&lt;h3 id=&#34;provision-manually&#34;&gt;Provision manually&lt;/h3&gt;
&lt;p&gt;If you want to manually manage your infrastructure provisioning outside of Recipes, you can set &lt;code&gt;resourceProvisioning&lt;/code&gt; to &lt;code&gt;&#39;manual&#39;&lt;/code&gt; and provide all necessary parameters and values and values that enable Radius to deploy or connect to the desired infrastructure.&lt;/p&gt;
&lt;h2 id=&#34;environment-variables-for-connections&#34;&gt;Environment variables for connections&lt;/h2&gt;
&lt;p&gt;Other Radius resources, such as &lt;a href=&#34;https://docs.radapp.io/guides/author-apps/containers/&#34;&gt;containers&lt;/a&gt;, may connect to a Dapr state store resource via &lt;a href=&#34;https://docs.radapp.io/concepts/application-graph/#connections-and-injected-values&#34;&gt;connections&lt;/a&gt;. When a connection to Dapr state store named, for example, &lt;code&gt;myconnection&lt;/code&gt; is declared, Radius injects values into environment variables that are then used to access the connected Dapr state store resource:&lt;/p&gt;
&lt;table&gt;
&lt;thead&gt;
&lt;tr&gt;
&lt;th&gt;Environment variable&lt;/th&gt;
&lt;th&gt;Example(s)&lt;/th&gt;
&lt;/tr&gt;
&lt;/thead&gt;
&lt;tbody&gt;
&lt;tr&gt;
&lt;td&gt;CONNECTION_MYCONNECTION_COMPONENTNAME&lt;/td&gt;
&lt;td&gt;&lt;code&gt;mystatestore&lt;/code&gt;&lt;/td&gt;
&lt;/tr&gt;
&lt;/tbody&gt;
&lt;/table&gt;

      </description>
    </item>
    
    <item>
      <title>Reference: Dapr Secret Store resource</title>
      <link>https://docs.radapp.io/reference/resource-schema/dapr-schema/dapr-secretstore/</link>
      <pubDate>Mon, 01 Jan 0001 00:00:00 +0000</pubDate>
      
      <guid>https://docs.radapp.io/reference/resource-schema/dapr-schema/dapr-secretstore/</guid>
      <description>
        
        
        &lt;h2 id=&#34;overview&#34;&gt;Overview&lt;/h2&gt;
&lt;p&gt;A &lt;code&gt;dapr.io/SecretStore&lt;/code&gt; resource represents a &lt;a href=&#34;https://docs.dapr.io/developing-applications/building-blocks/secrets/secrets-overview/&#34;&gt;Dapr secret store&lt;/a&gt; topic.&lt;/p&gt;
&lt;p&gt;This resource will automatically create and deploy the Dapr component spec for the secret store.&lt;/p&gt;
&lt;h2 id=&#34;resource-format&#34;&gt;Resource format&lt;/h2&gt;
&lt;ul class=&#34;nav nav-tabs&#34; id=&#34;tabs-0&#34; role=&#34;tablist&#34;&gt;&lt;li class=&#34;nav-item&#34;&gt;&lt;a class=&#34;nav-link active&#34;
    id=&#34;tabs-0-recipe-tab&#34; data-toggle=&#34;tab&#34; href=&#34;#tabs-0-recipe&#34; role=&#34;tab&#34;
    aria-controls=&#34;tabs-0-recipe&#34; aria-selected=&#34;true&#34;&gt;
    Recipe
  &lt;/a&gt;
  &lt;/li&gt;&lt;li class=&#34;nav-item&#34;&gt;&lt;a class=&#34;nav-link&#34;
    id=&#34;tabs-0-manual-tab&#34; data-toggle=&#34;tab&#34; href=&#34;#tabs-0-manual&#34; role=&#34;tab&#34;
    aria-controls=&#34;tabs-0-manual&#34; aria-selected=&#34;false&#34;&gt;
    Manual
  &lt;/a&gt;
  &lt;/li&gt;&lt;/ul&gt;


&lt;div class=&#34;tab-content&#34; id=&#34;tabs-0-content&#34;&gt;


&lt;div class=&#34;tab-pane fade show active&#34; id=&#34;tabs-0-recipe&#34; role=&#34;tabpanel&#34; aria-labelled-by=&#34;tabs-0-recipe-tab&#34;&gt;
&lt;br /&gt;












    
    
    


    

    

    

&lt;div class=&#34;highlight&#34;&gt;&lt;pre tabindex=&#34;0&#34; style=&#34;color:#f8f8f2;background-color:#272822;-moz-tab-size:4;-o-tab-size:4;tab-size:4;&#34;&gt;&lt;code class=&#34;language-bicep&#34; data-lang=&#34;bicep&#34;&gt;&lt;span style=&#34;display:flex;&#34;&gt;&lt;span&gt;&lt;span style=&#34;color:#66d9ef&#34;&gt;resource&lt;/span&gt; secretstore &lt;span style=&#34;color:#e6db74&#34;&gt;&amp;#39;Applications.Dapr/secretStores@2023-10-01-preview&amp;#39;&lt;/span&gt; = {
&lt;/span&gt;&lt;/span&gt;&lt;span style=&#34;display:flex;&#34;&gt;&lt;span&gt;  name: &lt;span style=&#34;color:#e6db74&#34;&gt;&amp;#39;secretstore-generic&amp;#39;&lt;/span&gt;
&lt;/span&gt;&lt;/span&gt;&lt;span style=&#34;display:flex;&#34;&gt;&lt;span&gt;  properties: {
&lt;/span&gt;&lt;/span&gt;&lt;span style=&#34;display:flex;&#34;&gt;&lt;span&gt;    environment: &lt;span style=&#34;color:#a6e22e&#34;&gt;environment&lt;/span&gt;
&lt;/span&gt;&lt;/span&gt;&lt;span style=&#34;display:flex;&#34;&gt;&lt;span&gt;    application: app.id
&lt;/span&gt;&lt;/span&gt;&lt;span style=&#34;display:flex;&#34;&gt;&lt;span&gt;    recipe: {
&lt;/span&gt;&lt;/span&gt;&lt;span style=&#34;display:flex;&#34;&gt;&lt;span&gt;      &lt;span style=&#34;color:#75715e&#34;&gt;// Name a specific Recipe to use&lt;/span&gt;
&lt;/span&gt;&lt;/span&gt;&lt;span style=&#34;display:flex;&#34;&gt;&lt;span&gt;      name: &lt;span style=&#34;color:#e6db74&#34;&gt;&amp;#39;secret-provider&amp;#39;&lt;/span&gt;
&lt;/span&gt;&lt;/span&gt;&lt;span style=&#34;display:flex;&#34;&gt;&lt;span&gt;      &lt;span style=&#34;color:#75715e&#34;&gt;// Optionally set recipe parameters if needed (specific to the Recipe)&lt;/span&gt;
&lt;/span&gt;&lt;/span&gt;&lt;span style=&#34;display:flex;&#34;&gt;&lt;span&gt;      parameters: {
&lt;/span&gt;&lt;/span&gt;&lt;span style=&#34;display:flex;&#34;&gt;&lt;span&gt;        &lt;span style=&#34;color:#75715e&#34;&gt;// ....&lt;/span&gt;
&lt;/span&gt;&lt;/span&gt;&lt;span style=&#34;display:flex;&#34;&gt;&lt;span&gt;      }
&lt;/span&gt;&lt;/span&gt;&lt;span style=&#34;display:flex;&#34;&gt;&lt;span&gt;    }
&lt;/span&gt;&lt;/span&gt;&lt;span style=&#34;display:flex;&#34;&gt;&lt;span&gt;  }
&lt;/span&gt;&lt;/span&gt;&lt;span style=&#34;display:flex;&#34;&gt;&lt;span&gt;}
&lt;/span&gt;&lt;/span&gt;&lt;/code&gt;&lt;/pre&gt;&lt;/div&gt;



&lt;/div&gt;

&lt;div class=&#34;tab-pane fade&#34; id=&#34;tabs-0-manual&#34; role=&#34;tabpanel&#34; aria-labelled-by=&#34;tabs-0-manual-tab&#34;&gt;
&lt;br /&gt;












    
    
    


    

    

    

&lt;div class=&#34;highlight&#34;&gt;&lt;pre tabindex=&#34;0&#34; style=&#34;color:#f8f8f2;background-color:#272822;-moz-tab-size:4;-o-tab-size:4;tab-size:4;&#34;&gt;&lt;code class=&#34;language-bicep&#34; data-lang=&#34;bicep&#34;&gt;&lt;span style=&#34;display:flex;&#34;&gt;&lt;span&gt;&lt;span style=&#34;color:#66d9ef&#34;&gt;resource&lt;/span&gt; secretstore &lt;span style=&#34;color:#e6db74&#34;&gt;&amp;#39;Applications.Dapr/secretStores@2023-10-01-preview&amp;#39;&lt;/span&gt; = {
&lt;/span&gt;&lt;/span&gt;&lt;span style=&#34;display:flex;&#34;&gt;&lt;span&gt;  name: &lt;span style=&#34;color:#e6db74&#34;&gt;&amp;#39;secretstore-generic&amp;#39;&lt;/span&gt;
&lt;/span&gt;&lt;/span&gt;&lt;span style=&#34;display:flex;&#34;&gt;&lt;span&gt;  properties: {
&lt;/span&gt;&lt;/span&gt;&lt;span style=&#34;display:flex;&#34;&gt;&lt;span&gt;    environment: &lt;span style=&#34;color:#a6e22e&#34;&gt;environment&lt;/span&gt;
&lt;/span&gt;&lt;/span&gt;&lt;span style=&#34;display:flex;&#34;&gt;&lt;span&gt;    application: app.id
&lt;/span&gt;&lt;/span&gt;&lt;span style=&#34;display:flex;&#34;&gt;&lt;span&gt;    resourceProvisioning: &lt;span style=&#34;color:#e6db74&#34;&gt;&amp;#39;manual&amp;#39;&lt;/span&gt;
&lt;/span&gt;&lt;/span&gt;&lt;span style=&#34;display:flex;&#34;&gt;&lt;span&gt;    type: &lt;span style=&#34;color:#e6db74&#34;&gt;&amp;#39;secretstores.azure.keyvault&amp;#39;&lt;/span&gt;
&lt;/span&gt;&lt;/span&gt;&lt;span style=&#34;display:flex;&#34;&gt;&lt;span&gt;    metadata: {
&lt;/span&gt;&lt;/span&gt;&lt;span style=&#34;display:flex;&#34;&gt;&lt;span&gt;      vaultName: &lt;span style=&#34;color:#e6db74&#34;&gt;&amp;#39;myvault&amp;#39;&lt;/span&gt;
&lt;/span&gt;&lt;/span&gt;&lt;span style=&#34;display:flex;&#34;&gt;&lt;span&gt;      azureTenantId: &lt;span style=&#34;color:#e6db74&#34;&gt;&amp;#39;&amp;lt;GUID&amp;gt;&amp;#39;&lt;/span&gt;
&lt;/span&gt;&lt;/span&gt;&lt;span style=&#34;display:flex;&#34;&gt;&lt;span&gt;      azureClientId: &lt;span style=&#34;color:#e6db74&#34;&gt;&amp;#39;&amp;lt;GUID&amp;gt;&amp;#39;&lt;/span&gt;
&lt;/span&gt;&lt;/span&gt;&lt;span style=&#34;display:flex;&#34;&gt;&lt;span&gt;      azureClientSecret: &lt;span style=&#34;color:#e6db74&#34;&gt;&amp;#39;*****&amp;#39;&lt;/span&gt;
&lt;/span&gt;&lt;/span&gt;&lt;span style=&#34;display:flex;&#34;&gt;&lt;span&gt;    }
&lt;/span&gt;&lt;/span&gt;&lt;span style=&#34;display:flex;&#34;&gt;&lt;span&gt;    version: &lt;span style=&#34;color:#e6db74&#34;&gt;&amp;#39;v1&amp;#39;&lt;/span&gt;
&lt;/span&gt;&lt;/span&gt;&lt;span style=&#34;display:flex;&#34;&gt;&lt;span&gt;  }
&lt;/span&gt;&lt;/span&gt;&lt;span style=&#34;display:flex;&#34;&gt;&lt;span&gt;}
&lt;/span&gt;&lt;/span&gt;&lt;/code&gt;&lt;/pre&gt;&lt;/div&gt;



&lt;/div&gt;


&lt;/div&gt;
&lt;h3 id=&#34;top-level&#34;&gt;Top-level&lt;/h3&gt;
&lt;table&gt;
&lt;thead&gt;
&lt;tr&gt;
&lt;th&gt;Key&lt;/th&gt;
&lt;th style=&#34;text-align:center&#34;&gt;Required&lt;/th&gt;
&lt;th&gt;Description&lt;/th&gt;
&lt;th&gt;Example&lt;/th&gt;
&lt;/tr&gt;
&lt;/thead&gt;
&lt;tbody&gt;
&lt;tr&gt;
&lt;td&gt;name&lt;/td&gt;
&lt;td style=&#34;text-align:center&#34;&gt;y&lt;/td&gt;
&lt;td&gt;The name of the resource. Names must contain at most 63 characters, contain only lowercase alphanumeric characters, &amp;lsquo;-&amp;rsquo;, or &amp;lsquo;.&amp;rsquo;, start with an alphanumeric character, and end with an alphanumeric character.&lt;/td&gt;
&lt;td&gt;&lt;code&gt;my-secretstore&lt;/code&gt;&lt;/td&gt;
&lt;/tr&gt;
&lt;tr&gt;
&lt;td&gt;location&lt;/td&gt;
&lt;td style=&#34;text-align:center&#34;&gt;y&lt;/td&gt;
&lt;td&gt;The location of your resource. See &lt;a href=&#34;https://docs.radapp.io/reference/resource-schema/#common-values&#34;&gt;common values&lt;/a&gt; for more information.&lt;/td&gt;
&lt;td&gt;&lt;code&gt;global&lt;/code&gt;&lt;/td&gt;
&lt;/tr&gt;
&lt;tr&gt;
&lt;td&gt;&lt;a href=&#34;#properties&#34;&gt;properties&lt;/a&gt;&lt;/td&gt;
&lt;td style=&#34;text-align:center&#34;&gt;y&lt;/td&gt;
&lt;td&gt;Properties of the resource.&lt;/td&gt;
&lt;td&gt;&lt;a href=&#34;#properties&#34;&gt;See below&lt;/a&gt;&lt;/td&gt;
&lt;/tr&gt;
&lt;/tbody&gt;
&lt;/table&gt;
&lt;h3 id=&#34;properties&#34;&gt;Properties&lt;/h3&gt;
&lt;table&gt;
&lt;thead&gt;
&lt;tr&gt;
&lt;th&gt;Key&lt;/th&gt;
&lt;th style=&#34;text-align:center&#34;&gt;Required&lt;/th&gt;
&lt;th&gt;Description&lt;/th&gt;
&lt;th&gt;Example&lt;/th&gt;
&lt;/tr&gt;
&lt;/thead&gt;
&lt;tbody&gt;
&lt;tr&gt;
&lt;td&gt;&lt;a href=&#34;#resource-provisioning&#34;&gt;resourceProvisioning&lt;/a&gt;&lt;/td&gt;
&lt;td style=&#34;text-align:center&#34;&gt;n&lt;/td&gt;
&lt;td&gt;Specifies how the underlying service/resource is provisioned and managed. Options are to provision automatically via &amp;lsquo;recipe&amp;rsquo; or provision manually via &amp;lsquo;manual&amp;rsquo;. Selection determines which set of fields to additionally require. Defaults to &amp;lsquo;recipe&amp;rsquo;.&lt;/td&gt;
&lt;td&gt;&lt;code&gt;manual&lt;/code&gt;&lt;/td&gt;
&lt;/tr&gt;
&lt;tr&gt;
&lt;td&gt;&lt;a href=&#34;#recipe&#34;&gt;recipe&lt;/a&gt;&lt;/td&gt;
&lt;td style=&#34;text-align:center&#34;&gt;n&lt;/td&gt;
&lt;td&gt;Configuration for the Recipe which will deploy the backing infrastructure.&lt;/td&gt;
&lt;td&gt;&lt;a href=&#34;#recipe&#34;&gt;See below&lt;/a&gt;&lt;/td&gt;
&lt;/tr&gt;
&lt;tr&gt;
&lt;td&gt;&lt;a href=&#34;#resources&#34;&gt;resources&lt;/a&gt;&lt;/td&gt;
&lt;td style=&#34;text-align:center&#34;&gt;n&lt;/td&gt;
&lt;td&gt;An array of IDs of the underlying resources.&lt;/td&gt;
&lt;td&gt;&lt;a href=&#34;#resources&#34;&gt;See below&lt;/a&gt;&lt;/td&gt;
&lt;/tr&gt;
&lt;tr&gt;
&lt;td&gt;type&lt;/td&gt;
&lt;td style=&#34;text-align:center&#34;&gt;n&lt;/td&gt;
&lt;td&gt;The Dapr component type. Used when resourceProvisioning is &lt;code&gt;manual&lt;/code&gt;.&lt;/td&gt;
&lt;td&gt;&lt;code&gt;secretstores.azure.keyvault&lt;/code&gt;&lt;/td&gt;
&lt;/tr&gt;
&lt;tr&gt;
&lt;td&gt;metadata&lt;/td&gt;
&lt;td style=&#34;text-align:center&#34;&gt;n&lt;/td&gt;
&lt;td&gt;Metadata for the Dapr component. Schema must match &lt;a href=&#34;https://docs.dapr.io/reference/components-reference/supported-secret-stores/&#34;&gt;Dapr component&lt;/a&gt;&lt;/td&gt;
&lt;td&gt;&lt;code&gt;vaultName: &#39;test&#39;&lt;/code&gt;&lt;/td&gt;
&lt;/tr&gt;
&lt;tr&gt;
&lt;td&gt;version&lt;/td&gt;
&lt;td style=&#34;text-align:center&#34;&gt;n&lt;/td&gt;
&lt;td&gt;The version of the Dapr component. See &lt;a href=&#34;https://docs.dapr.io/reference/components-reference/supported-secret-stores/&#34;&gt;Dapr components&lt;/a&gt; for available versions.&lt;/td&gt;
&lt;td&gt;&lt;code&gt;v1&lt;/code&gt;&lt;/td&gt;
&lt;/tr&gt;
&lt;tr&gt;
&lt;td&gt;componentName&lt;/td&gt;
&lt;td style=&#34;text-align:center&#34;&gt;n&lt;/td&gt;
&lt;td&gt;&lt;em&gt;(read-only)&lt;/em&gt; The name of the Dapr component that is generated and applied to the underlying system. Used by the Dapr SDKs or APIs to access the Dapr component.&lt;/td&gt;
&lt;td&gt;&lt;code&gt;mysecretstore&lt;/code&gt;&lt;/td&gt;
&lt;/tr&gt;
&lt;/tbody&gt;
&lt;/table&gt;
&lt;h4 id=&#34;recipe&#34;&gt;Recipe&lt;/h4&gt;
&lt;table&gt;
&lt;thead&gt;
&lt;tr&gt;
&lt;th&gt;Property&lt;/th&gt;
&lt;th style=&#34;text-align:center&#34;&gt;Required&lt;/th&gt;
&lt;th&gt;Description&lt;/th&gt;
&lt;th&gt;Example(s)&lt;/th&gt;
&lt;/tr&gt;
&lt;/thead&gt;
&lt;tbody&gt;
&lt;tr&gt;
&lt;td&gt;name&lt;/td&gt;
&lt;td style=&#34;text-align:center&#34;&gt;n&lt;/td&gt;
&lt;td&gt;Specifies the name of the Recipe that should be deployed. If not set, the name defaults to &lt;code&gt;default&lt;/code&gt;.&lt;/td&gt;
&lt;td&gt;&lt;code&gt;name: &#39;azure-prod&#39;&lt;/code&gt;&lt;/td&gt;
&lt;/tr&gt;
&lt;tr&gt;
&lt;td&gt;parameters&lt;/td&gt;
&lt;td style=&#34;text-align:center&#34;&gt;n&lt;/td&gt;
&lt;td&gt;An object that contains a list of parameters to set on the Recipe.&lt;/td&gt;
&lt;td&gt;&lt;code&gt;{ size: &#39;large&#39; }&lt;/code&gt;&lt;/td&gt;
&lt;/tr&gt;
&lt;/tbody&gt;
&lt;/table&gt;
&lt;h4 id=&#34;resources&#34;&gt;Resources&lt;/h4&gt;
&lt;table&gt;
&lt;thead&gt;
&lt;tr&gt;
&lt;th&gt;Property&lt;/th&gt;
&lt;th style=&#34;text-align:center&#34;&gt;Required&lt;/th&gt;
&lt;th&gt;Description&lt;/th&gt;
&lt;th&gt;Example(s)&lt;/th&gt;
&lt;/tr&gt;
&lt;/thead&gt;
&lt;tbody&gt;
&lt;tr&gt;
&lt;td&gt;id&lt;/td&gt;
&lt;td style=&#34;text-align:center&#34;&gt;n&lt;/td&gt;
&lt;td&gt;Resource ID of the supporting resource.&lt;/td&gt;
&lt;td&gt;&lt;code&gt;keyvault.id&lt;/code&gt;&lt;/td&gt;
&lt;/tr&gt;
&lt;/tbody&gt;
&lt;/table&gt;
&lt;h2 id=&#34;resource-provisioning&#34;&gt;Resource provisioning&lt;/h2&gt;
&lt;h3 id=&#34;provision-with-a-recipe&#34;&gt;Provision with a Recipe&lt;/h3&gt;
&lt;p&gt;&lt;a href=&#34;https://docs.radapp.io/guides/recipes/howto-author-recipes/&#34;&gt;Recipes&lt;/a&gt; automate infrastructure provisioning using approved templates.
When no Recipe configuration is set Radius will use the Recipe registered as the &lt;strong&gt;default&lt;/strong&gt; in the environment for the given resource. Otherwise, a Recipe name and parameters can optionally be set.&lt;/p&gt;
&lt;h3 id=&#34;provision-manually&#34;&gt;Provision manually&lt;/h3&gt;
&lt;p&gt;If you want to manually manage your infrastructure provisioning outside of Recipes, you can set &lt;code&gt;resourceProvisioning&lt;/code&gt; to &lt;code&gt;&#39;manual&#39;&lt;/code&gt; and provide all necessary parameters and values the enable Radius to deploy or connect to the desired infrastructure.&lt;/p&gt;
&lt;h2 id=&#34;environment-variables-for-connections&#34;&gt;Environment variables for connections&lt;/h2&gt;
&lt;p&gt;Other Radius resources, such as &lt;a href=&#34;https://docs.radapp.io/guides/author-apps/containers/&#34;&gt;containers&lt;/a&gt;, may connect to a Dapr secret store resource via &lt;a href=&#34;https://docs.radapp.io/concepts/application-graph/#connections-and-injected-values&#34;&gt;connections&lt;/a&gt;. When a connection to Dapr secret store named, for example, &lt;code&gt;myconnection&lt;/code&gt; is declared, Radius injects values into environment variables that are then used to access the connected Dapr secret store resource:&lt;/p&gt;
&lt;table&gt;
&lt;thead&gt;
&lt;tr&gt;
&lt;th&gt;Environment variable&lt;/th&gt;
&lt;th&gt;Example(s)&lt;/th&gt;
&lt;/tr&gt;
&lt;/thead&gt;
&lt;tbody&gt;
&lt;tr&gt;
&lt;td&gt;CONNECTION_MYCONNECTION_COMPONENTNAME&lt;/td&gt;
&lt;td&gt;&lt;code&gt;mysecretstore&lt;/code&gt;&lt;/td&gt;
&lt;/tr&gt;
&lt;/tbody&gt;
&lt;/table&gt;

      </description>
    </item>
    
  </channel>
</rss>
