<rss version="2.0" xmlns:atom="http://www.w3.org/2005/Atom">
  <channel>
    <title>Radius Docs – Maintainer guides for Radius</title>
    <link>https://docs.radapp.io/community/maintainers/</link>
    <description>Recent content in Maintainer guides for Radius on Radius Docs</description>
    <generator>Hugo -- gohugo.io</generator>
    <language>en-us</language>
    
	  <atom:link href="https://docs.radapp.io/community/maintainers/index.xml" rel="self" type="application/rss+xml" />
    
    
      
        
      
    
    
    <item>
      <title>Community: How-To: Maintain the Radius docs</title>
      <link>https://docs.radapp.io/community/maintainers/docs-maintainers/</link>
      <pubDate>Mon, 01 Jan 0001 00:00:00 +0000</pubDate>
      
      <guid>https://docs.radapp.io/community/maintainers/docs-maintainers/</guid>
      <description>
        
        
        &lt;p&gt;In this guide, you’ll learn how to perform routine Radius docs maintainer and approver responsibilities. In order to successfully accomplish these tasks, you need either approver or maintainer status in the &lt;a href=&#34;https://github.com/radius-project/docs&#34;&gt;&lt;code&gt;radius-project/docs&lt;/code&gt;&lt;/a&gt; repo.&lt;/p&gt;
&lt;p&gt;To learn how to contribute to Radius docs, review the &lt;a href=&#34;https://docs.radapp.io/community/contributing/docs/&#34;&gt;Contributor guide&lt;/a&gt;.&lt;/p&gt;
&lt;h2 id=&#34;branch-guidance&#34;&gt;Branch guidance&lt;/h2&gt;
&lt;p&gt;The Radius docs handles branching differently than most code repositories. Instead of a &lt;code&gt;main&lt;/code&gt; branch, every branch is labeled to match the major and minor version of a runtime release, plus an &lt;code&gt;edge&lt;/code&gt; branch for in-flight work. For example, the &lt;code&gt;v1.0&lt;/code&gt; branch contains the docs for the &lt;code&gt;v1.0&lt;/code&gt; release. The &lt;code&gt;edge&lt;/code&gt; branch contains the latest in-flight work.&lt;/p&gt;
&lt;h3 id=&#34;managing-content-between-branches&#34;&gt;Managing content between branches&lt;/h3&gt;
&lt;p&gt;As a docs approver or maintainer, you need to perform routine &lt;strong&gt;upmerges&lt;/strong&gt; to keep the pre-release &lt;code&gt;edge&lt;/code&gt; branch aligned with updates to the current release branch. It is recommended to upmerge the current branch into the pre-release branch on a weekly basis.&lt;/p&gt;
&lt;p&gt;For the following steps, treat &lt;code&gt;v1.0&lt;/code&gt; as the current release and &lt;code&gt;edge&lt;/code&gt; as the pre-release branch.&lt;/p&gt;
&lt;ol&gt;
&lt;li&gt;
&lt;p&gt;Open Visual Studio Code to the Radius docs repo.&lt;/p&gt;
&lt;/li&gt;
&lt;li&gt;
&lt;p&gt;From your local repo, switch to the latest branch (&lt;code&gt;v1.0&lt;/code&gt;) and synchronize changes:&lt;/p&gt;
&lt;div class=&#34;highlight&#34;&gt;&lt;pre tabindex=&#34;0&#34; style=&#34;color:#f8f8f2;background-color:#272822;-moz-tab-size:4;-o-tab-size:4;tab-size:4;&#34;&gt;&lt;code class=&#34;language-bash&#34; data-lang=&#34;bash&#34;&gt;&lt;span style=&#34;display:flex;&#34;&gt;&lt;span&gt;git pull upstream v1.0
&lt;/span&gt;&lt;/span&gt;&lt;span style=&#34;display:flex;&#34;&gt;&lt;span&gt;git push origin v1.0
&lt;/span&gt;&lt;/span&gt;&lt;/code&gt;&lt;/pre&gt;&lt;/div&gt;&lt;/li&gt;
&lt;li&gt;
&lt;p&gt;Switch to the upcoming branch (&lt;code&gt;edge&lt;/code&gt;) and synchronize changes:&lt;/p&gt;
&lt;div class=&#34;highlight&#34;&gt;&lt;pre tabindex=&#34;0&#34; style=&#34;color:#f8f8f2;background-color:#272822;-moz-tab-size:4;-o-tab-size:4;tab-size:4;&#34;&gt;&lt;code class=&#34;language-bash&#34; data-lang=&#34;bash&#34;&gt;&lt;span style=&#34;display:flex;&#34;&gt;&lt;span&gt;git pull upstream edge
&lt;/span&gt;&lt;/span&gt;&lt;span style=&#34;display:flex;&#34;&gt;&lt;span&gt;git push origin edge
&lt;/span&gt;&lt;/span&gt;&lt;/code&gt;&lt;/pre&gt;&lt;/div&gt;&lt;/li&gt;
&lt;li&gt;
&lt;p&gt;Create a new branch from &lt;code&gt;edge&lt;/code&gt;:&lt;/p&gt;
&lt;div class=&#34;highlight&#34;&gt;&lt;pre tabindex=&#34;0&#34; style=&#34;color:#f8f8f2;background-color:#272822;-moz-tab-size:4;-o-tab-size:4;tab-size:4;&#34;&gt;&lt;code class=&#34;language-bash&#34; data-lang=&#34;bash&#34;&gt;&lt;span style=&#34;display:flex;&#34;&gt;&lt;span&gt;git checkout -b upmerge_MM-DD
&lt;/span&gt;&lt;/span&gt;&lt;/code&gt;&lt;/pre&gt;&lt;/div&gt;&lt;/li&gt;
&lt;li&gt;
&lt;p&gt;Open a terminal and stage a merge from the latest release into the upmerge branch:&lt;/p&gt;
&lt;div class=&#34;highlight&#34;&gt;&lt;pre tabindex=&#34;0&#34; style=&#34;color:#f8f8f2;background-color:#272822;-moz-tab-size:4;-o-tab-size:4;tab-size:4;&#34;&gt;&lt;code class=&#34;language-bash&#34; data-lang=&#34;bash&#34;&gt;&lt;span style=&#34;display:flex;&#34;&gt;&lt;span&gt;git merge --no-ff --no-commit v1.0
&lt;/span&gt;&lt;/span&gt;&lt;/code&gt;&lt;/pre&gt;&lt;/div&gt;&lt;/li&gt;
&lt;li&gt;
&lt;p&gt;Make sure included files look accurate. Inspect any merge conflicts in VS Code. Remove configuration changes or version information that does not need to be merged. Examples of files that usually shouldn&amp;rsquo;t be merged:&lt;/p&gt;
&lt;ul&gt;
&lt;li&gt;docs/config.toml&lt;/li&gt;
&lt;li&gt;docs/layouts/partials/hooks/body-end.html&lt;/li&gt;
&lt;li&gt;docsy sub-module&lt;/li&gt;
&lt;/ul&gt;
&lt;/li&gt;
&lt;li&gt;
&lt;p&gt;Commit the staged changes and push to the upmerge branch (&lt;code&gt;upmerge_MM-DD&lt;/code&gt;).&lt;/p&gt;
&lt;/li&gt;
&lt;li&gt;
&lt;p&gt;Open a PR from the upmerge branch to the upcoming release branch (&lt;code&gt;edge&lt;/code&gt;).&lt;/p&gt;
&lt;/li&gt;
&lt;li&gt;
&lt;p&gt;Review the PR and double check that no unintended changes were pushed to the upmerge branch.&lt;/p&gt;
&lt;/li&gt;
&lt;/ol&gt;

      </description>
    </item>
    
  </channel>
</rss>
