<rss version="2.0" xmlns:atom="http://www.w3.org/2005/Atom">
  <channel>
    <title>Radius Docs – Radius Tooling</title>
    <link>https://docs.radapp.io/guides/tooling/</link>
    <description>Recent content in Radius Tooling on Radius Docs</description>
    <generator>Hugo -- gohugo.io</generator>
    <language>en-us</language>
    
	  <atom:link href="https://docs.radapp.io/guides/tooling/index.xml" rel="self" type="application/rss+xml" />
    
    
      
        
      
    
    
    <item>
      <title>Guides: rad CLI</title>
      <link>https://docs.radapp.io/guides/tooling/rad-cli/</link>
      <pubDate>Mon, 01 Jan 0001 00:00:00 +0000</pubDate>
      
      <guid>https://docs.radapp.io/guides/tooling/rad-cli/</guid>
      <description>
        
        
        
      </description>
    </item>
    
    <item>
      <title>Guides: Visual Studio Code tooling</title>
      <link>https://docs.radapp.io/guides/tooling/vscode/</link>
      <pubDate>Mon, 01 Jan 0001 00:00:00 +0000</pubDate>
      
      <guid>https://docs.radapp.io/guides/tooling/vscode/</guid>
      <description>
        
        
        
      </description>
    </item>
    
  </channel>
</rss>
