<rss version="2.0" xmlns:atom="http://www.w3.org/2005/Atom">
  <channel>
    <title>Radius Docs – VSCode</title>
    <link>https://docs.radapp.io/tags/vscode/</link>
    <description>Recent content in VSCode on Radius Docs</description>
    <generator>Hugo -- gohugo.io</generator>
    <language>en-us</language>
    
	  <atom:link href="https://docs.radapp.io/tags/vscode/index.xml" rel="self" type="application/rss+xml" />
    
    
      
        
      
    
    
    <item>
      <title>Guides: Overview: Using Radius in Visual Studio Code</title>
      <link>https://docs.radapp.io/guides/tooling/vscode/overview/</link>
      <pubDate>Mon, 01 Jan 0001 00:00:00 +0000</pubDate>
      
      <guid>https://docs.radapp.io/guides/tooling/vscode/overview/</guid>
      <description>
        
        
        &lt;p&gt;When using Visual Studio Code with Radius there are a set of extensions you can install to help author, validate, and manage your Radius Applications and environments.&lt;/p&gt;
&lt;h2 id=&#34;radius-bicep-extension&#34;&gt;Radius Bicep extension&lt;/h2&gt;
&lt;p&gt;The Radius Bicep extension provides formatting, intellisense, and validation for Bicep templates.&lt;/p&gt;
&lt;img src=&#34;vscode-bicep.png&#34; alt=&#34;Screenshot of the Radius Bicep extension showing available Radius resource types&#34; width=600px &gt;
&lt;br /&gt;&lt;br/&gt;









&lt;a class=&#34;btn  btn-primary&#34; href=&#34;https://docs.radapp.io/guides/tooling/vscode/howto-vscode-bicep/&#34; role=&#34;button&#34;&gt;Radius Bicep guide&lt;/a&gt;&lt;br /&gt;
&lt;br /&gt;


&lt;div class=&#34;alert alert-secondary&#34; role=&#34;alert&#34;&gt;
&lt;h4 class=&#34;alert-heading&#34;&gt;Note&lt;/h4&gt;

    &lt;p&gt;The Radius Bicep extension is a temporary extension that exists to model Radius and AWS resource types. Radius Bicep extension will be deprecated once we upstream our extensibility updates to the official Bicep. Stay tuned for updates.&lt;/p&gt;
&lt;p&gt;&lt;strong&gt;The Radius Bicep extension is not compatible with the official Bicep extension.&lt;/strong&gt; If you have the official Bicep extension installed you will need to disable or uninstall it before installing the Radius Bicep extension.&lt;/p&gt;


&lt;/div&gt;

&lt;h2 id=&#34;terraform-extension&#34;&gt;Terraform extension&lt;/h2&gt;
&lt;p&gt;When authoring &lt;a href=&#34;https://docs.radapp.io/guides/recipes/overview/&#34;&gt;Terraform Recipes&lt;/a&gt; you can use the HashiCorp Terraform extension to help author, validate, and manage your Terraform templates.&lt;/p&gt;









&lt;a class=&#34;btn  btn-primary&#34; href=&#34;https://marketplace.visualstudio.com/items?itemName=hashicorp.terraform&#34; role=&#34;button&#34;target=&#34;_blank&#34;&gt;Terraform extension&lt;/a&gt;&lt;br /&gt;
&lt;br /&gt;

      </description>
    </item>
    
    <item>
      <title>Guides: How-To: Install the Radius-Bicep VSCode extension</title>
      <link>https://docs.radapp.io/guides/tooling/vscode/howto-vscode-bicep/</link>
      <pubDate>Mon, 01 Jan 0001 00:00:00 +0000</pubDate>
      
      <guid>https://docs.radapp.io/guides/tooling/vscode/howto-vscode-bicep/</guid>
      <description>
        
        
        

&lt;p&gt;Visual Studio Code offers the best authoring experience for Radius and Bicep. Download and install the Radius Bicep extension to easily author and validate Bicep templates:&lt;/p&gt;


&lt;div class=&#34;alert alert-warning&#34; role=&#34;alert&#34;&gt;
&lt;h4 class=&#34;alert-heading&#34;&gt;Disable the official Bicep extension&lt;/h4&gt;

    You can only have one VSCode Bicep extension installed at a time. To build on Radius, you will need to uninstall the official Bicep and use only the Radius Bicep extension.

&lt;/div&gt;

&lt;ol&gt;
&lt;li&gt;
&lt;p&gt;To install the Radius Bicep extension, search for Radius Bicep in the Extensions tab in VSCode or in the &lt;a href=&#34;https://marketplace.visualstudio.com/items?itemName=ms-azuretools.rad-vscode-bicep&amp;amp;ssr=false#overview&#34;&gt;Visual Studio marketplace&lt;/a&gt;&lt;/p&gt;
   &lt;img src=&#34;https://docs.radapp.io/installation/vscode-bicep/images/radius-bicep.png&#34; alt=&#34;Screenshot of Radius Bicep extension in VSCode Marketplace &#34; width=500px&gt;
&lt;/li&gt;
&lt;li&gt;
&lt;p&gt;Select Install&lt;/p&gt;
&lt;/li&gt;
&lt;/ol&gt;
&lt;p&gt;To verify you&amp;rsquo;ve installed the extension, open any file with the .bicep file extension and start &lt;a href=&#34;https://docs.radapp.io/guides/author-apps/&#34;&gt;authoring Radius application&lt;/a&gt; to verify the auto-complete and other validation features.&lt;/p&gt;




To try out an unstable release visit the [edge docs](https://edge.docs.radapp.io).





      </description>
    </item>
    
  </channel>
</rss>
